744.9615 759.0554 761.9152 758.0743 750.3397 758.7553 757.3481 749.7922 742.8756 724.4261 715.9443 720.9395 733.7711 753.8515 758.2270 764.9743 770.6205 764.7815 756.2367 756.1796 765.3910 760.5037 773.7869 795.2635 795.5182 800.6049 801.7402 777.5425 775.7352 788.6838 794.8128 811.1701 807.3479 783.8967 783.4092 806.4848 806.4553 787.6449 763.3849 755.4450 773.4965 771.4995 750.6262 759.9282 781.1948 780.5516 762.1708 742.8264 752.4240 770.4875 780.4175 762.8668 744.5296 734.1083 733.6669 732.1104 739.8315 746.1017 755.3453 765.1870 755.6072 743.4727 736.8818 749.9291 754.8764 754.4730 769.8206 781.5298 767.0219 755.2950 763.7573 753.5538 733.9465 719.0905 713.1082 712.7758 715.7868 719.8428 732.0572 742.0682 740.4325 728.5093 720.8027 717.9935 715.4705 713.7817 711.7068 711.0794 711.5243 711.9557 715.3178 734.1332 733.7189 718.9883 717.5516 737.6378 751.2054 745.4987 724.4965 715.2150 715.6450 719.3516 733.6869 764.4708 793.2494 781.1960 753.2672 738.4634 732.2733 745.1096 746.2383 744.8267 758.6557 761.1802 743.1862 732.3899 728.7984 727.0393 727.7748 727.7126 735.1976 759.1686 762.0207 764.8285 782.9296 775.5847 743.3627 733.5313
749.8845 766.5751 768.0272 765.4141 761.0297 761.7266 759.0993 753.4760 747.4380 725.3184 719.1759 727.1759 735.3320 749.1301 762.3299 770.7119 776.2324 773.2852 766.4620 761.9336 777.0740 773.1849 771.1624 788.3621 804.3387 816.0395 813.3515 789.5782 792.9171 798.7490 809.8952 818.6152 805.6511 786.8860 792.6169 813.3542 807.0028 787.5941 762.5848 772.3860 791.4372 772.7092 751.8179 761.0704 776.7518 780.4124 768.9942 749.9474 755.5817 773.9865 776.1499 755.3233 738.6187 736.6683 736.8344 736.2379 748.1115 761.5466 770.6379 771.5464 763.6384 747.9105 737.7921 757.8841 774.2126 767.4320 770.5955 781.2458 768.7354 763.4816 768.1728 755.1315 736.9816 721.4991 714.0016 713.1403 715.1842 719.5759 732.6029 746.7640 748.3165 736.6617 726.5448 722.1355 722.3112 720.9259 715.9351 711.3989 710.6226 711.1420 711.8187 712.0496 712.9643 712.6501 713.2187 718.6415 722.0056 718.3972 716.8732 717.7999 718.5764 718.0372 725.0966 759.3923 773.3027 770.6103 749.1841 728.9630 731.7491 743.6689 748.1320 755.6497 762.3494 739.1288 726.3320 728.1589 730.4754 728.9646 731.5023 729.8753 733.1073 759.8156 772.8210 778.4575 783.3751 767.1544 738.2333 730.5287
738.4075 753.1397 760.0066 766.8873 766.4445 758.7953 753.5330 747.2943 736.7548 723.0473 719.6623 729.2743 739.0409 753.8281 765.4805 773.4977 783.4670 787.6454 780.5718 769.8441 772.5935 779.8929 774.2966 778.4902 806.1243 827.9828 823.8571 806.0194 823.6478 813.3565 817.2828 821.5612 798.8565 796.8617 806.2709 812.8364 794.3831 772.9414 763.6060 784.5643 799.9907 772.2078 762.6581 765.3467 777.9189 781.3763 777.8007 770.9492 763.0450 776.6119 774.1359 745.3594 739.6203 748.7145 753.9812 750.7660 744.6763 750.7907 764.6498 773.7603 776.7595 757.5365 741.2049 752.4984 773.9183 782.3769 787.9307 782.3975 771.5632 770.2772 761.3560 754.1755 738.8306 721.2987 714.4653 713.8891 715.7642 717.5988 728.4417 747.7661 755.6783 748.2966 738.5278 731.1292 729.3495 728.0905 721.2285 716.2449 715.0042 713.2293 714.0135 714.3151 715.6637 715.3795 714.2954 713.8577 714.1277 716.2830 723.1641 723.9049 720.8544 718.2757 721.0725 742.7701 746.2463 756.5754 753.5119 728.6229 731.4243 755.6318 765.7783 753.2290 741.0764 728.0906 725.3193 733.9806 745.2795 744.8251 742.1338 735.6743 727.8450 733.7560 749.7808 771.9979 768.6175 744.0102 732.5977 732.1486
733.9920 739.4018 747.4949 760.4127 770.7549 768.6671 757.2299 744.7835 737.4722 729.0836 723.2906 722.4083 728.8698 741.1404 753.9933 760.7781 776.0125 787.8765 790.9202 783.5777 777.4352 785.9255 789.0731 790.8931 798.6867 819.9051 824.9628 819.7087 839.6170 825.5139 824.3113 827.6645 811.4351 821.1669 828.9754 816.6658 795.3177 786.2319 773.4197 785.1243 799.0770 775.1022 778.1925 773.1764 778.5729 788.8207 784.9929 783.2137 775.8964 782.0013 776.2112 746.5098 745.3380 759.4931 769.0427 768.3568 754.2162 744.4662 746.7514 756.8602 772.6808 766.2111 747.4302 747.6685 755.6485 770.9672 782.2226 782.6503 779.8405 772.2166 751.6860 741.3621 731.9274 719.8196 715.2617 714.4298 715.4089 716.9141 726.0793 745.3517 762.4069 761.7630 752.0210 742.7000 737.3655 734.7899 725.0016 724.8304 729.1873 726.8938 729.4075 727.7540 721.3802 719.6790 719.9415 717.5063 718.3796 724.7777 732.2275 729.3441 724.9682 719.7980 719.0414 722.2411 735.0079 753.9146 741.8687 724.6506 726.0955 741.9130 744.5546 729.1072 723.3926 723.9413 726.3159 741.2738 759.2175 756.1199 748.5032 741.5865 727.3577 725.3233 737.3413 756.5838 743.2805 730.6609 732.0992 740.6686
752.0845 755.9692 746.8098 752.3758 770.4127 779.9285 776.9034 763.9841 751.3190 742.1585 736.7136 733.5184 731.2930 730.7534 741.1926 752.0246 768.5087 785.9452 797.0213 796.4312 789.3116 794.5609 811.5951 817.6602 811.2764 817.8165 824.8874 832.4106 846.1533 834.1991 830.4186 830.3900 827.1445 854.2723 863.2496 838.9564 830.2467 809.8323 784.4072 788.6441 794.4813 780.2100 789.4120 793.0089 790.7692 797.1174 796.7317 784.8826 787.4525 790.1164 775.0262 752.5001 752.8427 762.4305 775.3777 782.4052 770.5255 760.7593 758.9662 760.5752 777.9013 769.9243 751.4567 759.3777 761.9325 762.5524 773.0053 779.4013 779.5612 762.0965 743.7480 733.9818 728.7928 721.5594 719.6809 715.4288 715.1035 715.4904 722.7964 743.4020 763.8716 771.0520 764.0193 753.9697 746.4479 741.7743 730.4759 726.8724 736.8133 739.3113 741.2043 736.8455 724.7637 724.8958 734.4979 736.8008 741.1618 744.8418 743.9517 736.2343 728.5419 721.1201 718.7824 719.4212 728.7039 746.3287 730.1603 722.5519 721.9579 722.4570 723.1730 724.1656 724.8200 725.3529 729.7042 744.8328 760.9967 761.8295 753.6636 745.3760 731.9703 726.5869 733.0214 739.8876 730.8622 731.4468 741.8862 760.7215
768.3260 771.9124 760.6705 752.9796 767.2240 783.0817 788.3373 778.2437 757.2574 757.6536 751.8256 751.1240 743.7153 730.1193 735.2368 745.6630 760.4576 780.1537 797.7709 805.4298 800.2276 792.0353 811.4826 833.8989 847.6572 843.9061 843.2375 854.9771 862.5522 868.2005 855.9802 842.5491 838.6651 871.9642 897.7559 887.7103 873.5956 839.2557 803.1271 802.1410 795.8229 794.1178 818.5450 825.2257 822.3145 818.8245 808.8385 787.5975 783.3101 779.2450 761.9498 756.7806 758.4175 762.6085 779.6611 793.2753 787.7662 779.0563 769.1319 757.4830 777.1851 776.4345 766.0289 776.3697 778.3674 765.6971 767.9670 766.8043 768.8179 765.2676 758.2070 747.9296 733.7554 724.8128 725.5821 717.2372 714.7202 715.3958 717.4800 728.8216 746.8662 764.1468 770.5589 765.4112 756.6498 749.0099 734.5229 731.1976 742.9304 746.5195 746.7903 742.7463 731.9265 726.0144 740.7252 752.2822 755.3272 756.8929 752.6619 741.7449 730.4586 722.5455 720.5630 719.0671 720.6074 728.3704 722.8637 721.1288 722.0993 724.2183 725.2946 732.9203 730.6968 729.4136 735.7696 751.0215 770.0339 776.0710 765.0499 750.1901 738.6678 730.3115 729.5594 730.3408 730.9112 738.0833 751.1392 770.7657
777.8036 779.8436 770.3157 761.9863 767.8295 782.6839 792.6752 782.1481 767.2104 773.7301 766.8554 769.8704 756.4982 736.7495 738.9946 751.2096 759.7792 776.2738 791.5278 795.3665 793.0266 790.9587 806.4395 839.6398 883.1159 893.3723 890.2051 907.9843 902.5643 908.6279 888.8665 876.8306 857.1497 870.1890 921.8299 938.3327 898.8217 847.3168 819.1784 814.7895 802.8356 806.1820 837.5700 844.7771 834.6508 814.6639 790.1124 775.5376 773.1119 767.0955 756.5804 762.3842 762.8311 769.7313 789.5881 802.4221 799.9604 789.0270 773.6959 756.2358 769.0115 784.9151 780.3148 794.5724 799.8077 781.2328 773.5414 762.4594 754.4496 751.9421 753.9423 745.2053 730.7462 727.2908 727.4498 723.9481 718.7960 718.8076 716.8044 717.6702 725.6256 740.9774 757.5488 771.4327 767.3170 755.6472 737.3106 736.4284 752.6509 757.6799 755.8881 751.9339 737.7393 725.9421 739.7463 756.4136 762.7894 764.5338 759.6459 747.7630 735.0243 724.9700 720.4830 719.9354 720.3062 720.1339 720.2766 722.0024 725.7158 733.2567 730.8472 735.0790 739.9627 744.0842 748.3055 760.9193 782.9214 787.9728 773.7224 754.1743 737.4788 731.7104 732.6894 736.2745 740.3861 739.1730 753.7565 766.9952
782.6422 784.2516 775.2686 771.1013 770.3322 782.1315 795.8351 793.9489 784.6038 782.0216 778.3458 769.3583 755.0581 740.8812 741.0286 760.4257 768.1928 770.3255 781.6554 778.8875 783.7582 797.7826 818.7623 844.6808 901.4564 954.0281 962.9333 976.0196 957.4635 952.7562 931.8922 936.2243 906.5542 880.3463 929.3586 962.4600 924.8008 873.7686 850.0034 838.2847 822.2036 820.4603 845.7062 848.8602 822.5432 791.3114 779.5175 779.2568 784.0259 771.3123 761.4436 763.4634 771.1530 783.4844 801.5565 811.1595 809.4143 796.0747 774.1904 755.8277 760.6591 775.8412 785.8991 801.3474 818.9373 808.2726 788.4772 782.3984 761.8317 745.9564 739.3143 736.0975 736.1082 731.9046 730.1088 730.4685 726.0195 727.4039 718.9924 717.1893 720.1198 735.6288 755.0261 769.5165 763.5055 749.7023 735.7164 736.8619 757.2509 769.9664 767.7764 756.7335 737.2049 727.7697 736.5413 745.2188 762.2196 771.8217 767.9754 753.6718 739.7753 728.7360 722.0681 722.4711 723.8584 722.5854 722.1759 723.9969 725.7368 740.2696 741.0544 738.7804 744.4223 757.2042 765.6558 776.7749 793.3467 788.4503 767.6849 749.4720 735.1658 736.6654 745.6684 746.3594 757.3082 747.0759 744.0713 753.2624
795.6144 791.6986 782.5598 786.8432 776.8140 778.3929 793.8765 804.4588 799.0093 777.4080 760.1079 752.0036 746.1816 734.6510 734.7227 749.9382 761.3041 760.6365 764.1896 766.1940 780.7117 805.6373 860.6175 900.5610 921.8809 972.1110 999.0289 1026.9598 1022.8607 1011.2025 1004.9807 1009.1805 953.9232 900.2191 914.5793 973.6606 965.2504 913.3730 892.9136 858.6167 845.8956 837.2285 839.1302 830.7802 801.8495 789.4775 792.3675 802.1368 797.1975 775.6546 769.3094 765.4863 769.0042 785.4702 805.2598 814.0239 807.9942 788.7124 766.9427 766.9879 772.4102 775.8308 785.0109 805.9186 825.7152 841.2877 823.2542 802.9157 769.9404 749.9388 741.5065 745.3619 746.0100 739.2211 733.8925 731.4836 730.5054 733.4709 721.3386 717.6943 720.7281 737.9799 754.4505 762.6838 755.7184 742.4758 744.0793 738.6766 751.9912 775.7621 775.3439 753.8915 733.9100 734.2745 751.7746 743.8766 751.2260 771.4673 775.3335 755.9001 744.3745 734.8004 726.5543 732.6273 738.2040 734.7689 731.9526 731.3270 726.9353 735.2343 750.0323 746.3087 753.3718 752.3625 766.6348 788.6902 805.5952 787.4227 761.2783 748.7662 736.2049 744.0414 762.2662 753.9378 765.0085 762.8387 745.6487 757.4121
802.9597 798.6835 796.5814 804.1083 799.1242 787.3595 790.3253 807.4523 808.9769 778.8989 757.8582 764.4235 764.4716 751.2329 748.6661 743.7843 742.2227 740.6415 741.1190 758.7961 780.1443 812.2867 873.2690 927.1448 935.0983 946.8642 985.8287 1031.7767 1068.0376 1077.4929 1065.9347 1030.0165 995.9395 962.2419 921.7537 966.0796 993.8234 965.5123 926.3046 889.0334 876.3411 859.8449 832.2836 814.5801 799.9538 802.6202 811.1144 817.4291 807.4818 790.4121 784.1226 784.5071 773.7349 773.3635 787.0090 805.1562 793.4329 777.5480 778.8250 784.9843 778.9825 784.0156 786.1346 805.7682 821.8180 856.4736 870.5707 828.0734 781.7148 752.5765 746.5206 758.8000 758.7733 749.8832 742.7863 735.6307 734.1876 737.5601 729.1393 719.2722 720.0250 730.7339 747.6920 763.4586 768.1526 759.3782 760.6971 745.5524 743.5290 766.7772 773.8974 756.2735 734.7475 735.3014 754.6873 756.3862 749.8863 766.7051 777.4011 761.9503 759.3079 741.4728 732.2940 755.5506 767.2521 756.3432 745.7217 738.2443 729.0508 728.9203 754.5900 755.1494 762.1598 768.7938 758.6574 770.2297 795.4211 800.9382 771.4002 756.6873 741.0801 742.5118 762.8432 768.5906 772.8392 777.0867 755.5629 769.0468
809.2985 806.9345 812.1718 819.8762 814.1634 797.8480 795.6098 811.8423 813.0890 780.2018 771.4245 785.3336 789.0842 770.2098 778.9976 780.5226 774.9230 752.1835 745.2073 773.8376 799.2487 821.0552 860.3168 916.0089 963.3229 962.2220 989.2615 1035.3878 1085.1095 1114.6924 1099.5725 1068.8175 1060.8920 1011.7007 950.6132 973.7348 1019.0892 1006.2314 970.6768 953.9869 936.1316 888.0700 853.7986 827.8548 812.1639 818.0882 830.0186 832.5746 822.4067 807.4219 796.0601 793.8065 783.4208 776.8365 780.8185 800.9652 796.8063 776.4966 792.8653 801.3413 785.2590 789.9572 792.3867 810.1489 834.7201 860.3564 884.8212 850.5909 806.4809 769.9214 757.2878 772.8088 774.6801 762.7494 749.1260 738.4788 739.6512 737.5957 730.6824 721.0455 722.3755 728.6570 744.5966 752.6185 761.1042 763.0859 755.2544 742.1216 744.8740 762.9558 761.8231 746.3135 733.0305 743.6992 754.0304 766.8746 763.1236 775.1314 779.6816 772.2183 764.4277 739.5809 740.4814 770.7193 786.5263 774.6769 756.2522 746.6379 733.7834 736.4372 762.6685 769.6559 759.3392 776.5859 780.5668 787.8669 795.9745 804.8925 793.6609 772.3417 749.4067 745.0237 751.3284 782.6223 796.8869 786.2160 761.5199 766.0628
816.2230 811.9995 821.3586 827.8070 817.4865 806.7761 807.9681 830.8300 830.4000 794.7845 794.6281 809.1399 807.7333 791.4823 794.1896 811.5754 797.9662 754.6036 754.8887 787.2205 812.0994 835.1753 869.4504 928.1251 997.8052 1008.7256 1012.5461 1064.2449 1109.3418 1129.5942 1134.1693 1122.3009 1093.6853 1025.4385 988.7564 998.4943 1044.9510 1059.6263 1034.4766 1030.7263 1010.9689 944.3306 888.7794 848.9737 830.5811 843.0166 853.6440 838.4843 824.5043 806.2692 791.7061 784.5928 780.0757 780.8159 787.7252 798.8669 801.0911 783.8975 803.6541 816.4798 800.5399 807.2256 807.5909 827.2299 862.8860 870.3478 896.1221 887.6963 858.4305 808.5284 773.7711 775.9095 773.5080 758.1435 743.7241 743.1658 743.5180 733.4571 725.1579 722.3986 722.3999 726.5994 734.6099 744.6870 756.6616 761.7402 752.0367 746.2465 749.2114 763.8794 764.4422 748.9883 734.4515 745.5580 765.3840 770.4625 767.6462 784.4170 779.4202 758.1098 746.3033 735.9625 739.3154 755.6113 765.0706 780.1894 772.7098 755.9893 735.7468 753.2691 785.1734 788.7675 774.8212 773.2966 795.6604 810.2866 806.9605 796.7477 777.7578 761.1872 763.8433 761.0128 755.5543 784.1332 795.5158 796.6255 782.5038 779.9578
839.3696 829.3287 843.4078 839.6216 827.0373 819.8278 824.9980 841.1427 830.3296 821.0860 813.4098 810.0617 813.8459 814.1240 818.2899 813.9861 791.3098 760.5695 763.2803 791.4029 821.1032 854.8865 900.7112 953.1906 1015.7648 1059.5181 1044.7334 1071.5558 1115.5267 1140.9020 1146.2820 1109.9583 1062.6766 1024.2731 1048.2124 1054.7480 1056.5933 1095.5206 1094.0428 1082.2944 1052.8905 1000.3007 941.0692 881.5293 849.7186 863.6364 856.5831 823.7293 813.3970 814.4342 811.1329 799.6703 797.7817 798.2569 798.0048 795.5420 801.4138 796.2478 800.6843 822.2768 810.6295 809.4298 819.1488 837.0198 875.0607 884.0984 894.1385 910.0388 902.6302 854.8474 791.9632 761.3008 754.8966 744.9266 747.1749 754.1062 744.5566 731.7245 724.6489 723.1113 720.8474 722.7830 729.9285 748.9268 765.1104 770.9766 767.9198 764.6342 763.4141 768.0217 765.5054 751.3198 739.5381 742.5087 759.1320 758.5424 765.0757 792.8882 786.7615 763.5184 757.1370 744.5836 731.9641 740.3890 750.1155 776.6400 785.7828 765.7430 741.5987 743.3392 761.9298 785.8395 789.0244 780.1926 790.4145 809.5912 819.1132 807.8398 775.4402 771.4012 786.9431 772.1591 754.0740 761.7118 772.8806 790.2067 795.0390 805.8259
863.6192 853.5245 869.2906 860.4463 849.2665 843.6804 845.8339 848.6789 842.0597 849.2695 830.8569 816.5879 819.2216 832.6147 838.1648 830.5435 818.7916 785.6536 770.6997 794.0948 830.9012 874.2879 944.1768 1010.5355 1064.7954 1108.9167 1100.7798 1101.1074 1116.0962 1134.6311 1138.5189 1096.0203 1045.0179 1042.9066 1071.0034 1083.0269 1065.6067 1069.5292 1066.0593 1062.3706 1041.3577 993.9399 943.4513 892.5889 862.9033 862.6375 831.7932 812.9832 811.5935 836.0560 843.3065 827.5677 833.7603 827.3105 817.0397 806.6644 810.0657 812.0764 804.8084 826.8472 829.4153 807.9164 807.7939 824.0627 858.2851 881.7980 867.1536 883.1465 900.3624 872.1655 805.1504 764.3776 755.6237 747.6725 758.0307 757.6557 742.9048 730.2543 725.0864 723.5331 722.7890 728.8683 741.5833 761.9792 763.7675 773.1584 780.2087 781.0110 780.6130 775.0955 755.5297 743.6509 754.0683 753.9619 742.9019 750.0797 770.2386 792.5461 778.6785 766.5939 763.1361 741.1465 733.1554 746.9858 760.3536 766.6318 770.7090 767.5646 755.4793 735.6392 739.4084 763.8265 772.0250 782.4064 788.3986 791.8860 811.5886 807.0356 780.6609 786.9368 791.0301 767.4052 759.0958 753.3090 756.0028 774.8279 795.6624 815.1949
890.4509 886.0496 907.7029 895.5919 885.9339 883.7975 872.4865 867.6020 871.3202 873.3527 869.6542 854.0034 841.8264 861.8268 867.0803 876.0255 852.6877 809.7677 785.5778 819.8879 885.2656 933.6009 984.2014 1019.8632 1062.6067 1106.0021 1125.7924 1126.3868 1136.2115 1128.8976 1109.8838 1090.0819 1068.4888 1082.2572 1086.0011 1069.2633 1039.5771 1019.9581 1004.7963 998.6516 986.7231 959.4858 915.7327 892.1837 875.2568 846.8989 842.3957 840.4380 827.0240 859.3782 871.0284 844.6359 870.7225 875.6488 841.1847 827.7267 836.9506 834.9038 824.6356 837.6668 838.0735 814.8091 821.9694 841.5301 859.0139 863.1827 840.4736 840.6686 868.3782 874.3784 832.7026 795.6479 769.0081 755.5142 763.5822 748.5152 734.1977 730.6357 730.2781 726.1241 726.4224 738.0976 753.6896 775.2405 781.1926 778.2101 771.0088 779.4077 785.0219 763.4468 749.8746 750.9019 771.1747 766.6302 749.1223 762.5853 775.0201 785.1728 767.8408 751.5546 744.2136 734.9228 745.8312 752.1980 767.5422 779.2001 764.7547 756.3270 746.9802 744.6729 750.7296 746.3699 758.2144 770.6658 774.8870 790.5344 810.5352 815.1302 798.4839 793.6931 777.0356 773.7292 782.6874 767.9548 756.0351 766.3414 775.4014 783.4892
945.3010 946.7869 961.1209 949.1827 935.9018 937.6055 928.6852 921.8809 927.0065 927.6363 935.1245 899.5397 876.2869 910.9019 924.5247 930.7596 895.6163 853.3595 815.9485 864.0059 943.2625 958.3294 952.1765 955.1914 995.6726 1045.1348 1078.4625 1083.3472 1107.6597 1088.8745 1077.1511 1103.8423 1129.0444 1143.7781 1143.1071 1118.0469 1064.8359 1008.1876 978.4117 961.1960 942.9778 929.6302 946.2041 941.0289 890.4808 851.0477 858.9087 850.6814 842.9417 883.8831 891.0391 858.5704 887.3276 914.3392 874.3157 870.9928 889.4694 881.7244 855.1077 843.8889 832.6763 830.3887 837.1861 866.2827 879.8745 859.8766 828.3678 819.6908 823.2169 846.7739 851.3509 825.5505 782.2980 765.7568 763.1639 742.4047 736.1137 738.9370 743.0838 737.5093 730.4171 729.9374 733.0328 757.7930 769.0472 761.1191 766.8348 779.9735 778.3594 761.4001 765.9579 757.7218 775.4891 772.1602 754.4239 766.8434 788.0146 781.7786 763.6674 765.5321 752.1479 740.8444 767.4203 776.8705 774.8761 787.7269 776.7372 764.2277 748.2905 757.0073 771.4716 757.6734 745.2542 760.7430 793.6799 811.8988 808.6406 811.5801 817.4053 799.4300 791.6490 804.4989 804.0276 778.6404 766.2279 782.2202 781.0790 780.1556
1010.9520 1011.7393 1011.7086 1006.6724 1003.2378 1013.9285 1022.0132 1000.6775 994.0447 989.6146 991.6121 944.6898 931.2503 972.7333 998.9908 966.9720 924.2226 883.5939 853.1180 867.6766 915.3368 910.7232 909.3569 919.0211 943.6647 973.1017 1008.3226 1026.5062 1052.3597 1048.4430 1078.1272 1099.5085 1121.0020 1157.5840 1166.4095 1143.2034 1093.2029 1054.1449 1031.9880 1009.1479 977.3884 977.9225 989.4222 962.4695 903.6439 865.9435 871.3760 865.1721 860.3900 905.5676 922.1706 887.9952 879.2021 905.7944 899.7612 899.0502 932.1206 928.8700 886.4600 856.3624 852.8751 845.1061 843.1834 861.8871 860.1109 847.9463 832.7784 803.9954 784.8179 796.8729 823.4675 834.4396 805.6287 779.0138 757.7295 740.0828 746.3922 755.8975 761.1074 752.5148 739.1733 735.8112 738.6945 739.7367 750.9362 767.6639 786.8368 797.7491 791.8954 784.5964 787.3068 770.3209 778.7601 774.1219 758.1742 774.6566 790.6021 792.0897 781.5934 774.1432 751.3531 742.0995 769.8640 776.1118 779.1009 790.9272 772.6431 755.3013 745.0242 754.2938 778.2732 775.5875 758.1884 754.5244 766.5785 784.7422 782.6420 791.4580 815.8294 814.0762 819.9302 818.9163 808.0164 780.6187 773.8754 799.8389 805.1998 792.5270
1060.7606 1069.5479 1070.3130 1069.8074 1074.5801 1082.6124 1096.2927 1092.0701 1088.4885 1072.4312 1047.7313 994.5137 966.5245 1006.2132 1054.2323 1023.4838 985.4539 946.9432 917.6425 895.8927 882.6539 891.7072 936.5001 961.6973 958.2492 977.6318 989.9198 989.9144 1012.8756 1028.7256 1045.1246 1059.3512 1077.3589 1105.6492 1121.4574 1127.0330 1124.0326 1115.8750 1093.2916 1052.1538 1022.0790 1022.0412 999.5627 955.8553 917.5656 894.4010 902.8253 892.7020 874.7369 902.7169 944.4312 924.5176 885.4457 876.1622 892.7086 911.7652 953.6140 953.6930 899.0641 879.0771 897.7077 886.2371 848.3645 838.5542 830.5372 830.5808 846.3542 814.6697 784.1714 769.7957 782.3888 806.3577 796.1734 773.4744 750.8691 748.6683 763.1017 773.9597 772.2347 755.7073 740.5219 739.9659 746.2436 744.1805 738.5024 756.0136 781.5236 796.7786 796.4343 794.8708 798.1796 790.2878 790.0005 774.7745 761.6262 783.8699 802.4396 792.5171 776.4220 759.4568 749.7087 744.8096 750.4901 759.2641 780.6803 794.6920 773.8016 760.8578 754.6479 751.3066 766.3086 782.4573 773.5459 761.4889 754.5779 750.9365 762.8396 778.4999 797.5158 822.5906 833.8271 808.6066 792.8644 786.9901 777.8828 802.8048 822.7780 815.9005
1052.8960 1083.3728 1103.2772 1113.2622 1123.1857 1131.1115 1135.1523 1133.7781 1132.6656 1119.5984 1080.8271 1033.6510 1017.4839 1050.0266 1084.3496 1059.8621 1018.2637 973.3185 940.5067 929.7775 913.3743 898.4822 955.5540 1010.0569 1023.5788 1035.2374 1039.3613 1033.6364 1052.5625 1050.9115 1060.8967 1057.9825 1057.0137 1069.8582 1082.4059 1095.7427 1127.3223 1151.6320 1128.5046 1092.5802 1057.7043 1030.7706 998.6176 964.3361 946.1032 936.6886 942.6998 914.4390 888.0804 895.9282 947.0410 952.2781 923.3976 892.2394 891.7177 913.9733 972.4647 986.4935 946.1093 925.7352 931.2258 917.0941 868.0427 827.2526 813.2538 812.1945 838.2410 832.9482 799.6110 770.4690 760.4307 766.4857 762.6378 754.6777 755.8422 769.1779 782.5906 784.2711 766.6684 741.3580 737.3987 742.1965 751.7347 756.0511 743.6075 741.3926 758.3442 775.9194 779.7084 784.5233 792.2124 808.3060 808.2547 792.4415 780.3219 793.9320 803.0607 773.8611 758.7090 752.8942 768.7791 759.2905 743.9160 761.7363 777.3983 791.1996 781.9344 777.7893 768.3230 750.8073 768.0640 789.4409 787.3312 769.8766 761.1170 748.3892 761.6213 769.7209 779.6440 814.2047 835.8297 808.7028 796.6558 803.8568 784.4313 779.7460 796.1639 800.7560
1014.4891 1048.8844 1079.5842 1111.3224 1128.4110 1137.1281 1145.3773 1144.7212 1133.9728 1107.3804 1063.6531 1046.6708 1069.4441 1094.4695 1100.5277 1066.6515 1017.8610 994.9115 993.0261 992.4351 962.7649 917.1106 928.2051 987.1957 1040.7279 1083.8864 1085.9774 1086.5887 1092.6451 1078.1661 1090.9550 1102.5664 1107.7308 1119.2594 1125.4414 1121.0779 1137.0504 1162.6365 1133.5873 1082.8828 1051.6556 1024.6173 999.2396 977.4265 960.1565 953.2475 936.9954 906.6299 888.1063 902.3655 954.7355 979.0117 946.6174 919.4816 928.8486 932.6726 976.1896 1019.7711 1012.0966 977.9409 932.4806 892.1235 854.5057 828.3881 818.5959 814.1516 812.9556 826.5688 810.8946 781.9829 761.4210 767.1606 772.6967 768.5739 775.5488 787.3746 790.1877 779.0021 755.8853 734.6284 738.6549 749.4833 759.0634 750.4360 740.8371 734.9905 742.1305 761.1211 778.3501 782.4162 779.1473 799.3307 803.4138 799.9220 801.3702 811.7252 798.0689 780.8506 776.6050 770.5108 783.7942 764.4318 745.7441 758.4138 767.5964 782.4526 798.8501 787.0291 770.0196 752.0610 773.2456 805.3260 799.2433 785.4271 771.5860 756.7056 770.2521 770.3077 779.2274 803.1204 825.1108 803.6578 813.3499 823.1009 800.3670 774.7250 782.4821 794.1819
947.4976 994.7470 1036.4417 1077.8658 1113.8458 1137.1466 1145.2651 1139.0557 1119.8070 1090.4565 1060.4619 1055.4401 1087.5166 1099.6611 1080.4713 1045.4182 1031.5577 1037.6970 1062.3785 1053.7048 1015.8646 961.7940 917.7264 950.0601 1013.5991 1076.3765 1104.7063 1121.3409 1131.5549 1126.9384 1120.7816 1147.4005 1169.8700 1173.1058 1162.4774 1165.2051 1169.1302 1184.7799 1164.7727 1112.5959 1072.4087 1042.7993 1015.5385 995.3864 973.6806 943.5124 915.1702 898.7764 890.9408 908.5995 949.9765 985.2841 967.1813 947.8616 952.9247 948.9708 976.9636 1019.9898 1036.7292 996.5824 945.4702 893.1191 854.5742 845.0910 844.8567 828.5925 805.2728 801.5502 801.5523 784.7030 771.7067 787.9477 795.8450 787.8609 780.3169 778.2529 772.8439 757.2374 745.2427 735.2266 747.6597 758.1074 758.9554 740.3676 735.4718 745.7610 757.2441 756.8631 764.1694 763.7244 759.7647 769.8951 777.5807 790.0344 800.7144 816.2780 811.0718 813.1851 805.6605 799.1065 793.7928 764.2987 747.5229 768.1312 779.4264 786.6281 799.4919 778.2715 761.1776 753.4299 774.7020 807.9711 812.9187 804.3348 780.3344 760.2677 782.1890 790.3114 806.4974 815.9075 821.3641 812.6066 822.6413 823.7599 795.1298 779.5625 787.9306 803.1913
913.9579 960.8283 1003.1603 1050.5725 1092.2872 1117.9521 1132.1387 1128.7001 1114.2892 1086.3344 1073.8201 1067.5055 1078.3408 1090.8977 1080.4672 1071.0223 1083.7079 1087.5640 1110.5524 1105.4100 1066.8777 1006.9225 939.8521 962.4420 1015.0679 1044.2739 1079.1282 1118.5360 1153.4844 1163.8367 1159.2964 1156.4150 1170.0836 1158.7548 1126.3018 1129.2539 1136.9821 1167.4385 1164.5438 1138.4812 1101.0309 1066.2758 1026.9208 997.6479 980.5909 977.8693 947.1644 911.4324 900.0606 905.3422 933.1093 978.7930 991.9903 966.5493 974.1569 971.2924 972.4623 1009.8132 1038.2847 1003.4367 947.8207 905.9391 881.1375 889.2834 876.9129 838.6284 808.2277 803.1574 795.5591 790.6909 796.7506 799.2368 783.4362 770.9171 760.1108 750.9696 749.8789 743.0440 740.0618 746.8937 763.2412 769.1119 761.1824 744.8680 739.1877 760.9313 774.6850 768.1982 764.0459 768.6348 763.3743 762.7181 780.5193 797.5887 809.0915 825.6135 825.5555 818.3228 811.2095 794.3091 779.6385 759.7770 750.4111 757.0952 766.0786 781.4542 790.3677 779.3740 778.5336 769.6459 767.4611 797.8745 823.1240 809.0918 781.2888 760.9193 774.6664 797.6296 817.7028 841.4307 839.5991 832.2476 825.6812 812.1106 789.0585 793.0492 806.2056 816.9412
890.5098 924.7657 975.1446 1024.7219 1062.2806 1077.0275 1081.5823 1097.7880 1106.6851 1098.8861 1102.5542 1091.6957 1086.4260 1111.3881 1124.0865 1120.7122 1132.3529 1143.8911 1151.2695 1143.1721 1100.6083 1028.2129 952.5469 952.5022 984.9434 1012.7489 1042.1749 1080.1768 1121.8042 1149.3413 1150.3923 1116.4841 1117.9259 1102.3101 1080.4249 1082.4557 1093.9843 1113.3549 1125.3477 1144.1147 1139.2826 1099.4822 1049.4772 1012.2284 1016.3273 1019.0295 993.3080 959.0327 926.1957 913.7854 922.3474 964.9587 1002.9288 990.5428 996.0514 998.1240 980.1221 1005.5780 1031.9080 1005.4688 965.1450 959.6611 941.0301 943.6816 895.9383 852.9445 838.6586 839.0132 820.9921 794.5312 798.1317 788.8249 765.4740 752.9509 746.8425 743.3231 744.9720 749.5264 751.6142 769.0208 778.7451 779.3317 763.4340 746.8433 737.9903 755.8326 772.7119 776.2656 774.4022 774.4504 768.5430 762.2831 777.9343 787.0858 795.5128 816.6879 818.6943 796.2911 782.9114 770.4952 766.8268 756.9811 764.5995 766.3022 762.0252 778.1821 784.9919 794.3925 799.0208 778.0555 761.0349 781.0136 807.3643 806.0870 784.7540 766.3254 760.0350 781.4485 812.2617 840.1202 833.4926 833.2706 829.2521 812.6196 793.2468 804.2278 820.5931 834.5132
913.1165 917.0574 949.3687 992.5203 1011.1595 1011.2913 1025.3209 1056.3922 1084.6279 1108.8986 1124.8708 1123.1411 1119.1304 1131.4838 1143.9951 1149.6622 1157.1757 1163.1158 1154.7678 1121.3794 1057.8755 1002.6539 958.5438 985.8463 1016.7278 1001.3986 1018.6831 1056.1722 1090.6118 1106.1121 1094.6152 1065.0210 1060.0400 1061.8207 1062.0223 1066.6162 1069.8685 1073.4552 1094.9226 1125.4724 1128.2551 1102.5717 1056.2180 1043.7369 1071.6934 1072.1006 1041.9852 999.9402 967.7993 945.8289 935.6897 968.9210 1011.0419 1017.3430 1018.2363 1027.6174 1012.9586 1020.4654 1038.2013 1017.5830 1006.2189 1004.7463 998.4514 973.3554 912.6993 886.6188 866.8268 846.8322 819.4479 787.2015 777.3715 772.2659 757.3771 747.3149 744.9072 750.2848 760.3173 770.8167 768.8980 781.1106 789.8592 784.8320 763.8247 745.3862 739.9365 749.5607 761.2822 773.9390 778.8369 784.7991 778.7490 762.7963 769.2424 777.9260 787.4389 799.4299 816.9679 802.6580 783.7784 789.6403 786.4953 764.1291 778.4037 782.1946 763.8172 770.2604 782.3235 799.4790 806.7773 785.4016 761.5480 773.0302 796.5941 804.1053 788.1341 771.7758 755.7062 765.4714 795.0107 815.5067 799.4245 815.5809 839.9691 831.2352 801.9823 798.0951 813.5060 839.3499
979.2302 960.2686 940.4565 940.5445 957.1307 975.3529 1018.9380 1063.5667 1104.3566 1131.2836 1146.2380 1147.8267 1140.3508 1152.6150 1167.8615 1173.0973 1178.3615 1181.6488 1164.2200 1121.4269 1055.3312 997.8879 969.7579 1007.2538 1034.2439 1015.9639 1011.8641 1036.9301 1057.6030 1051.4749 1044.1030 1050.4111 1064.6265 1096.4266 1110.9003 1116.6545 1101.1671 1080.4517 1096.8712 1116.3868 1097.3043 1075.3022 1050.8599 1064.0044 1102.0239 1105.6444 1065.6396 1031.7711 1013.2736 981.0310 968.0238 986.2581 1014.8086 1013.9592 1022.7205 1027.4012 1033.4773 1034.2465 1054.9553 1058.4951 1042.4375 1026.1199 1033.4980 1002.2733 959.6833 910.8181 871.3475 840.7950 819.7139 794.6962 769.0475 760.4616 755.9407 749.6902 752.8259 763.2942 778.0858 788.2910 780.7043 788.5528 791.1442 774.4867 755.4359 740.2972 747.2007 765.0970 761.8215 769.8925 788.0542 788.5461 774.3975 762.7058 769.4752 782.9412 794.3286 810.4871 829.2358 816.3456 808.0137 804.7602 786.3556 762.2470 777.3300 793.4903 776.9303 770.9852 793.5790 802.4016 798.9117 777.8725 762.5245 780.2603 808.5710 808.2607 790.4130 774.3069 760.9178 768.2324 779.0843 780.9980 790.8496 824.8837 846.4869 826.6702 804.6916 810.4406 822.1733 850.1922
1059.1252 1021.6262 990.8613 962.2509 976.1634 967.4319 986.4191 1033.3955 1076.3926 1123.9357 1156.7203 1162.4857 1153.7323 1163.4657 1183.4518 1187.5033 1191.7505 1192.2145 1158.7834 1102.8013 1048.4208 1003.8030 998.7791 1027.9332 1059.1478 1058.6091 1038.8218 1020.1807 1022.5473 1043.2888 1067.4806 1103.2762 1132.3179 1159.1725 1163.5885 1152.6351 1119.3710 1098.8712 1097.3091 1108.2751 1088.9188 1065.2413 1068.9249 1090.7599 1116.6520 1095.3318 1054.0295 1044.8446 1042.0107 1018.3922 1017.5675 1017.2361 1008.1832 985.8217 998.6871 997.7739 996.3739 1007.9589 1042.3411 1077.5739 1069.8845 1045.8188 1055.7719 1055.9904 1013.7037 964.1270 918.8939 874.6548 841.3015 802.0894 769.3366 760.2227 761.7772 760.9235 771.7015 781.0891 792.4189 798.9742 793.0094 791.3589 774.2286 753.1741 742.2488 740.1642 746.4601 770.1116 778.2418 774.8303 789.8273 788.1107 770.9995 762.0278 766.8149 785.9866 804.5145 831.6053 860.4703 849.6705 822.2513 809.6412 787.7542 774.1941 773.2205 793.3459 791.0403 774.2466 784.7463 799.0135 797.8049 778.7992 765.2793 772.6424 800.5606 823.6644 808.0219 784.0144 766.8600 784.8809 798.4760 786.1428 789.7864 820.0002 840.3799 839.6942 824.9867 840.1039 850.4293 852.5786
1121.7332 1097.2112 1043.3450 1023.7629 1049.6796 1025.0481 1005.2292 994.9333 1020.2532 1096.6255 1149.2667 1167.0339 1166.3462 1173.5574 1190.0898 1192.6183 1190.0959 1168.8918 1133.2880 1083.6819 1039.0154 1015.4516 1025.7800 1057.4128 1101.0419 1111.0193 1083.4365 1050.0422 1031.1935 1051.4349 1088.7135 1119.0618 1136.0497 1136.3038 1146.0775 1167.4059 1149.3759 1131.7814 1116.5157 1123.2999 1102.0559 1080.8195 1097.1616 1111.5249 1117.5692 1093.8464 1070.4052 1067.9735 1066.4318 1053.4840 1033.6702 1025.7847 1015.4214 977.4762 983.3490 981.3211 960.2993 987.2118 993.5696 1029.5826 1061.2883 1074.2632 1075.5867 1054.7113 1023.0543 1002.9059 968.5175 908.5948 856.4863 804.9677 769.7918 758.1972 759.1113 772.6263 779.8557 793.7100 802.2871 806.2630 796.9970 779.6704 758.0200 750.3652 755.5808 749.0382 740.1938 761.3546 789.9261 795.1328 801.9546 788.7412 774.9102 769.4087 767.8105 771.7524 784.8856 822.9518 863.3737 852.7221 812.3450 804.3037 799.1516 783.7991 775.2219 790.0933 799.9736 780.6227 782.6700 801.3165 797.4173 784.9769 766.8690 770.6569 794.0214 819.7786 809.6245 783.0737 773.5038 803.1008 818.3406 797.9517 782.0560 798.5673 826.3544 846.0388 844.2799 857.6235 863.2164 840.2877
1135.5135 1123.4044 1073.6511 1076.8237 1110.2136 1106.8425 1092.0229 1057.9326 1028.2629 1063.7997 1115.4733 1145.6921 1158.1948 1174.2122 1188.5461 1191.7172 1188.4961 1150.8583 1100.8651 1065.0570 1041.9380 1038.2649 1047.3405 1080.9806 1126.5458 1154.8928 1125.0591 1087.0115 1059.2930 1053.4745 1056.6855 1066.9218 1084.1808 1103.6736 1155.5864 1197.4174 1193.4358 1169.1046 1137.8666 1139.4269 1109.3564 1090.0138 1108.6661 1107.8875 1085.4050 1073.7527 1065.8154 1054.6443 1045.9752 1021.1328 992.4012 993.0220 1009.3380 973.5095 957.4263 946.8208 928.0538 941.2510 945.2846 966.7754 1013.2474 1067.4241 1077.6519 1040.3463 994.2117 957.3543 946.9970 925.8598 873.4356 807.6093 768.1603 761.2427 771.2761 788.7269 787.0273 783.4466 783.5583 780.7001 777.5131 753.8898 746.4515 761.2589 767.8134 754.7958 742.6191 759.1100 773.7648 781.9216 800.5350 787.2062 778.3795 779.2605 778.6346 769.9858 770.0073 790.2886 818.4342 816.1557 794.3400 797.0594 806.4341 801.0037 790.1053 790.2537 801.1367 802.0120 792.2544 806.4276 811.8305 790.5047 768.2925 774.7347 794.0731 808.4449 797.3157 775.6877 779.6407 809.8102 829.7222 823.2251 808.0344 790.7170 797.9672 826.1000 852.3047 851.6573 840.7501 827.2391
1146.6086 1132.0175 1094.3420 1121.6412 1148.1403 1157.1890 1144.4187 1106.6862 1072.4462 1047.2355 1062.0055 1088.8040 1119.1650 1139.0599 1157.2213 1174.6903 1180.1014 1145.6195 1097.9839 1052.3204 1063.1653 1065.6080 1072.2250 1103.5725 1147.7616 1174.6089 1144.1456 1103.5439 1102.7396 1094.8130 1083.3732 1059.4183 1064.0453 1098.2625 1141.3400 1178.6449 1200.4202 1199.0522 1174.3337 1153.3274 1110.9139 1110.0068 1110.3201 1085.1018 1056.1464 1036.6281 1024.8627 1013.2446 1007.0760 978.1983 950.5214 950.5618 970.7507 964.6464 929.7028 905.2024 890.7131 891.3973 900.4004 928.3849 972.1007 1021.3318 1023.6606 988.3303 978.5696 938.2200 888.9321 878.8016 866.5104 815.9626 776.0513 764.3074 779.8769 805.4523 795.5453 774.6185 762.4728 750.5356 748.3131 751.5231 755.6008 763.0737 770.1055 759.9072 745.3289 748.1487 761.3378 779.7341 799.2440 796.9444 792.8282 792.6111 793.6626 784.1604 777.9022 774.0134 774.6853 774.5143 773.8474 791.1701 809.2164 814.9862 813.0878 798.5241 811.0276 831.4066 816.1312 807.8611 805.9578 783.8596 768.9312 778.6887 800.1526 818.0676 805.9692 778.7047 775.9125 788.2379 808.9728 830.4046 832.5821 810.4731 818.2394 828.4069 855.7906 852.1165 827.6467 810.9405
1162.6255 1142.5875 1115.6113 1145.7952 1163.9464 1171.3623 1156.4513 1130.9276 1116.3970 1075.8788 1072.4777 1073.8284 1082.0447 1098.9192 1129.6871 1161.0525 1149.3096 1108.0885 1069.0232 1047.2570 1073.1439 1091.1876 1122.4343 1141.7239 1164.7360 1173.5227 1136.3986 1118.9904 1130.3445 1136.9797 1107.1584 1076.3927 1087.6133 1090.4054 1101.5867 1120.1420 1150.6268 1166.0725 1162.6707 1145.4583 1129.1448 1128.6890 1102.1616 1076.0647 1056.9291 1043.2655 1037.5079 1024.1947 1019.5757 996.8320 973.9008 948.1149 925.6108 924.8993 906.8030 878.9251 863.3375 868.1191 885.6519 910.1768 940.1275 976.8824 991.8205 951.4474 915.3942 901.7207 865.8737 828.7451 817.3104 797.7418 786.0601 777.1154 791.8818 814.5035 797.3534 777.1280 762.5715 749.0479 751.1523 761.6559 774.1633 769.9156 774.1703 768.6102 753.8291 747.5045 767.7117 778.9513 788.5953 801.3694 803.0065 801.3725 804.1794 796.0022 793.5043 787.0798 774.7985 776.0343 773.8375 775.3915 789.2733 815.3347 825.0336 809.7571 809.4768 825.2195 824.3192 813.6370 798.9226 783.2055 774.9125 778.9117 805.7050 833.5193 817.8710 784.5301 787.6967 795.8687 800.3572 826.2661 842.8958 835.6373 859.7321 867.1082 891.3226 883.6281 854.1484 816.5802
1168.5225 1156.7661 1142.4890 1164.9576 1176.4290 1178.1869 1160.6642 1151.8202 1151.6144 1104.8347 1098.3876 1115.5521 1098.6287 1098.7546 1115.9974 1130.0143 1104.1293 1068.5165 1046.0074 1052.1133 1077.4667 1117.5615 1159.4525 1177.9277 1186.2550 1173.1564 1149.1086 1158.7145 1168.7574 1151.6705 1118.4089 1106.5735 1121.6487 1121.8165 1106.6987 1100.6538 1109.7756 1118.9203 1121.5973 1128.8928 1145.9794 1148.5212 1116.8481 1090.6964 1086.0590 1071.4805 1064.9604 1057.5824 1053.8680 1019.6516 1008.1113 974.5941 946.3033 917.5292 897.6960 878.5714 850.2336 849.3679 866.9030 888.1774 911.2998 921.4801 937.6553 926.6890 896.4125 861.3406 835.7686 806.9066 789.0844 780.6086 783.8385 793.6609 807.4593 817.6075 791.0281 767.5842 752.6658 753.4674 761.6968 774.1218 785.9910 783.6933 783.1221 779.0025 763.9006 747.9934 749.9412 754.2223 770.9891 790.2779 802.4550 794.7820 801.6245 810.5773 811.5005 799.2100 782.9239 789.8909 782.3273 771.8953 777.5159 799.9748 806.5059 802.3126 799.1089 805.1171 819.4943 825.1178 805.3755 794.6098 794.3728 790.6359 791.5226 820.7665 813.3635 786.4596 786.7386 817.1762 819.6232 846.0310 885.6438 899.6581 927.0161 939.7088 955.1880 932.7870 886.4895 848.8110
1168.6960 1168.8514 1157.9463 1172.1455 1185.1418 1187.5350 1175.8105 1172.4241 1166.9952 1123.4760 1132.6570 1149.3031 1139.4321 1135.6569 1110.5568 1086.0887 1068.5110 1058.7390 1051.8235 1065.6331 1088.8390 1108.8969 1147.1841 1187.5399 1202.3475 1180.5760 1175.1403 1189.4884 1177.1158 1141.5052 1135.6575 1115.9866 1119.2292 1135.2410 1123.1417 1105.0582 1114.9984 1126.8412 1121.7803 1140.9552 1159.3160 1173.3292 1156.7451 1145.6782 1142.0686 1122.5110 1118.1982 1106.8451 1083.4767 1052.0081 1042.3608 1016.6133 1006.7849 975.1567 949.7510 920.9010 867.5731 830.9741 842.2208 864.0146 872.6111 881.3327 898.5231 886.1978 887.5829 865.4802 829.1343 805.0464 792.1699 783.4039 784.8608 798.4481 797.3937 798.9668 775.2462 761.3185 757.1887 751.4561 758.7812 777.4704 796.6417 800.3639 790.3709 775.2052 758.5032 748.6673 746.0123 748.5145 766.3510 780.5943 785.2893 778.6271 790.1878 821.1646 821.1666 798.7423 790.1372 803.1923 790.5527 779.4786 780.7097 783.3931 781.2828 779.8171 783.9882 799.7622 821.7204 837.2319 825.8274 823.8796 823.5888 809.3533 793.3243 803.5814 818.9575 801.6358 797.3380 849.3158 877.6119 904.4310 957.2693 984.5774 983.2030 974.5497 967.6299 949.4396 912.4955 891.2833
1165.2379 1175.8375 1169.6453 1172.8562 1182.2112 1186.7877 1188.0479 1183.1144 1172.3944 1144.6587 1154.1093 1167.9631 1169.4906 1152.4780 1114.7755 1091.5006 1096.2329 1090.1415 1071.5707 1072.3439 1073.9468 1102.1282 1155.9506 1185.7661 1197.7209 1192.9962 1186.2999 1178.9923 1160.7369 1149.7540 1145.6743 1125.1843 1114.1183 1120.4407 1128.2256 1129.4797 1137.7527 1156.2090 1152.3621 1161.5643 1159.5220 1169.9777 1197.2197 1201.8483 1193.2938 1180.1864 1175.3341 1154.2229 1112.5679 1083.6869 1071.6770 1067.4043 1057.7954 1025.7094 985.7030 924.2604 864.4294 825.9775 826.3139 845.7368 843.2528 845.0120 859.0075 841.8885 843.2471 843.8674 824.8030 810.7356 797.0415 796.7563 803.6431 806.2325 779.5870 768.3480 769.8731 779.7402 779.0098 758.9446 751.9399 771.0527 789.6920 800.6921 781.9392 772.7839 769.4224 755.0789 749.6565 763.2525 764.0778 759.9720 766.7289 775.0737 784.0040 810.6091 820.8083 799.5861 802.0719 812.3747 794.2820 792.9589 798.6585 793.7728 784.6622 781.2875 782.0378 797.3970 811.8702 830.3752 822.8625 825.1959 833.6590 820.3679 815.9284 807.1982 826.4653 835.5813 812.6667 839.0129 875.6871 906.6768 949.4323 992.2867 963.1732 931.6513 917.9039 907.0214 890.5024 888.2473
1168.9026 1183.0011 1181.3790 1179.2812 1188.6283 1189.0055 1197.4227 1194.5590 1173.2394 1154.4591 1167.7583 1185.9054 1187.4446 1160.5607 1132.2719 1125.3746 1141.6420 1117.5750 1093.2305 1109.8842 1091.2085 1090.5632 1123.9912 1136.2157 1152.4338 1155.8721 1157.4890 1166.2225 1157.9631 1157.4220 1145.1869 1129.4215 1115.1837 1117.1003 1138.4186 1155.5614 1166.2838 1175.6536 1170.1515 1146.7159 1119.0332 1119.5677 1155.0670 1167.5658 1152.3340 1139.8901 1147.9867 1134.5872 1089.3258 1050.4554 1036.7070 1042.0222 1031.7605 1021.7885 978.3526 919.7985 860.4584 824.9622 822.2100 830.1948 832.1979 819.1190 811.4175 801.7737 801.9212 812.3335 842.2783 851.5518 825.1245 827.8560 825.2669 813.9896 786.9678 773.2898 788.4885 800.0696 792.5072 764.6627 753.7042 769.9747 779.6121 788.5833 794.8405 788.4977 772.3829 753.4639 754.6489 780.8054 789.0946 777.7744 782.0830 787.2869 798.1433 816.7296 826.1758 809.3298 811.5380 809.1682 793.3978 806.9371 811.7054 796.0654 792.2516 789.1520 781.8332 787.0853 809.8622 819.4229 801.7831 811.1057 830.5320 852.1711 856.5701 839.9539 844.5299 865.5214 832.2531 822.7294 838.6270 867.7389 914.2299 973.7560 971.5057 951.7806 930.0220 903.5610 900.9255 900.4470
1165.2390 1180.9308 1189.9456 1187.8365 1196.9116 1197.7391 1203.3943 1204.6036 1184.6256 1173.8044 1179.1079 1199.4009 1212.0566 1196.4235 1158.5094 1154.4668 1167.6718 1129.8907 1125.0414 1155.8556 1138.3088 1109.7416 1095.9841 1096.3104 1106.0342 1124.4167 1154.6620 1183.9156 1178.1611 1170.0621 1145.5331 1139.3164 1130.3086 1127.3047 1135.5273 1159.7861 1155.3315 1137.8585 1136.4625 1104.4877 1061.2581 1068.5121 1091.0221 1109.9706 1105.2266 1086.3925 1088.0294 1097.0004 1062.0833 1013.5555 988.2704 985.0426 971.0148 967.1530 940.0655 901.8665 853.5568 821.4152 814.5198 813.5620 816.7908 811.1072 804.4349 804.6237 801.5397 811.0344 845.1141 860.3130 849.0024 849.2543 834.9233 806.1320 794.3015 784.7656 807.4946 807.5558 789.9094 764.0606 757.5831 766.4288 775.1309 785.2465 791.3545 781.8582 763.8007 751.9575 762.1908 790.5163 800.8248 799.7358 802.1531 808.1116 807.1307 823.9398 837.6286 826.6221 813.5945 797.8403 796.2461 814.4473 810.5402 799.8154 805.8721 800.4669 788.6157 786.6489 808.6445 804.0842 799.9915 825.2953 855.8374 889.1132 893.0344 878.6331 873.7928 881.7141 865.8779 840.3179 851.1748 867.3827 904.6960 961.2361 1003.0790 998.2681 949.4164 929.3585 923.8417 916.3748
1168.7720 1180.7413 1195.4650 1198.7515 1200.1493 1200.6205 1205.5123 1209.5016 1201.9811 1186.0177 1183.4773 1195.2539 1217.4181 1210.6696 1184.7410 1194.7688 1197.4514 1168.9440 1178.0109 1203.1936 1182.5336 1153.3213 1120.8673 1095.2390 1096.7197 1112.7551 1155.3484 1201.4966 1207.1920 1202.2131 1174.6278 1169.4362 1152.0404 1137.5504 1117.9268 1127.9895 1118.1394 1080.7167 1077.5472 1067.1296 1025.1327 1030.7627 1051.1711 1073.3164 1080.9343 1066.5148 1042.4064 1066.6909 1053.7451 1010.2331 975.6214 941.3290 916.6699 905.2217 887.4806 872.4955 843.2532 830.7752 833.7816 824.9274 812.6680 813.4521 824.1939 827.6382 815.2997 811.0695 832.1492 831.5450 833.0934 826.5709 833.7784 831.0523 820.5370 800.2479 803.2180 790.8860 774.6616 757.7213 765.2161 787.4282 792.0291 796.0519 801.4781 782.5464 763.7968 752.2866 755.0015 770.4182 778.1396 788.9157 799.9265 808.5740 791.9358 798.7108 825.3169 822.9497 807.1296 795.8486 807.3953 816.2029 801.4930 807.2393 819.9886 816.8147 799.2590 786.1977 792.1953 803.8834 817.2533 843.4871 903.5237 936.7938 941.7633 927.8307 897.7388 896.4855 897.0485 860.6808 859.3414 889.7966 931.3561 966.2233 1016.6616 1023.3115 982.1369 978.6272 965.2304 942.3374
1180.4094 1188.6703 1194.3893 1191.6771 1193.5120 1191.8894 1193.5055 1200.6500 1208.6769 1207.3191 1206.6039 1202.5494 1225.0717 1233.9664 1220.7579 1229.3926 1224.8594 1207.3035 1213.4940 1220.4707 1193.5513 1172.7762 1140.4749 1122.4916 1126.2598 1122.7382 1140.5857 1171.2119 1201.7513 1228.4623 1227.7085 1220.1281 1189.5303 1155.7012 1116.7480 1090.4065 1068.7460 1034.3293 1023.8015 1035.5021 1012.5668 992.8159 1011.2737 1028.8591 1029.0746 1035.7101 1020.8463 1049.3235 1044.3497 1027.2892 994.6987 945.4187 908.1951 888.1497 867.2512 852.2612 857.4266 871.0544 854.6619 831.5179 818.5005 815.7404 834.7552 840.1743 820.7433 812.8983 826.8142 812.2307 799.5495 790.3221 802.8981 822.5110 826.5255 813.5956 796.6764 775.3209 757.4706 761.4092 764.5839 781.6539 796.3309 805.8866 805.5189 782.7563 764.3686 753.2111 762.9981 767.3663 770.4274 776.6293 779.1710 780.7084 778.7930 797.1766 823.3565 814.8876 800.1303 809.3389 825.2007 819.4153 802.9608 820.7775 835.7852 828.7546 802.0144 786.1967 796.0672 826.3971 852.9559 877.9982 929.2236 947.6875 941.7112 938.3133 907.3735 912.7114 913.7884 886.3702 900.3095 925.9039 947.7308 974.8707 989.2764 993.4163 989.6140 1017.9431 1022.1073 979.6573
1175.9285 1187.7887 1183.3429 1173.4161 1177.1504 1179.2280 1179.4342 1184.1943 1200.5131 1217.7081 1223.8397 1221.4993 1242.0803 1256.9923 1249.6099 1247.7249 1239.2800 1233.0348 1228.6406 1229.8776 1220.8142 1201.1747 1160.8398 1149.8254 1155.0448 1152.3497 1146.7675 1157.3627 1187.8047 1226.9219 1249.4459 1230.2250 1218.1904 1190.2024 1143.2062 1122.4470 1100.7423 1054.8804 1019.3242 991.5634 976.5927 962.8337 966.9405 977.7632 976.1154 977.2480 977.7510 988.7385 997.6434 1001.3575 977.0428 947.4971 925.4440 904.1234 871.8011 846.2331 869.3796 895.7430 871.1587 846.3726 833.6376 818.8887 836.4001 847.9886 829.2057 818.7751 836.1188 829.8788 795.1963 775.0553 779.5399 789.3506 799.7852 802.1306 781.4305 764.2836 764.5333 778.5273 773.2231 770.4344 791.0280 814.6543 809.4700 783.4982 762.2741 755.7618 774.6917 780.8517 777.6264 797.5842 798.5093 795.2133 783.0077 801.2493 828.6163 820.7742 803.6412 822.6525 836.3475 816.9271 807.9639 823.5091 838.6667 820.3782 794.6367 788.3186 795.1158 837.4208 886.9603 922.1401 941.4384 940.8119 904.9477 921.4257 924.0113 933.2771 931.8133 925.4893 940.1807 927.4964 937.3624 961.3223 939.5829 945.5772 954.6667 997.3608 1010.3724 978.0255
1168.8579 1171.9791 1174.9240 1159.5527 1159.6848 1165.4871 1175.5024 1185.7574 1194.6193 1203.9386 1214.8846 1224.6895 1243.2340 1264.9335 1258.1390 1248.1025 1249.0690 1246.2745 1251.6705 1257.7096 1238.2330 1199.6729 1182.8259 1181.0211 1169.4333 1162.1149 1137.7228 1142.0216 1190.4924 1221.4921 1213.6954 1191.6479 1203.8477 1180.6285 1147.6287 1150.6437 1118.3198 1077.6226 1043.0938 1004.0889 975.3513 952.6364 945.2852 943.6926 944.3002 946.9634 957.2148 964.5034 964.9921 971.0878 955.2667 924.1321 898.5299 886.4290 877.4196 858.9900 870.2369 910.2451 902.3333 856.1083 826.9316 825.2073 857.4080 861.6879 831.4009 822.1631 844.9597 850.4783 806.7294 782.1036 784.3456 782.0356 780.3597 776.4063 764.4413 763.5655 774.6481 795.7171 790.2347 776.0742 789.9851 811.1021 805.9262 782.3397 762.9373 755.7835 776.4734 794.9221 780.8949 795.5680 813.6832 811.2311 792.3211 810.4088 833.2473 825.8218 811.6878 830.8179 833.2080 816.8298 826.4165 831.8551 820.0710 798.1279 796.6215 798.3163 796.6896 835.4858 876.3410 895.0921 886.1365 912.0981 887.2408 891.4962 910.9871 936.8181 963.7764 968.0026 946.7803 903.1814 920.8178 927.5810 900.8326 913.4355 943.1651 989.8838 975.1562 931.3524
1153.2123 1151.8887 1149.9008 1140.4116 1148.4552 1168.2059 1188.1917 1202.6578 1207.9288 1210.6576 1213.8606 1217.1027 1230.4518 1236.5073 1230.5129 1233.2727 1244.2079 1257.6052 1272.8052 1271.7402 1244.9554 1192.9893 1168.9462 1166.5061 1151.8641 1149.9042 1127.8876 1126.5658 1166.2917 1169.0835 1150.0005 1157.6604 1150.5979 1145.6157 1153.4701 1142.2302 1096.3060 1062.5076 1046.6052 1032.3749 1008.1597 979.3369 956.2177 946.4140 937.9634 931.0738 938.0126 957.5131 948.8637 941.6255 939.3746 921.3280 912.7304 895.4727 892.7505 886.6450 886.4097 912.1410 913.7881 860.1255 824.5333 836.4614 872.7157 872.6467 837.8890 830.5592 852.2164 864.2582 828.1908 802.4517 807.0685 795.1796 784.4494 779.6347 763.7718 774.6924 784.4406 800.6501 802.8372 783.0599 788.0195 802.1277 799.7341 789.8848 769.9285 757.6502 770.7346 795.2610 795.5657 800.6170 815.4313 822.6397 819.4863 831.1841 842.7363 838.4035 838.3116 846.6284 835.2621 834.2050 838.4334 821.9435 803.0226 805.6433 814.9166 825.0656 811.8642 812.4439 830.7520 840.1304 842.8698 888.4258 862.8197 850.1521 869.0129 917.4205 973.1299 981.6651 938.7362 883.9051 885.0266 882.4695 898.3923 922.4713 951.2627 983.4330 952.8154 908.2411
1125.6440 1129.2924 1126.4163 1137.8824 1160.7709 1178.2511 1193.3754 1208.0264 1219.3542 1224.9250 1217.8727 1193.6632 1184.5299 1193.4218 1223.5251 1251.1510 1268.0980 1283.1888 1288.1288 1265.6406 1230.7766 1191.6909 1156.6936 1140.0360 1131.3885 1127.5735 1114.7367 1096.3335 1101.6198 1101.8066 1105.3975 1112.8640 1103.6299 1125.1969 1147.7159 1118.6598 1081.2354 1071.4204 1066.2163 1061.9180 1050.1993 1019.8556 997.6539 980.8234 961.7069 938.0118 925.0698 939.9919 953.8920 950.3275 956.5353 946.8001 941.0201 920.5331 923.2072 926.3934 913.2131 908.3533 899.2690 863.0892 831.0007 847.5338 874.1068 879.2042 852.9037 841.4083 865.6230 883.2147 854.0606 821.8505 820.6937 810.8619 799.4476 785.6915 763.7561 775.3555 793.5308 808.8151 812.4721 789.4017 796.6299 813.3751 810.2054 800.4013 773.7270 760.7471 765.0864 769.4502 779.8727 799.9205 818.9612 835.1567 855.3863 838.8267 824.0045 840.3265 850.8358 855.1233 851.8628 847.6937 816.7485 800.4229 811.3285 827.8707 839.3202 848.5010 840.8881 833.1042 813.5706 808.3356 839.4123 858.5809 832.8715 822.0086 849.6013 896.3750 937.2129 939.6545 901.9617 864.8657 860.4918 887.6199 905.1829 903.6091 936.1887 969.0729 928.3005 892.3496
1117.5404 1133.2357 1141.9668 1146.4832 1155.9333 1169.7462 1184.7936 1199.0088 1215.9799 1217.5347 1191.9573 1168.5264 1174.6479 1194.2329 1226.8381 1253.0614 1264.9565 1278.3054 1284.5613 1261.3488 1216.3778 1188.2876 1157.3149 1148.0212 1141.3672 1130.3828 1120.4391 1095.3356 1069.9808 1059.2844 1066.8679 1070.3311 1089.6458 1123.4995 1134.7682 1113.0892 1087.5764 1088.0753 1086.0837 1097.3103 1085.0105 1065.2695 1058.6974 1033.4021 997.4026 956.8179 928.8470 931.8671 955.9692 965.1041 962.2753 967.8317 971.8376 956.0546 953.3469 966.7678 958.1110 940.5621 912.5623 884.9549 859.3442 858.1522 877.0132 888.0703 866.2542 853.0935 884.7893 895.4077 853.9760 821.7980 802.9962 806.5046 795.7780 774.1743 762.7988 767.1390 779.9042 797.7849 811.8917 801.8861 803.9819 809.0628 797.4009 789.9675 770.5247 775.1016 784.4895 774.6625 768.0673 774.0386 779.6340 804.7228 830.9605 807.6434 818.2540 820.6360 822.6342 843.0586 841.9849 825.9203 803.6341 808.2926 837.7299 860.5431 877.2242 884.5979 883.1589 853.5533 819.7877 806.3745 814.3679 820.0972 824.0662 827.1959 833.5350 845.3840 867.6273 879.7726 851.2717 847.8289 862.1700 871.1476 863.5363 874.8365 914.6486 954.0269 934.6018 879.9113
1133.1191 1157.5199 1169.5984 1171.7662 1175.7003 1183.2598 1183.8287 1189.1755 1194.8138 1189.1616 1160.2175 1159.6792 1192.3248 1227.2058 1244.1479 1253.0264 1263.6509 1273.6309 1288.2247 1269.4951 1220.9374 1183.1869 1173.7609 1179.0562 1167.3982 1149.6276 1146.6154 1136.4384 1101.9927 1055.6189 1032.8835 1045.5447 1072.2809 1092.9221 1086.5989 1087.8733 1102.0576 1114.8969 1123.2943 1137.2819 1123.1024 1104.6208 1092.0370 1074.1838 1026.1781 973.8494 935.0353 929.4660 945.3049 952.3446 932.9677 941.0566 967.4349 982.3985 985.3295 990.0573 982.5052 967.7975 932.6905 895.5493 869.9977 870.9610 893.4475 895.4617 869.2134 858.9658 886.8694 889.0073 837.4543 807.1955 786.9649 781.0917 782.6708 780.6224 773.5734 771.5177 778.1599 785.0146 807.4686 809.2570 794.5375 789.5922 781.6073 772.5493 771.2349 791.5008 799.6676 786.5309 777.0885 781.0959 771.6407 773.7560 785.1074 787.2079 803.6225 805.5420 825.6611 841.8629 820.6464 808.6876 805.2866 815.0428 849.7014 867.0046 895.8226 908.4147 883.7391 858.0532 831.1688 808.8585 830.4067 849.1658 856.5087 844.6781 851.7705 849.2934 853.3971 842.7101 831.7475 843.9211 856.2509 848.6284 857.3351 865.7703 907.0775 941.6219 920.0563 865.1708
1144.0892 1157.0997 1165.9563 1179.3649 1190.8379 1192.8763 1177.5702 1165.2128 1154.6060 1146.7452 1160.4696 1187.4802 1215.4152 1249.0731 1264.3986 1260.4253 1273.2490 1284.8411 1291.4110 1279.7592 1252.2045 1221.5332 1212.1410 1211.3606 1200.6942 1185.4045 1194.7649 1195.3540 1145.5449 1073.1533 1016.3030 1017.1930 1037.9189 1052.8018 1065.1887 1078.7313 1107.8143 1122.9192 1114.6100 1116.8009 1090.0623 1051.2062 1043.1647 1058.3984 1023.6018 973.4314 937.4269 942.0215 944.5367 941.5935 914.8301 909.1597 921.8683 945.4122 968.7496 985.9732 984.2056 952.1520 916.0609 885.1352 877.1393 882.5013 874.0620 875.7963 877.4299 878.3344 899.3568 900.0845 850.6520 824.4851 803.0060 782.9985 793.8622 795.7764 783.9528 777.6020 796.2089 798.9644 812.1230 809.5303 789.0579 791.1466 796.7377 776.9066 773.0140 795.3345 809.3918 789.1624 787.1923 800.7141 782.8381 773.8634 788.8428 798.5291 809.1476 819.6633 833.0020 843.5963 827.1379 827.1851 829.5917 818.9803 826.9460 860.8102 909.7811 895.3765 858.6818 838.3621 822.4822 823.0347 848.9254 887.8966 888.2202 850.9153 844.6811 857.6802 871.3633 876.3919 859.3866 857.6750 886.2515 870.8019 882.5225 874.0002 902.5155 956.5890 922.6473 894.6021
1139.7849 1148.6246 1158.3756 1171.6028 1186.4828 1192.9248 1178.3829 1148.1007 1131.4231 1152.3051 1189.9742 1223.6377 1246.2257 1263.6696 1265.3992 1256.5691 1258.7058 1263.0051 1264.3024 1270.8929 1269.2489 1252.2811 1233.9624 1231.9436 1235.6123 1232.6725 1233.4849 1221.9659 1167.9113 1103.3718 1034.1740 994.3692 1008.1510 1031.6458 1055.2849 1054.8898 1086.6068 1091.3527 1060.2837 1049.7723 1044.2522 1005.4389 998.3083 1012.8101 996.7639 957.8544 913.0672 901.8322 920.8782 943.4036 938.2142 900.9635 887.1735 909.2683 947.2202 978.2356 983.3453 955.5700 913.7385 894.0001 896.9612 888.8355 854.2144 842.1185 862.1116 894.8792 928.1087 920.1040 862.3808 829.5471 804.2958 789.8544 805.7745 796.3943 783.3689 777.5706 807.2989 816.2535 822.6579 821.6461 800.9368 801.7808 802.1297 778.9636 780.4070 796.2103 812.0383 797.5779 800.1056 810.6251 792.9584 781.3766 799.7873 824.4927 828.8426 829.6130 829.2050 846.0877 849.5315 859.6514 858.5562 824.0747 819.2685 865.3572 908.0419 902.1896 871.3069 843.3539 832.4607 837.5096 835.0497 862.9489 867.9935 843.4604 845.6165 879.2180 897.8132 911.6797 881.7887 859.1630 902.9572 907.9817 909.4272 912.9553 907.2096 955.0120 943.2497 935.1552
1141.8861 1154.8655 1161.4952 1165.0498 1168.1917 1161.7324 1147.3707 1129.3566 1136.5618 1176.8345 1211.5394 1237.8486 1254.8739 1256.4202 1242.6945 1239.6851 1232.1638 1230.8848 1242.3107 1255.7954 1262.4181 1248.1105 1240.6888 1242.2363 1245.6351 1241.9904 1240.1450 1211.4844 1162.2517 1101.5370 1036.3848 981.0523 983.7806 1017.5594 1033.2013 1019.5949 1037.9044 1045.5427 1016.2014 1007.2806 1014.3929 984.9888 953.7432 948.7018 947.4996 925.4196 895.2867 881.3505 908.8538 940.6209 943.6085 897.4703 869.9377 879.0761 907.5796 942.5004 968.0187 945.5529 905.3593 889.8279 890.0822 882.0822 852.9886 833.5990 854.1767 890.1562 931.1559 916.6759 849.2369 815.4171 798.5015 796.8911 820.4984 809.6222 789.3364 773.9486 786.2415 802.1765 830.4613 841.3609 824.1116 816.6020 797.7857 776.4821 782.5177 807.9999 819.8774 819.6298 814.2105 800.9404 794.8361 789.9532 799.7806 830.3801 817.6587 810.4774 823.5366 849.9435 877.0957 891.9138 867.3064 836.6392 825.7977 850.5386 867.3260 867.1407 843.8579 826.6196 846.3340 836.8377 817.3874 841.2102 864.3449 856.5659 842.8972 882.5130 913.4291 924.8588 884.2772 854.6055 894.3142 939.6518 957.4327 959.9505 943.0132 954.9045 958.6712 954.5438
1143.4600 1137.4893 1127.5757 1112.0671 1106.7266 1101.7266 1093.7104 1102.2667 1141.9786 1187.2284 1211.0244 1227.2047 1231.9445 1228.6736 1210.3895 1202.7407 1208.8400 1215.9617 1218.5148 1245.3850 1251.2502 1225.3181 1223.8412 1235.6749 1223.4333 1197.3104 1186.2776 1164.5785 1132.4629 1073.4377 1014.3740 972.2401 959.6534 991.9736 1016.4330 994.5077 1005.0269 1025.3018 994.7505 967.2231 962.3022 963.0535 949.0222 926.6517 926.5652 909.8158 886.2469 882.5587 894.5224 915.4468 930.8209 901.7151 879.9019 864.3784 873.9402 910.7562 934.6724 925.7857 893.1575 861.6353 865.6685 874.9563 856.0024 836.3374 838.2667 862.3027 905.3416 905.9336 864.6537 833.1716 810.1553 821.3566 833.6150 807.0706 786.9866 784.3033 797.6432 799.1108 813.6174 836.2980 842.2695 815.5668 802.4080 781.8986 779.9273 791.6736 812.1078 833.8875 818.8378 805.1626 812.0219 797.6431 786.8486 797.5809 803.6174 824.1913 849.1363 873.8425 903.8908 920.2732 900.9983 875.6489 845.4421 828.7508 841.3577 867.0920 859.7507 848.7552 850.0980 833.0342 831.5773 859.0496 896.6718 875.6955 847.5068 868.1499 895.4551 929.8155 917.7827 873.0816 876.8969 908.1775 939.3709 983.4646 976.3444 932.0356 922.0168 933.6281
1150.2255 1117.3545 1094.4988 1080.4497 1072.1465 1080.4543 1099.2939 1123.1025 1149.7131 1166.6351 1166.5879 1184.8928 1204.4172 1211.1453 1175.5686 1171.3356 1193.5029 1179.9828 1185.0493 1211.7854 1217.9031 1204.1492 1209.1584 1222.5763 1200.1306 1156.3633 1123.3389 1090.7832 1064.8713 1022.0056 990.9537 968.6879 944.6984 952.0797 971.8967 964.3458 974.6876 976.9414 954.0770 932.0575 938.6483 955.3030 950.8549 922.9500 902.1144 889.6111 907.0869 924.7441 931.6301 940.0090 946.4971 918.5617 880.5417 868.6282 862.7107 865.0250 873.8063 874.4253 861.7411 842.6818 846.0850 853.2299 838.2429 826.1063 830.5686 857.0660 889.2906 894.0125 896.3159 871.2451 849.7162 851.0554 835.1335 798.4148 782.6823 784.9411 807.0365 816.2625 827.4583 859.1701 839.7350 800.5294 784.6192 785.5644 792.7557 800.1638 830.3156 849.7690 826.0482 821.1850 817.3679 795.0925 781.9901 786.9353 800.3766 829.1469 873.7712 902.4111 885.1019 873.2166 869.6529 872.0774 855.3290 840.4778 847.1101 868.9541 887.7090 878.2949 846.0546 855.6342 866.2288 849.6835 892.1866 896.9664 867.4617 898.8182 932.1711 962.1591 942.2614 892.5975 877.8076 912.9135 945.9602 984.7955 996.1345 945.9063 899.1302 888.4179
1154.2640 1112.5304 1076.6658 1064.1630 1079.2969 1104.5792 1135.7970 1157.3510 1157.5004 1137.5321 1138.9514 1167.7809 1189.7371 1176.9796 1133.4121 1120.8042 1134.6509 1153.6653 1170.2488 1190.1078 1202.9180 1200.7454 1194.1952 1196.9562 1169.2458 1127.1459 1090.8022 1065.9337 1048.1678 1046.7683 1041.2029 1002.9687 959.1659 932.7272 931.1750 927.0385 928.0750 937.4117 932.4147 917.9444 922.0226 936.9374 921.1995 908.4294 883.4077 904.9505 949.2264 979.7651 991.4958 986.3211 955.0206 906.7678 875.4860 880.3910 864.6611 857.4047 867.5566 858.2852 848.6516 851.7230 843.0571 836.3303 820.6525 818.5231 820.1505 838.3450 854.9208 858.4399 873.7224 881.0703 886.0380 879.2883 833.3931 805.7891 799.6876 790.6529 809.0679 820.7906 844.3859 864.3533 824.0517 789.8196 786.7084 802.3074 806.9290 812.9984 844.7775 857.4886 837.4544 830.6932 807.8903 796.7043 799.7921 812.8624 807.4123 808.8643 851.8506 879.8477 854.5428 825.6853 824.1441 849.7824 872.1832 865.4575 870.8843 867.9715 895.3402 894.0635 857.0068 881.6313 898.2674 855.6086 871.1753 914.0637 900.2410 894.6785 938.2559 972.8616 958.7925 930.1987 909.6852 907.5402 937.2471 969.0787 985.8386 967.9974 915.6206 875.6065
1149.0322 1113.6467 1073.5812 1068.8417 1082.7262 1090.5245 1107.4689 1132.1212 1117.9453 1097.0208 1129.2456 1161.7045 1165.5085 1129.0022 1081.2611 1064.7777 1105.7330 1149.2424 1163.8317 1196.2659 1219.1469 1200.9796 1174.0144 1160.9226 1157.8994 1137.3900 1112.2523 1107.4518 1099.9695 1104.0199 1074.0345 1014.7975 980.9302 946.1321 917.3193 908.9987 906.9807 912.4050 912.5975 898.1377 892.4283 916.6243 894.9575 878.2582 893.0349 926.8356 975.3890 1019.6486 1029.8136 1011.1767 962.2123 912.5763 896.1310 892.2620 877.5226 873.9762 895.7562 882.8015 862.6158 863.5012 859.5660 845.6141 831.9652 840.1118 833.5357 819.1649 817.3329 828.5977 842.8572 870.3046 904.5179 903.2000 843.8112 822.3104 817.6779 809.1072 831.4072 829.7971 853.9899 863.7930 825.0729 791.0112 801.1264 829.5225 843.1448 834.0826 842.3655 861.4745 838.7133 820.8434 808.6335 803.0978 813.5876 842.3364 845.5747 814.6243 813.0283 825.4593 811.5314 799.1529 822.4409 856.1575 877.5468 862.0058 846.3401 845.0549 882.9199 907.9526 890.8187 912.6243 919.3762 882.8313 872.7207 894.7246 920.6763 898.2273 901.3950 948.8568 985.1484 958.2188 904.4736 870.6436 889.7040 910.0977 930.1359 960.4877 945.3093 896.4905
1133.8147 1099.9574 1055.4495 1057.4459 1048.5864 1033.1725 1046.2728 1078.3344 1064.9882 1050.8492 1086.3621 1115.3076 1114.1848 1083.2018 1042.4117 1053.5707 1113.3083 1118.9805 1107.0126 1139.6901 1186.0701 1203.9417 1180.0426 1129.4674 1120.9174 1128.6678 1144.2338 1154.9528 1127.2166 1108.6385 1079.8751 1043.3151 1010.6537 976.0238 952.4423 938.9074 922.8448 898.3831 887.1931 877.9509 864.6735 892.2881 883.7598 886.4894 915.1350 953.2086 997.9138 1032.2168 1039.9794 1015.4536 967.9497 929.1721 915.4875 901.3611 902.8235 904.5804 913.2473 898.9659 876.3940 887.5928 889.0266 864.7401 840.3917 856.5947 849.7752 837.4883 817.9594 827.5905 856.7593 882.8724 909.8673 899.1427 844.3710 832.8375 835.3723 835.0488 852.9695 848.3104 852.8324 844.8417 818.0661 797.5853 819.7567 850.1912 861.2613 860.5815 852.1171 860.1175 850.8664 841.0079 815.7787 800.8918 810.3021 844.7007 863.3186 832.9516 806.1523 821.5207 820.5898 814.8030 826.0484 842.0170 847.9835 830.7524 839.1118 853.8909 880.6262 918.2538 922.7145 944.4230 945.1317 923.8251 921.3843 908.1293 921.0570 925.8830 892.1487 921.6475 979.9963 974.8084 919.5443 868.7081 856.8461 856.0854 885.1542 924.6534 917.2596 899.1861
1113.8522 1088.2042 1035.2716 1009.6859 1011.3735 996.7239 1013.2045 1041.6138 1017.9346 1013.5722 1060.0684 1075.3872 1064.5327 1030.3820 1013.5738 1045.5034 1087.7302 1077.2115 1067.7742 1097.1820 1118.4110 1159.5305 1179.8362 1129.1107 1091.2910 1100.6494 1136.1492 1136.3357 1086.6390 1067.2936 1071.3281 1054.0876 1028.4238 995.3369 963.4679 948.7119 913.0214 880.0652 874.9205 868.9656 849.9440 877.3025 870.5583 879.9885 907.8746 945.3519 972.7247 993.8762 1009.8054 996.6827 965.5684 952.0657 935.8978 922.6039 922.3761 935.5544 934.1697 917.6716 896.9867 904.2741 887.3755 858.8122 843.2263 864.1252 879.7627 865.3082 829.7953 821.3289 846.5479 863.7418 883.4026 867.0986 847.0005 841.0990 859.6997 855.9963 854.2539 852.9240 834.9614 812.5289 806.3094 809.0107 844.8438 864.2245 846.9016 854.4387 847.3710 847.4282 858.9695 845.6168 823.6431 818.4036 808.5709 828.6978 847.5732 824.4323 806.6986 840.0287 847.0855 846.5545 849.7692 826.7866 817.6666 835.8463 877.5371 900.9504 888.8734 896.7294 903.1240 942.7318 965.5843 955.6364 963.7881 954.2473 954.4832 963.1797 926.5933 921.3855 967.9806 973.7822 919.6334 861.0566 839.9148 833.1494 848.0363 877.1079 859.9711 860.9012
1074.8628 1061.3015 1028.8555 995.6142 986.1786 976.6324 980.2648 999.1600 977.8232 979.4260 1017.8450 1029.5525 1036.1378 1005.0541 1006.8602 1034.5869 1055.0830 1039.2882 1041.8597 1058.6356 1078.2072 1118.0872 1148.5482 1126.6509 1074.3729 1073.6154 1120.0394 1103.7755 1048.2993 1022.0790 1027.3124 1024.7627 1028.6824 988.2242 941.2419 915.0536 893.9080 866.4233 878.3075 866.1481 841.2089 854.2086 864.4045 884.1427 905.6093 926.2073 951.3970 954.5664 945.3538 941.8523 931.2239 938.9373 921.9199 904.3182 903.6699 911.3682 937.4576 950.9225 928.0253 912.2154 880.9313 868.5783 862.9996 880.0255 893.2026 867.1320 836.4551 820.1611 833.7457 844.6619 850.4240 839.0577 855.6028 868.9996 886.1237 876.9981 861.4649 855.9613 835.5197 828.0909 829.8380 827.3515 853.7960 869.6096 850.1249 828.7979 826.3420 832.6833 844.5142 847.4866 848.4087 847.5269 825.8004 824.7082 851.3811 842.6249 825.2960 845.8847 873.5663 862.9918 846.5090 840.0397 839.2212 852.6754 882.7030 921.5161 896.4274 867.5008 865.9940 910.6425 931.5956 895.0778 912.1318 902.8622 924.6682 953.8654 964.9177 976.1318 987.2238 957.3430 897.8801 858.7192 867.8667 856.1984 831.8431 819.8046 810.1263 822.2175
1081.2118 1080.3461 1064.0277 1022.7887 980.1804 969.8153 961.7391 968.5891 951.2510 967.1043 985.7643 993.5112 993.7185 968.0903 978.0536 1000.3523 1001.9982 1006.3660 1044.6250 1062.9587 1072.7341 1082.6969 1101.8342 1117.0571 1062.9161 1053.2932 1101.6475 1099.5553 1055.1571 1008.9530 987.6450 990.1450 1002.7800 1002.5052 974.1250 930.2375 912.1110 882.0368 855.4963 845.9393 847.5490 860.7745 887.5242 925.4600 943.0413 949.3286 946.8883 905.3730 883.8098 903.3831 898.2740 889.1222 881.7720 860.1602 856.9624 867.8537 916.6268 960.0616 950.4779 923.9922 900.8113 895.3503 889.4689 897.0302 884.0069 856.6943 840.2167 815.8941 808.3218 820.4824 830.6732 836.3508 854.3590 880.3681 887.9187 870.4954 852.3585 855.3503 850.1729 847.9543 845.3646 832.1080 835.3851 839.0000 832.7357 820.8882 828.3748 823.1047 842.2136 840.2298 846.8583 856.2469 856.2813 858.4871 865.2212 862.8003 848.4983 843.2673 851.9364 846.5759 863.0499 881.4486 864.6601 877.2485 881.7583 915.4531 907.5632 862.5461 849.4789 860.6978 872.8035 853.9274 863.9216 864.1312 882.8420 892.2229 929.4526 964.7933 966.3381 947.6691 922.1391 896.0336 895.6589 877.4325 857.2332 841.5813 822.2138 806.5573
1070.9526 1067.8345 1057.0195 1023.4558 981.2424 956.5347 950.3674 949.3799 939.9320 951.6436 962.0284 979.1159 974.0101 949.4935 953.3125 963.0979 967.7354 991.7707 1018.7009 1035.8765 1034.3799 1030.4032 1058.9192 1093.9840 1060.8308 1023.7117 1063.4271 1079.4045 1051.1345 1015.3113 975.8551 951.5186 967.4917 995.8204 994.0611 964.7344 916.0912 866.4841 832.9548 852.5657 884.4362 894.6621 913.9026 939.2262 929.1262 923.0220 907.2307 870.2714 859.3365 881.3556 871.8636 843.1788 840.8533 841.3735 849.5381 867.7525 909.3270 946.7696 936.9526 913.5157 884.8032 865.2925 867.5470 897.2657 889.5591 871.5994 856.3517 828.0872 801.4225 799.1106 824.2117 838.1605 826.1374 839.6204 856.7797 852.6742 833.1737 834.7823 852.0446 848.1301 846.7445 836.4255 819.5839 813.8709 806.4061 818.1466 830.4443 816.9224 829.4005 824.5471 826.9341 834.3581 845.3467 868.9585 876.5309 877.6193 853.1830 828.7485 821.0011 841.7741 890.1835 915.4422 894.7484 904.9476 912.8403 923.0317 911.9422 883.3102 875.8541 848.0475 838.6392 826.3667 833.0556 868.1793 879.3425 850.4171 880.5881 923.6882 935.7524 908.9755 931.9620 938.9131 906.3457 860.9510 834.9504 824.2449 816.9106 803.3017
1029.5865 1012.4290 1020.3615 1011.5268 1009.2477 984.2081 946.7208 936.2731 930.1080 928.7639 943.5370 958.6265 953.8254 939.2371 941.9136 947.4093 959.0035 978.3754 982.0038 989.1485 996.5426 1022.8475 1052.4364 1056.4749 1034.1908 1002.8046 1021.0104 1041.1960 1012.7099 993.5798 971.6791 940.6573 941.9811 965.7659 958.8220 929.7123 903.9816 862.5474 827.1246 843.8370 880.3243 894.8566 917.8417 923.7916 898.0864 898.4230 894.9404 858.0328 853.2786 872.4335 860.3615 837.3372 832.2755 859.5648 869.5479 889.1301 926.5783 921.4068 891.8002 899.1602 884.6370 848.1752 854.3429 892.3689 892.4274 865.2380 862.5441 855.6974 829.6040 813.2042 807.5012 816.6650 810.5968 827.8669 845.5977 847.2596 825.1430 819.9627 840.7756 832.1759 818.8154 818.4620 826.4227 828.6300 815.8014 804.3709 808.2695 804.7700 818.3855 840.0777 848.9352 851.2833 857.1703 863.1391 839.9926 849.2548 826.9241 819.0935 831.7633 843.0447 865.2150 910.0904 932.3689 946.8708 950.1420 949.6948 937.2345 927.2520 904.2330 864.9226 853.2827 823.6950 820.4785 846.7568 877.3925 843.9037 834.6577 879.6011 909.6900 868.8058 888.4729 920.1506 878.2955 842.9791 825.7884 820.3456 826.8384 812.7334
978.1535 968.8417 977.6802 983.3710 990.3718 979.6038 953.1512 931.6509 923.1472 925.5620 927.6193 931.0174 933.4966 940.3969 955.7867 966.1654 967.0124 970.1752 969.6017 975.0112 989.3260 1013.7522 1025.0011 1006.2421 989.3176 984.1499 982.9414 995.8687 982.9030 955.4872 928.5864 917.3471 903.8812 911.1785 909.0243 875.3273 852.9333 829.1292 813.0447 807.6587 836.1281 882.5471 923.2772 918.1312 882.5125 881.1076 875.4971 849.0090 846.7686 850.2212 837.0372 831.2609 837.2101 863.3188 892.3853 917.9464 943.3748 893.4805 854.5369 857.2889 859.4653 840.3277 849.6068 877.9499 854.9944 837.8500 855.5032 847.9355 839.1978 822.4194 793.9393 796.0402 824.4556 831.9996 828.6978 820.3607 818.8318 835.3238 844.4737 833.7361 828.4547 819.2245 816.1973 837.6524 838.2028 811.4180 811.3577 825.2378 830.8972 857.9307 871.8132 848.1126 837.1544 839.9894 813.2224 809.9609 804.6623 819.6464 861.2207 884.7943 882.6661 893.1000 936.7657 967.6212 940.5909 904.5438 903.3453 921.0107 910.4409 886.8065 861.7288 842.9688 834.2189 817.1683 834.4664 834.5462 817.5643 850.3724 867.2454 838.1789 865.3188 905.9941 880.5602 859.7151 846.5933 843.8459 836.5135 811.0538
926.8518 922.6299 924.6736 934.6288 938.6857 935.9733 933.4962 924.4442 932.6601 958.7327 943.8144 938.5016 962.1254 980.1740 989.8506 991.5927 978.4297 985.2772 982.5903 979.5582 997.8062 1008.6163 988.0094 973.6520 964.6926 958.8465 945.7498 937.2400 937.2035 916.2917 879.7733 866.7332 859.3751 856.4225 871.3329 842.8473 814.9698 804.3920 795.6635 791.8885 808.0383 863.3879 899.0162 893.1573 870.3522 840.4032 833.5895 827.4175 828.7380 826.2790 830.1443 844.3336 849.4055 860.3653 904.6829 944.0051 951.3264 904.2297 864.8220 862.2169 866.6146 850.7972 839.8571 859.0477 844.8018 824.3273 825.0222 815.3428 810.9634 804.1979 791.2820 789.7811 806.5139 802.6205 800.1492 802.1362 815.4303 833.9796 860.2865 864.1464 856.4753 841.6999 822.7835 821.8668 838.7391 812.9146 824.5297 856.2508 858.1816 866.2412 866.3781 848.3682 824.3672 815.2459 801.3098 804.8262 813.8893 820.7817 845.0646 890.2275 911.6671 902.4590 918.8899 955.1710 929.0418 878.0342 855.6421 875.1885 893.1154 903.9330 903.6462 883.3273 857.4207 842.3940 815.6681 800.2196 809.3146 829.6906 827.3831 821.3505 848.6940 891.0073 877.7308 854.0236 848.6265 823.3120 796.5705 787.1552
900.5450 902.0845 902.2591 908.1398 917.5143 937.8709 969.5984 974.0309 981.8039 1000.3262 982.3825 972.8031 987.1559 1019.5789 1041.5948 1020.6852 994.4284 992.4506 994.0807 982.4778 1002.5796 1013.0089 992.6259 1002.9225 999.9608 981.8968 949.4950 916.2936 900.5389 883.0575 865.2855 871.7833 873.1711 856.3124 838.9907 826.3786 836.5576 827.6457 796.2820 782.3938 794.0291 830.9339 856.5864 851.2415 849.4543 832.9567 818.0519 842.4503 851.7390 848.5088 851.1091 861.8685 884.0370 893.3210 906.1315 902.6606 911.0312 914.4036 886.0093 863.4777 847.7938 842.0232 832.2781 852.7742 840.1768 831.7121 825.1151 813.2136 815.4741 824.0549 805.6357 791.2994 782.0204 797.0380 815.1403 826.0491 834.7248 844.1068 864.4634 875.4265 845.6562 821.8716 811.7253 802.8913 805.2331 801.7677 829.7827 860.9722 878.1174 857.2191 828.9575 841.1545 833.9777 803.3235 799.7509 811.0403 831.3557 839.0752 833.6254 847.2678 865.1104 878.9760 909.1921 919.7437 909.5122 899.6917 872.6717 844.5431 832.8943 864.4575 898.5700 901.9254 878.0303 870.0222 840.2509 808.3284 795.3822 808.6266 819.6484 838.4954 859.6501 874.4384 862.9296 827.6683 809.4084 792.2823 779.0558 787.3311
918.3426 916.8914 914.0167 921.1393 925.7361 955.0416 1005.1103 1035.6655 1023.7311 1025.1516 1027.7650 1017.7252 1001.8162 1023.5826 1053.5691 1039.9697 1020.5258 1018.3699 1001.2901 996.0478 1009.3801 1024.4506 1020.5042 1029.9940 1005.3019 963.7638 940.8265 932.0898 946.4862 939.4888 934.7443 931.8083 908.7574 885.9023 865.5190 856.7407 869.9976 858.7414 826.0137 787.0399 782.7366 812.6845 844.9674 858.8434 844.6976 826.0800 825.5922 858.4445 870.5626 860.1151 863.9220 886.7296 915.9332 911.7191 884.8135 869.4300 882.6774 889.0359 877.2128 863.6987 845.2836 839.9777 837.3359 856.2777 845.9765 844.4348 841.4941 832.9146 831.8742 840.9476 829.8870 810.2246 785.0211 805.3232 840.7346 835.9130 839.1251 857.9339 869.5378 875.1711 854.5920 830.3657 820.4152 809.3693 796.6039 798.4376 824.9338 828.2574 844.7559 848.3223 823.7559 806.8833 806.7844 807.6534 821.0628 830.1204 830.1085 853.7236 864.2164 845.6020 839.7515 880.8245 908.1118 880.6274 857.9578 881.2034 891.8852 866.3699 824.6628 824.3703 856.6700 879.9446 854.8940 850.6091 858.1245 827.1968 796.9836 814.9998 840.6310 868.9229 869.6906 845.5151 841.5999 827.1534 794.4175 777.0499 782.7120 804.8513
941.4815 934.2284 927.7614 942.5302 944.8440 960.9368 1002.3199 1054.1705 1064.5690 1061.3602 1073.8569 1062.5802 1022.9711 1030.0634 1048.4977 1062.0765 1068.5409 1048.4979 1021.6869 1021.1869 1030.9619 1048.4635 1041.0076 1022.4270 1003.8690 983.7401 985.7734 987.8450 1001.5483 989.2202 961.4463 936.1628 918.4882 918.0943 918.0948 901.5772 871.6232 856.6055 837.4641 792.3534 779.3527 784.6953 819.2434 858.8606 853.1902 823.3728 811.1871 825.9500 833.7736 827.1498 836.6918 866.6623 897.8326 907.3968 899.0399 870.5419 871.5118 873.9058 855.7559 865.6568 861.5814 853.0154 833.2759 852.0152 850.4020 831.0024 850.8795 858.4276 849.1187 834.8790 820.3989 799.0679 780.1680 804.0314 820.6335 817.9837 819.6022 833.8220 849.5441 858.1057 847.1153 828.8082 815.6845 808.5107 798.0706 793.6011 793.0818 799.9818 817.4660 836.7486 828.6109 797.7867 799.7566 828.3073 837.5745 847.9230 845.3115 837.5671 865.9214 877.4014 840.4091 844.0773 878.1666 884.7319 853.3853 840.8737 873.5014 874.6447 833.3470 808.5215 810.8682 831.1140 843.5175 832.5840 840.1170 818.7784 795.7230 829.7450 851.8347 854.0795 861.2620 845.5078 818.8712 806.4648 787.4078 772.9034 781.2744 808.2515
936.4297 943.1301 937.4097 943.8437 958.5262 967.0833 995.3138 1020.0483 1039.2842 1052.5370 1081.5841 1085.7329 1041.0692 1033.1951 1044.1891 1070.0341 1094.4827 1061.9227 1054.4812 1064.0564 1067.5085 1070.2484 1050.9730 1055.7439 1041.4735 1037.1135 1040.4918 1037.8342 1006.3740 964.9150 926.1333 921.3981 943.2011 957.1462 942.5199 905.2370 855.5569 821.8287 813.8087 810.9108 807.2259 789.1652 807.2054 836.8122 815.6263 791.8671 789.1039 804.1776 813.8488 827.7927 821.2308 813.4260 836.7497 876.1036 905.0815 883.0395 851.5466 851.7050 825.3532 832.7513 856.6646 845.2805 826.4686 845.9513 844.0212 807.3522 825.2003 846.6793 835.1304 834.9779 811.3914 789.0855 779.8026 790.5933 796.2606 810.1745 812.3887 831.3666 858.7038 851.8932 833.8312 829.3467 828.2540 811.2863 812.7420 817.7335 792.7365 792.5967 804.0303 800.1802 811.3691 793.9208 805.3511 839.3802 865.0684 865.4617 876.9712 857.1733 855.7335 871.2936 838.7859 814.5285 851.2366 877.4949 852.7740 822.4506 845.0123 865.9713 855.7011 832.6947 810.1937 796.6612 811.7009 820.1224 804.7284 789.4087 802.7725 831.8053 842.8401 820.3504 825.9454 824.0413 809.2336 784.7316 776.6376 778.3279 787.2896 811.7548
946.6158 962.4111 955.7712 951.9195 966.3245 972.3958 972.9582 987.4934 1001.3567 1029.7318 1070.7271 1077.0859 1046.7837 1057.5422 1079.1069 1109.4734 1130.0416 1095.8961 1093.2620 1121.5042 1128.8947 1128.8383 1108.5425 1102.8932 1091.6201 1057.6646 1036.3256 1009.2943 964.8309 935.7497 917.9761 946.4227 978.7203 984.6897 960.1554 911.0065 855.2938 832.1794 851.6932 859.1930 839.9595 800.4639 795.3400 801.6892 792.5204 790.3297 808.6325 830.4384 824.0413 828.5090 812.3756 793.4288 819.1407 849.9634 888.2602 878.9376 831.7706 819.1293 813.1086 835.1437 871.1160 865.3119 836.8423 817.3481 808.5471 790.0135 811.7825 835.9938 814.1395 814.4653 797.3738 778.6404 793.2517 814.3752 806.9498 814.3941 828.7957 833.6163 868.1692 857.3948 844.6608 850.5676 835.6496 813.7634 838.8769 833.5356 803.1710 784.4531 783.3012 787.1190 799.6121 793.3762 821.9624 839.3304 865.8596 875.8464 896.7729 893.5753 887.1255 865.8712 824.8823 806.6970 840.9034 874.6353 868.0498 826.3235 818.0350 852.7907 856.3458 839.4767 825.1094 800.2198 796.1011 789.5146 788.4460 796.9050 803.3997 837.5538 851.8246 818.8448 802.3676 789.4307 780.4462 775.6353 783.3867 794.7485 796.2692 806.3973
959.2057 977.0099 978.3052 974.4573 993.4912 1005.8472 994.9290 1019.4976 1045.1315 1063.6694 1104.1068 1105.6776 1075.6976 1085.8792 1124.3217 1161.2892 1174.0544 1145.6107 1140.6262 1164.9310 1163.9023 1164.4933 1143.3053 1128.7290 1107.7672 1043.3651 996.1973 972.9935 967.9562 953.7928 946.5239 971.4058 979.2061 967.1048 943.3106 902.3966 874.0883 891.5405 899.4514 878.6743 839.4476 791.7971 775.1313 784.0665 815.8522 828.3970 829.1776 840.7289 813.8350 801.2485 790.8981 799.8516 839.6704 869.9878 897.9287 873.1993 818.9662 793.5128 814.0868 837.7509 862.8873 874.5267 854.2797 814.3271 797.2092 782.7745 797.0145 806.3452 793.0300 789.9098 785.3997 790.0975 795.3633 818.0685 828.3519 818.2123 846.9494 855.9984 861.9893 853.1159 828.2037 841.6224 835.1851 830.8542 856.8953 837.7654 806.6974 804.2300 808.4828 793.0269 784.0472 807.5969 839.9626 833.4957 832.8518 846.3286 872.7404 891.3799 896.5206 866.5676 833.6927 800.4446 814.9018 852.2145 869.0660 833.2023 802.6711 815.8120 812.8076 815.2885 832.3543 830.2853 810.6995 778.5984 795.8079 827.9614 827.8262 837.3333 859.8004 840.4393 826.2699 793.2763 776.4413 791.5400 810.4126 819.2858 819.6364 801.4168
989.3415 997.3141 1014.2505 1019.7697 1047.1588 1056.6517 1040.3457 1070.1232 1110.7600 1110.3068 1124.4054 1149.9158 1122.1005 1129.8279 1163.8263 1177.0323 1196.9589 1197.7675 1183.1405 1145.6927 1121.4888 1103.0929 1085.5575 1077.0791 1064.2612 1021.4332 982.6583 978.5497 990.0497 977.8992 988.4354 987.3173 969.1321 964.6300 952.1888 938.3942 931.4557 933.2490 898.7921 850.6597 805.8065 777.5201 782.0165 800.1987 831.1670 852.4351 828.7985 813.7240 797.8698 775.8948 781.7830 803.7659 823.6987 856.7677 891.8723 869.6786 823.1503 792.4567 809.7120 830.9083 832.0197 837.3586 846.8295 831.2220 806.7632 782.8156 780.0580 777.5988 774.5967 777.7239 787.8910 811.6323 817.4861 803.7647 830.5220 842.6776 842.8239 859.4953 837.1435 824.6493 810.4340 819.7758 837.6929 840.5992 848.1318 831.8446 816.3116 837.3619 829.6078 805.3957 780.8812 797.6716 825.1676 802.9619 798.1279 813.2245 821.5030 859.0165 879.4185 840.9453 816.1393 797.6584 827.2112 853.9363 847.1552 817.7852 800.8060 791.6647 790.6612 820.4412 835.9165 833.3724 809.9278 772.1463 792.2229 838.7523 864.2490 851.8331 856.6979 850.9573 823.1422 781.9457 776.7321 799.3607 817.9337 826.8941 830.1615 807.0790
1040.0487 1054.0697 1071.8384 1084.0610 1097.3131 1118.5284 1111.8573 1127.9797 1166.6813 1174.9402 1173.7438 1169.6166 1140.1754 1125.8384 1129.8593 1129.6588 1151.2014 1168.8647 1172.0671 1146.1002 1117.0415 1086.8112 1055.6309 1022.4554 1006.7286 996.3054 986.3731 997.4763 1016.6772 1006.5080 1024.6827 1012.8234 1001.4465 1008.1925 990.2411 960.3873 943.8649 916.3557 866.9246 812.4506 777.1575 789.4205 816.9145 840.9528 840.0466 822.6653 796.4968 784.5082 771.0105 760.0685 784.0352 813.6569 820.6212 841.7055 863.4915 849.3851 826.5589 793.3219 787.5421 812.9728 807.1545 808.0105 822.6953 824.9589 824.3080 804.1809 772.5567 775.6023 795.6989 802.4524 799.9332 828.6535 843.0727 820.4872 815.3122 853.5909 847.4922 852.0229 840.0026 815.3055 804.8022 796.5212 806.9291 808.9398 815.5253 831.1694 841.7320 851.1241 813.5140 786.8414 785.1338 776.6879 776.8093 774.5173 786.2081 795.5400 829.1945 866.9968 880.4310 842.9683 814.7601 798.2411 808.4139 828.7416 836.1659 835.8926 822.9236 810.8978 788.9913 794.9196 802.0309 805.3815 789.5065 770.4719 791.8943 834.1423 872.0438 876.9417 843.1492 819.0699 797.5444 770.1355 779.0916 791.8857 800.3244 814.3137 837.1109 831.1696
1062.2493 1114.0192 1136.2109 1157.6498 1159.8010 1177.1450 1170.5403 1170.2491 1191.3857 1188.8951 1148.4803 1120.6328 1100.0083 1090.8826 1082.2794 1086.6549 1096.5084 1129.1973 1157.0795 1157.0280 1134.9709 1087.5476 1048.5632 1024.8851 1011.9296 997.7596 1004.0070 1030.5197 1052.8732 1050.8619 1059.2537 1039.5472 1020.8366 988.6644 956.3815 941.0056 894.4767 868.6151 825.2188 781.5862 770.5600 795.4761 836.3469 859.5070 831.3398 805.0474 790.4541 782.1503 767.1004 758.0735 783.5963 801.2656 793.0370 817.1462 831.0677 816.3250 813.4374 787.2230 774.2985 801.7970 802.3102 785.0816 796.0594 790.4844 796.3063 783.0141 768.0798 780.4379 809.4406 830.8787 821.7548 816.0753 832.5649 850.9993 827.4655 847.9565 844.2719 828.8475 839.2377 816.7833 798.6667 784.7365 785.8689 812.3823 834.0381 843.4573 849.3583 832.6981 803.3234 800.8009 811.1516 802.4904 772.8827 784.0846 816.3308 810.9084 817.7393 844.0889 874.0620 863.9700 836.5600 809.7667 798.6207 795.5533 811.4453 839.5743 850.8419 830.9221 803.8181 782.8857 773.1052 776.9419 775.6432 797.8808 816.2269 822.5856 836.7580 853.4382 823.5490 796.8737 783.4417 769.5469 783.9095 794.6785 806.9401 822.8174 840.1306 842.8931
1106.4901 1155.6180 1196.0165 1205.3297 1209.2141 1188.4414 1147.7211 1130.6290 1160.4512 1161.2736 1093.2321 1057.1627 1064.3654 1077.1833 1040.8092 1038.7670 1084.1469 1129.5046 1143.6833 1128.2761 1115.6757 1079.1903 1034.4558 1024.5194 1025.6987 1017.0349 1025.8502 1054.1511 1086.1442 1070.7710 1038.5143 1001.5327 975.1373 966.1075 922.2449 905.8376 856.3001 816.8387 795.8270 770.9948 769.6028 795.0334 828.7715 860.0911 850.7327 822.9614 800.9981 787.5428 759.4066 751.6651 775.3184 794.7518 783.5216 808.4445 828.7469 809.6174 800.2517 799.4519 774.5474 801.7001 805.2067 778.9539 774.7515 763.1861 765.1745 769.6835 778.5956 786.1093 810.7311 836.4879 852.3474 826.1627 829.8126 862.8847 867.0437 860.6419 844.5387 810.8630 804.0858 792.3015 799.0810 803.5557 792.0649 821.7549 852.3941 822.3680 809.6646 816.1448 823.5416 840.1630 832.8318 804.9783 771.5825 795.0637 838.4847 837.9932 821.1038 832.9647 874.6333 883.2010 845.0250 823.5286 825.4749 798.3013 786.2910 807.6530 854.0322 856.6340 815.5929 782.6487 766.2868 759.2803 777.4936 811.9611 826.8551 801.6940 803.9951 819.9901 796.5354 782.3093 768.6456 764.3100 777.1288 780.0610 782.5883 803.4235 818.3280 818.1685
1164.5653 1188.0648 1213.6187 1219.6584 1207.1974 1171.6947 1117.8313 1097.6857 1120.6892 1138.4855 1092.8241 1028.8335 1009.8911 1018.7834 986.9905 1005.4251 1047.2009 1061.3315 1080.0249 1084.9257 1072.4806 1073.8492 1061.8341 1062.4275 1069.2732 1062.7709 1064.1062 1085.1318 1073.6919 1026.8365 977.2120 925.6562 915.3351 912.3934 871.3719 822.4234 796.0847 781.0041 774.1014 770.6415 782.4996 811.9703 844.3750 848.8052 835.3784 808.2986 780.1266 778.1003 753.2875 746.7357 765.1400 786.7988 778.5985 781.0435 798.8998 798.5154 783.2341 785.7842 771.8135 790.9399 795.2388 767.0243 758.0867 759.9755 769.3522 784.6562 804.1869 798.2769 796.3055 827.6170 867.8696 859.9615 848.6304 851.1931 874.0630 840.1440 811.7729 805.9718 819.3801 816.0512 829.5286 835.8454 805.2357 822.8765 837.4421 800.6407 785.0803 819.0785 852.7363 861.0916 833.0216 789.6196 762.0263 779.7260 808.9643 835.3444 852.9793 842.5538 857.8146 863.9345 838.9394 832.6251 824.3148 809.4109 785.7194 795.1826 836.3583 854.2966 822.6768 797.7476 770.5228 760.9895 788.7990 818.4213 826.6807 795.8919 782.6476 790.3980 767.8386 764.7149 766.4224 767.2655 790.5467 796.3364 791.0192 791.5550 791.1813 803.1235
1134.8662 1155.1617 1191.4532 1184.9393 1153.4080 1144.3999 1121.0780 1078.0846 1077.9550 1112.6198 1100.2101 1050.2845 982.5228 955.1771 949.0786 969.9910 985.8616 996.9404 1012.6310 1045.0833 1068.5809 1093.8911 1103.3761 1087.1877 1067.2004 1042.2885 1061.0792 1077.1969 1033.1976 966.7885 944.7480 908.2973 854.5677 827.2076 798.5575 771.7061 765.9918 769.2607 778.5325 797.9835 822.3391 846.6765 858.8707 825.5717 801.2874 792.5939 773.1220 758.0262 745.4017 746.8239 756.1389 760.2249 762.0947 754.6422 758.3118 760.9618 757.1838 757.3138 755.1935 761.4399 765.9922 764.2484 773.7336 780.6708 771.8336 790.3113 818.9625 831.6117 831.9082 852.7534 885.5871 891.5804 879.4630 849.8946 847.6506 817.6162 824.0203 831.0211 848.3057 856.6403 860.5604 857.7374 819.4415 795.2963 786.6686 773.7283 767.4775 788.6294 841.1786 854.2726 824.7549 776.8032 765.7790 789.4918 801.2297 833.1962 870.5851 868.3702 869.0870 854.4006 823.5036 809.7379 797.6826 791.5716 781.0363 775.7234 797.6331 800.4343 793.7166 804.6750 779.8135 757.8434 783.5299 811.7676 817.0526 793.6950 777.1241 763.0228 757.5847 764.2225 767.2833 781.6474 805.5535 810.4906 811.6217 810.2971 806.3112 795.8173
1072.4069 1112.8304 1127.9785 1102.1141 1080.4205 1100.2312 1086.4088 1050.1930 1046.8616 1077.9363 1094.7047 1044.9689 988.0878 963.2499 944.3280 926.5558 934.9012 956.9468 988.7302 1051.5175 1088.5342 1102.3872 1082.5609 1041.0616 998.9273 977.7576 1003.2724 1018.2202 1010.0310 946.8027 898.0541 862.7031 810.5208 786.4279 773.2144 773.1920 784.4310 802.4930 819.0892 845.9608 863.5174 862.1603 839.6411 798.8889 780.9070 768.3825 758.8553 748.3645 745.4506 758.3112 769.1039 752.5387 746.3717 757.0508 764.9013 766.4543 763.7217 759.3055 773.4669 776.0132 771.0541 783.8931 795.4949 805.4341 777.0740 790.5591 830.5873 850.1941 850.6559 837.7929 833.2340 844.6653 870.0078 873.6289 868.3733 854.9999 865.8741 874.0310 877.7137 871.8566 846.0737 842.0581 826.0187 787.8105 776.7655 780.5504 769.1897 764.5626 789.6122 804.2769 780.6371 762.7285 770.4853 817.3690 829.2277 821.9855 838.2889 846.0056 863.5560 871.2821 844.4562 829.5976 823.2092 806.7155 787.4193 783.1365 773.1370 769.2200 765.7623 772.7907 767.6848 770.7383 801.3198 799.1898 801.7259 785.0228 767.0964 758.5319 766.0218 768.3533 767.5780 785.2745 800.4647 806.0626 808.1213 821.9482 816.9858 809.6985
1033.5977 1070.4370 1063.0526 1030.4156 1027.6687 1034.6737 1026.2688 1021.2843 1039.6348 1079.8063 1093.2394 1047.8005 1037.1006 1018.0900 967.4493 902.8146 889.0209 918.2944 970.2677 1034.0220 1058.7852 1062.3292 1054.1753 1001.0956 957.1279 934.8118 945.2740 973.3237 970.6923 917.7549 858.7233 804.7076 767.4205 760.7773 775.2119 802.4442 829.0367 852.8202 861.0902 865.7562 858.1191 824.5072 781.7512 753.5297 747.2089 749.7527 748.5681 758.4356 772.7223 789.0672 791.2766 762.6559 758.8857 774.9691 784.2804 791.4345 788.7920 773.3526 798.2408 806.0705 798.4443 797.4384 822.3891 829.9485 797.7451 785.6295 787.6514 794.5119 796.2745 798.7252 805.8379 817.5360 839.7546 891.2410 913.2969 899.6712 905.8292 889.2588 879.5687 874.5128 831.9779 809.5089 796.4383 784.7156 797.1758 797.3492 778.9316 776.8751 769.2535 769.9993 765.1611 756.7425 776.8682 820.7989 849.1739 814.1963 793.0946 812.6387 832.6886 844.2386 855.6196 851.6766 828.8930 804.6940 795.6175 791.7635 781.4916 780.5662 777.2373 769.9609 760.3223 756.2347 771.4075 778.5859 767.3272 757.8926 754.8914 769.6189 788.7495 784.7026 768.1592 770.6324 778.3031 781.2035 790.1143 822.3855 838.0568 836.2854
1004.7655 1030.6143 1028.7905 999.9728 987.1179 994.8487 1010.1352 1035.6960 1058.6548 1106.7585 1145.1794 1122.6696 1082.6522 1025.8215 949.9733 890.1415 872.6055 898.0114 947.9792 1008.7170 1015.9030 1008.9827 1038.4583 1018.2821 963.1837 918.0884 921.6027 927.9211 895.3464 846.5671 814.7686 785.9578 763.0010 761.9949 792.2933 833.4468 869.9191 890.8841 873.3947 833.2471 802.7761 795.5530 761.7271 739.1223 743.3180 759.9105 759.5952 779.9825 795.9727 816.7645 814.1465 779.6880 782.8757 797.2662 803.2531 810.2509 791.4260 785.6008 821.4427 841.6393 843.4719 825.9921 859.0607 866.7860 830.3931 790.8691 777.1626 788.7307 791.1478 804.5291 821.7959 848.3134 854.9836 887.7506 920.8789 881.1826 890.9457 878.1355 836.9900 845.7455 827.1461 803.5756 796.1960 806.9697 813.4106 814.2578 797.3606 801.8162 792.0958 786.8849 771.3953 760.1426 780.1535 810.7352 836.6592 813.8600 784.5200 819.0433 810.6453 811.5290 854.2369 865.4295 837.0319 814.3085 804.6791 798.6935 797.5247 795.4208 800.9188 789.0555 780.1926 760.8259 756.1044 752.8540 749.2145 758.4592 764.8342 786.1690 809.5163 800.4223 784.1327 780.5193 797.4425 805.1565 794.5723 798.8647 821.7170 840.3352
947.6141 954.5200 972.3418 979.0954 993.0607 1028.6707 1058.0927 1101.5490 1127.8357 1145.8427 1154.7667 1119.0386 1062.3002 998.2937 932.7974 875.0718 861.1752 889.4476 926.8836 983.6163 977.2955 956.9081 977.3641 964.3978 925.7747 871.4151 846.9105 841.9537 844.1521 825.6508 792.9373 771.0947 765.1884 793.1614 831.1577 862.5887 881.7067 864.4601 835.8212 795.4613 760.8923 752.1157 745.7524 736.1607 749.2609 770.1091 783.0833 789.4072 807.2095 824.9493 818.3673 782.5829 797.1771 822.6674 823.8176 839.8750 805.8592 799.3892 833.5550 848.4874 856.4740 848.1060 862.1606 865.5193 827.4573 787.8089 775.1256 793.4593 800.3936 824.2414 840.5590 851.5372 872.3771 913.1540 905.4977 862.5149 850.4667 842.6252 815.4022 806.6654 807.8439 805.0056 800.0378 815.0017 833.1758 839.1982 823.9388 824.2316 806.4446 782.4359 770.0948 765.2179 754.5047 765.0923 802.5161 806.1884 775.3305 803.7746 793.6079 800.5484 850.1658 878.7433 865.4848 829.8528 828.8186 827.8263 820.2135 820.6507 820.1508 804.9745 798.7582 774.0063 756.8697 749.6259 758.1862 779.1449 782.9553 794.2537 807.8115 814.0897 799.2889 794.1492 808.7109 830.9216 818.9992 801.8179 805.9037 834.4048
915.5411 893.5791 909.0406 965.7818 1022.6180 1074.6639 1104.1550 1138.2325 1137.9169 1082.7112 1059.6077 1019.8448 1015.7086 978.1834 914.2365 884.5856 866.8698 894.5955 942.0441 963.5772 920.1684 883.1381 870.6285 865.4416 856.8104 812.6942 778.4564 788.6888 818.3004 840.9022 806.4578 772.9719 768.4093 810.9547 840.2308 840.0015 829.6808 807.9705 800.1948 784.6185 754.4382 734.1803 735.3208 744.9290 760.0858 776.3810 796.5645 813.2899 825.2172 822.6978 801.6559 773.0123 796.3995 828.7314 852.6487 858.4738 825.1069 801.7224 815.3367 829.9075 855.5490 861.2028 839.7607 823.2623 809.0085 791.0095 792.7548 803.4820 808.8694 834.2198 860.3497 880.4341 878.6539 918.0220 917.0430 874.4985 840.7734 819.3883 836.5216 831.7210 834.0692 817.7659 805.0375 806.4951 834.1194 851.6896 842.9675 848.0655 829.4807 786.5189 782.3838 785.4858 768.9344 755.9958 764.1353 776.3077 761.4521 772.3448 775.6036 797.5893 822.7339 854.3058 859.9353 827.6420 807.8763 804.6428 799.0118 812.3877 799.3309 783.7025 777.2117 762.3785 752.7864 751.9761 764.4100 790.8008 795.7238 808.4846 817.5787 820.6278 809.1428 810.0995 800.9846 823.1597 834.2664 830.6166 815.8610 823.7372
888.2304 881.4952 911.2665 976.4093 1056.1539 1095.6049 1066.0059 1053.6456 1059.3467 1007.7698 966.0706 941.5879 936.2218 951.0712 929.3240 904.6999 854.4454 849.7417 896.8298 918.6509 870.4377 824.4766 806.5827 808.2139 808.3376 800.8541 771.7656 797.4638 816.9402 827.1627 798.3982 760.2564 745.7175 774.3136 801.1352 793.1019 775.4494 769.4492 778.2584 759.7432 736.8702 738.7227 757.3615 772.3665 774.9868 796.1409 788.3618 808.9662 817.3252 792.9178 778.8019 771.1213 784.3350 821.5936 846.6691 836.0287 813.2476 796.3585 801.1175 810.6532 828.9822 848.5264 841.1234 817.8839 798.6263 805.6617 821.0232 810.1096 827.1396 833.4203 848.3406 871.7551 886.8608 903.8857 920.0232 917.7819 881.4023 841.9581 865.8879 883.2345 856.7727 830.8025 834.6664 828.7716 857.4218 852.0940 827.2211 826.6448 837.8873 807.6500 807.8464 802.6556 801.7164 784.2909 760.0541 752.5674 746.6652 766.9286 796.5752 811.7698 804.2112 797.4639 827.7971 833.2198 805.7890 786.7418 788.9492 786.4043 783.5934 797.0145 795.5829 767.0399 752.5113 766.5337 791.8498 800.5908 814.4699 813.5320 838.1779 837.8252 827.2229 821.7479 814.8481 819.6304 835.5787 844.9885 826.7404 821.9203
859.2461 890.3349 945.5074 1010.8690 1061.3251 1044.3354 984.1849 960.0531 973.6228 947.5561 895.6581 896.5040 892.0658 903.5298 899.5064 861.3459 806.5399 781.5757 826.7894 852.2946 842.8557 810.0894 784.7458 774.3526 771.6092 770.4160 766.1607 784.6406 778.1142 769.4771 760.0895 745.0867 743.7680 767.7220 790.8408 782.8593 764.9636 746.2662 766.4578 755.8414 735.1919 763.4648 792.9141 805.1724 798.8225 810.3647 813.2327 818.3683 826.0634 800.0798 801.6010 792.1192 768.6138 791.9076 813.1753 830.7057 834.4730 821.0695 816.0996 800.0428 809.6577 832.4375 837.6023 814.8680 807.9415 838.3699 843.1557 810.7606 805.2365 814.2906 830.8805 844.6229 857.2842 871.3383 903.5569 937.4706 914.7408 876.3302 889.9142 916.7480 874.2160 862.2670 881.6894 863.5823 873.5045 839.9565 798.7393 815.3936 834.5840 816.3404 827.1287 827.1644 833.5613 811.8079 775.3367 757.7963 750.6439 772.6533 814.7092 807.7889 774.4914 775.4630 821.8300 843.5682 822.9756 809.2797 819.0560 801.4436 802.8314 812.7121 786.4083 753.5083 750.7293 772.0344 798.3152 804.5267 809.9395 813.4071 834.1602 836.0154 812.8959 801.8021 815.5120 823.4291 842.9637 836.3792 808.6138 818.0752
842.1525 884.7999 946.6551 1001.5109 987.7709 965.5314 929.1833 904.3657 911.6260 917.0988 881.9202 864.8246 852.6663 834.4097 842.0958 802.6653 768.6629 744.2742 759.4095 789.8699 808.4638 796.3194 786.1234 769.7635 751.9823 742.1932 742.3004 746.4977 736.5989 756.3426 774.0726 776.8706 774.3849 780.0591 790.0107 768.2331 748.1267 730.0562 745.1674 742.0588 736.6009 762.9023 791.5394 801.8491 796.6360 813.8307 837.6467 845.5536 842.2806 825.2538 809.6470 786.3082 768.3105 768.7822 787.0874 815.7166 848.2648 844.2570 827.5831 828.8069 825.6132 836.8490 831.1185 822.6420 826.0554 866.8759 857.8333 826.7078 810.8108 826.1483 865.7230 892.1310 909.9501 915.6918 936.3716 960.5438 948.2809 907.5731 918.9006 944.3627 919.0096 907.9082 920.6798 879.3593 851.4159 817.3016 782.2695 800.6194 816.3455 793.4931 799.2844 835.3467 846.9892 818.7883 777.4329 779.1191 765.9068 755.3209 802.9670 808.5932 768.2233 774.3043 813.1011 837.4261 840.6881 849.0709 842.4447 812.1634 818.2004 812.7774 771.0987 752.9335 751.9298 763.9201 771.1553 775.8970 784.6187 801.0163 814.9131 795.0374 778.6176 772.2667 784.9744 814.9828 848.1375 832.6560 799.9840 799.0364
840.4621 875.6385 922.9200 936.5891 899.4548 881.5391 889.3304 871.5024 868.1741 872.8563 862.8818 828.0178 827.8802 802.8733 797.7955 779.6887 747.2189 733.0974 760.3655 765.1193 760.8119 754.4568 750.0551 746.4568 754.2444 749.9297 723.9893 716.3464 737.1876 758.8313 760.3522 756.3550 767.6606 783.8563 771.2986 738.5091 732.4219 740.3447 738.8972 735.3887 757.2443 754.0032 768.6265 777.9694 792.6596 812.1114 818.9504 820.3525 810.1587 800.9402 800.7915 796.7754 795.5121 797.1642 805.3024 820.5087 847.1313 860.8258 846.8465 849.1093 845.1653 841.2682 853.5856 850.9409 827.9115 853.6441 872.4019 840.8999 835.1616 831.5019 848.5759 888.4020 924.4044 917.1596 922.7939 964.6592 943.8434 883.8524 890.7144 931.7870 940.2266 948.2344 920.3719 861.0925 822.5255 797.6938 782.5788 778.3432 782.7546 779.4448 772.0297 804.3301 809.4879 804.4177 791.8539 782.8474 759.4505 746.2812 759.7808 768.9499 757.8582 759.4763 787.4150 803.7744 805.2128 839.7067 846.8360 820.7508 804.1338 797.0568 776.1022 753.1821 752.9410 770.9810 792.2698 801.1500 812.2455 805.0432 801.7035 780.0215 766.7244 781.3032 793.7106 819.2634 836.0020 827.9000 803.8871 782.9126
811.4437 832.3086 865.4578 873.1271 850.3099 818.4095 826.8375 824.7105 824.5554 823.6828 813.6660 786.8093 793.9145 783.6805 765.8807 774.0592 763.9281 742.8201 756.5844 730.2591 719.4510 716.0575 712.6630 709.4257 725.4843 746.8833 713.8055 713.5326 725.3954 722.8655 722.6970 723.2791 731.4135 753.3523 741.4517 724.5411 745.3459 769.2257 761.7891 752.8714 778.3209 775.0201 795.5406 795.0624 775.9628 769.7096 771.1395 775.0113 772.5796 773.4452 792.5518 806.0005 813.7021 813.6645 805.2436 806.3385 839.6569 874.6792 867.9988 866.7690 864.9348 857.0070 878.2336 862.4594 830.9127 844.3718 865.7002 858.4632 856.8710 844.7521 853.4216 852.4539 877.4467 883.9352 876.1652 925.5710 931.9539 871.4216 853.2531 883.1569 905.7637 936.8387 911.4335 868.4954 844.1140 818.2089 795.6606 776.3184 762.3809 766.0353 764.2504 770.0341 769.2556 767.1995 760.6407 759.3143 757.9208 748.5770 742.2235 740.9187 740.7723 773.5538 795.1871 776.4894 775.1855 800.8687 830.8051 822.5524 787.3610 768.8735 762.4322 744.7326 754.3882 778.4498 813.2781 810.7185 796.1443 775.1744 764.9177 768.6035 766.7804 778.1439 777.8196 777.7463 794.5220 797.4514 783.2714 785.6004
767.5306 761.9138 802.2690 829.3929 823.8502 797.1727 789.2232 780.9886 789.7761 789.3874 759.8881 750.5547 769.2628 762.0372 757.9936 749.9139 749.4194 722.3723 718.7726 701.9194 702.8522 709.8771 708.0704 711.8485 713.2999 727.8238 707.6533 707.6088 713.1561 715.9532 727.9004 740.1728 738.5979 740.3362 734.8342 729.4762 743.5526 762.9843 781.2131 787.0299 806.4339 809.7302 816.6429 804.3445 778.3121 775.6745 772.6342 768.3425 772.2947 779.9075 791.9282 792.0344 797.2877 790.4640 779.1819 790.4824 833.5457 884.2996 890.7385 896.5117 885.7361 875.6014 866.4229 846.3102 839.4464 863.3320 875.9226 879.4178 879.6091 859.1923 858.6321 861.9990 875.2094 871.7031 847.2824 890.5695 914.9904 875.9979 835.7476 866.0620 889.3613 918.5073 928.8596 915.3937 880.0618 823.5609 799.1215 784.9894 771.6293 794.1687 800.5693 776.9869 770.5077 761.5756 781.7749 794.3619 790.8812 765.1403 771.4411 765.5757 743.4489 753.8383 761.8829 760.3574 792.8575 807.3365 823.7959 833.4661 813.0723 792.7748 774.6127 746.4452 747.1156 766.0958 801.4395 795.2942 758.8936 756.3601 772.4259 780.1268 778.6938 764.0134 771.0006 765.6849 766.6920 778.8383 775.1605 776.3826
778.8905 739.7283 762.2101 772.0752 779.1506 760.8336 758.7466 754.1483 760.2329 764.0539 761.5046 744.9205 763.6979 748.3472 723.5970 716.6516 711.2432 701.6176 699.1425 697.5624 710.0026 732.3496 734.4877 737.3935 727.1537 717.1980 714.5715 725.8788 741.7537 741.9954 764.4442 782.2582 775.7036 782.2815 781.6035 758.1602 736.6231 754.9091 783.8277 804.2972 816.9217 824.3640 816.8715 806.0200 786.5106 773.7422 774.3273 780.6192 788.4673 794.2726 793.8586 773.7633 773.2268 771.0300 773.6748 810.9804 860.0158 884.9947 894.3941 921.3229 913.7501 876.8345 831.9004 818.7065 821.6613 835.7780 860.6259 892.8724 899.3048 883.3922 850.6652 864.8633 893.9202 866.0109 824.1122 846.8377 870.0942 857.8375 825.5112 848.2967 856.9641 871.7863 892.4503 909.1171 914.0325 862.7051 826.9013 787.7300 787.2590 811.7313 831.5106 804.6038 789.9089 769.7531 796.5621 813.8144 790.3685 780.8540 796.6716 772.8610 761.5748 755.6731 739.8337 751.1192 793.4081 810.5255 791.3986 806.9736 804.2255 815.7709 794.6790 773.4996 751.7686 749.4984 781.8018 775.2922 749.1243 762.3735 790.1984 806.3748 801.2996 779.3392 791.3309 785.6687 775.5816 796.3172 797.4833 776.4271
765.5906 720.3528 721.4853 712.8337 722.5398 719.9569 733.0061 738.6298 735.4203 747.1609 758.1796 735.5618 725.3985 710.9201 696.2836 697.2860 700.3637 701.0486 702.1728 712.0814 722.6041 750.9363 777.8577 782.9449 780.6321 764.1219 765.0693 770.3018 783.8918 780.7102 799.3817 823.1383 816.9467 824.4973 815.1489 772.1152 748.8582 739.5130 757.1180 782.0151 802.2883 803.8027 787.7747 792.3969 769.9535 755.6057 769.8603 776.4448 789.0437 798.5888 787.3618 768.7098 763.2452 764.6217 775.2385 813.2117 843.0611 841.3206 854.6929 900.7630 885.6758 850.8156 830.5607 836.0887 841.2426 831.2614 865.9230 895.7046 875.1921 860.8732 829.2627 839.8199 874.8003 855.0823 815.7130 822.5349 848.5353 848.4128 828.8377 813.1736 835.2855 855.6862 866.4724 885.7289 914.4982 883.8704 831.5651 792.5336 821.1625 842.8352 841.3837 809.9526 803.0287 790.2640 804.4479 815.3780 790.4121 788.7159 801.8679 784.3906 791.2136 773.5338 745.4202 740.2145 766.2809 788.8760 763.6748 764.2517 780.1354 812.9702 801.7069 780.7499 754.2444 744.2626 762.5193 752.3605 750.4929 760.9949 772.5042 796.4317 805.9529 799.3588 809.2543 796.6812 788.3735 812.5603 800.9532 782.5203
734.6332 694.6033 681.6030 680.1031 687.0973 694.5600 701.8328 713.3749 714.7807 720.9590 719.4135 710.0641 700.7133 698.2789 705.3714 717.7612 724.3350 739.7776 737.6066 746.0858 744.3205 751.5229 796.3423 839.6068 855.5007 845.6792 830.7745 821.2475 834.3632 829.6129 811.9848 810.9440 815.6813 827.7758 820.7900 788.2178 785.3589 765.7526 758.4064 776.6218 790.8047 794.0639 780.3771 770.8011 757.6190 749.3926 763.5029 771.4247 783.4880 780.1841 760.1190 762.6565 772.4548 770.4425 784.3052 814.5617 824.3141 838.2262 879.1631 902.2592 865.7922 838.7521 841.2546 857.8471 871.3344 847.7092 860.4872 889.9145 867.0623 847.3994 823.0370 819.6011 855.6882 836.9252 811.6438 835.1164 861.8624 877.3153 853.2093 820.1246 850.3255 871.4194 859.2166 834.8498 876.0726 875.9080 825.6705 817.8450 831.4606 814.3257 805.6299 790.8348 786.2900 802.0808 795.6085 805.9790 789.1428 764.6835 776.0671 772.1611 789.9811 776.9461 759.0334 739.7791 739.9825 757.1160 750.8533 754.3879 778.5099 794.4293 789.2747 765.6016 744.9937 738.7572 740.8797 751.5567 782.9822 793.0793 784.0341 773.6343 794.3912 815.5555 827.5524 799.8815 794.4799 824.6672 808.0206 783.2725
691.0330 685.3275 687.1338 678.4999 677.3183 683.7552 688.2038 689.0771 692.3763 696.9313 698.1050 696.9651 699.8144 720.7814 754.1633 761.4381 773.0671 793.1885 780.5820 776.6384 763.5369 764.6818 795.7225 846.8843 886.3945 897.2314 889.5931 879.3262 866.8920 840.0549 820.1345 790.9116 777.9731 795.3032 813.2158 817.9193 826.9241 805.1595 798.3325 797.6948 784.4418 778.1641 785.3717 765.7139 745.6311 748.0410 760.1487 774.8925 779.3052 761.7523 755.4084 771.8141 781.4214 788.6672 794.4771 819.1658 844.4136 862.6431 903.1421 917.1479 879.9089 859.1635 861.6401 884.6682 904.8935 871.3008 872.2443 897.3856 866.7199 835.9922 819.2955 813.2231 846.1091 826.4570 806.7516 854.7604 863.4930 869.2927 849.3913 813.6142 838.7131 833.2994 816.8010 806.9773 846.0292 876.1257 854.4978 844.4296 831.6328 789.3258 777.0479 782.2759 776.5504 771.9109 768.0874 785.5352 773.2111 745.0219 739.3019 736.9880 748.8192 749.0276 738.7145 731.2557 730.9414 735.4684 736.7945 741.5645 746.8977 745.6724 747.3436 741.3198 737.2413 741.9751 743.9860 756.4864 797.5402 813.4871 806.9948 784.1912 780.5546 806.6079 832.6891 802.4547 805.4588 823.0294 799.2381 779.2675
675.4517 698.5162 721.7318 704.1671 685.7820 684.6265 684.4431 687.2935 692.1599 690.9927 694.9747 706.8156 729.0137 766.7219 802.6499 805.7325 819.4865 840.3397 823.4213 803.8050 794.1444 802.4669 822.7438 867.0387 905.7423 937.1530 936.9569 912.0427 858.4494 812.5494 800.7310 783.9789 759.2605 766.1167 789.2542 800.2367 824.4328 828.4393 819.4811 822.3383 813.2405 784.6971 766.2523 760.9900 743.3101 744.2913 756.1760 762.4489 757.6331 756.2195 759.4229 777.2906 794.6053 817.3341 817.2952 814.4435 850.3950 893.0734 928.5540 948.6874 922.6012 895.8618 882.7305 912.3809 911.6295 883.7485 899.2286 926.7958 907.3621 888.2668 857.6132 808.6131 806.6104 809.0027 811.3003 849.8963 843.4764 824.6107 832.9634 809.0734 807.6453 793.5722 798.3428 813.1042 833.5256 876.3615 877.0621 842.1035 818.3229 797.7749 805.7237 802.9627 801.3822 792.6115 774.7548 760.7637 755.6256 746.4225 740.7834 727.2984 726.7148 726.4051 729.1195 734.2963 739.4321 747.2415 745.3329 737.4216 736.5039 744.8591 744.5959 747.2209 748.3260 751.0923 756.8505 748.3749 761.2090 779.2905 782.5312 786.7074 793.3289 816.0510 839.2807 808.7296 828.1946 837.9706 815.3867 787.9263
675.5232 694.0746 731.7786 732.0981 720.4491 717.7887 717.1537 729.9581 726.6804 722.7716 730.5270 747.7896 774.0972 810.1262 843.7042 853.4200 874.4039 897.1725 884.7404 863.3372 842.6082 860.5555 880.3787 902.0803 895.7876 887.9729 891.1987 879.0428 829.3071 781.3808 764.4824 756.6147 743.7582 747.7524 770.3862 765.9577 789.8035 800.7960 788.7592 801.9609 811.4536 783.9951 751.4722 739.7286 752.2206 754.1005 750.4708 762.3601 761.5690 770.9447 774.0994 790.3762 821.1373 850.6053 837.5536 822.5900 863.7631 909.5164 950.6154 984.2020 981.1993 946.0209 918.8286 934.9572 930.7100 918.0711 917.3060 940.6935 953.5971 935.7714 878.7799 816.9897 798.4618 788.8201 817.8532 856.2128 850.3258 822.2549 812.5062 796.3806 785.1119 798.3763 831.3915 851.1640 832.8351 847.8859 872.2368 858.1890 830.0219 825.0798 817.8255 784.6758 779.9880 791.6560 792.4929 780.6705 773.3892 766.2488 750.4680 729.5822 725.3160 727.1126 732.5453 739.6469 741.6691 752.7830 757.2471 751.7369 745.2543 752.7631 766.6342 782.1628 769.5422 754.3307 767.1863 767.3127 757.9310 760.5563 766.7627 792.0671 833.0181 852.2089 849.0935 825.1403 848.0905 842.2584 816.6107 793.4263
675.3139 689.4630 725.3569 741.9507 756.7693 758.0036 765.0918 781.1508 755.7653 759.5406 771.9343 787.6401 799.9569 849.3714 883.7625 903.8579 922.1824 943.2426 929.3293 916.3553 904.7713 893.6942 895.5743 876.8006 854.2874 843.8489 844.0400 837.7051 824.3641 784.8979 768.9174 760.0056 744.3536 740.1940 754.2594 755.9594 777.6022 787.1873 769.5443 779.7951 793.3969 775.2713 750.1016 737.6401 755.7623 771.4154 755.8475 774.4075 777.0582 786.4203 798.9941 813.4700 854.5530 882.0352 846.7018 826.9353 837.7843 869.1660 929.1886 980.8873 989.6826 940.8123 901.0094 911.3421 905.2711 880.3038 859.6341 881.1859 926.9631 922.1818 862.3735 834.8655 830.1876 799.0264 816.7579 860.4185 870.3745 843.7182 811.3851 784.9059 801.5665 821.0595 835.3502 859.7990 858.8646 853.5065 852.8252 831.4996 830.3405 821.8565 802.3831 776.5476 765.4764 783.8387 797.0245 799.5493 789.1523 770.5808 751.4140 731.3481 725.5269 727.4623 731.7296 730.9656 733.3503 750.4118 770.0855 771.2075 762.5268 760.5027 777.2314 793.8489 778.5563 760.5242 772.0996 782.8275 787.2021 783.5565 778.7061 804.0486 849.6314 876.7318 859.4218 841.9580 867.0671 868.1517 842.3010 818.5777
681.4285 701.6464 723.8149 743.8181 765.9155 789.3920 792.3935 802.9081 783.4413 788.8809 804.1085 826.8810 827.1180 853.3734 872.9494 907.7681 932.4172 924.4372 897.7145 889.9454 895.5056 858.8367 847.6568 827.8287 814.1243 809.3337 809.2315 806.6279 827.1931 813.5479 790.1616 761.9570 751.3038 742.5764 748.5683 767.8021 787.4118 785.8697 764.3878 768.7002 778.8979 776.5145 750.2858 736.2029 752.5134 770.0820 766.1666 768.8580 770.1125 788.7184 803.2446 826.2141 862.8778 885.6057 863.8560 848.2715 851.4152 848.0349 882.2309 923.7189 953.8481 915.7991 869.2045 861.5890 857.5935 831.7408 818.5225 823.8446 860.7766 882.9151 837.5682 835.7629 833.1495 796.2820 813.9180 854.6469 866.8613 840.6065 804.4399 778.0884 785.8885 796.7991 801.0233 816.6975 830.0502 855.8035 847.1202 800.5673 784.5021 779.1091 772.5474 768.9040 761.9647 766.8743 771.8456 773.5981 766.9321 759.4235 749.6348 732.8982 730.3294 728.7318 725.3818 724.1849 731.5231 750.7001 772.8533 774.7897 778.8947 765.0492 764.1864 775.5897 776.1892 770.5788 761.9755 774.9438 788.4198 783.3703 790.5891 801.9394 804.9620 836.8341 863.0168 869.7268 886.4026 886.2178 847.8605 818.9092
720.1469 739.5294 755.1802 770.4352 776.0145 811.3861 823.9862 831.0762 831.5024 839.1542 853.4187 866.5685 859.7921 854.1290 847.3633 888.1783 910.7442 882.4124 850.3055 844.2335 854.9058 812.5342 801.2379 797.0809 776.1902 775.9214 778.3960 779.0877 794.3781 783.8532 760.2415 758.8360 765.7715 743.8281 749.3421 775.6335 786.9841 774.7363 768.7785 778.7875 780.1431 781.7917 756.7904 740.4005 757.2034 757.3022 765.2669 778.1791 777.0419 783.3459 789.6421 814.9826 843.3348 879.1932 876.2280 849.3703 866.3116 873.9688 863.8322 888.4379 939.7817 922.9578 875.4576 850.8192 842.7600 850.8635 840.4518 804.8453 822.5375 851.3884 832.2739 801.2355 802.3940 786.5150 798.6727 839.4938 829.3029 823.9810 781.6283 764.3810 785.2645 804.3633 813.8590 813.6053 823.3381 850.9057 830.1714 797.2880 794.8630 795.1131 799.0638 790.7475 775.5302 755.3068 758.6368 766.1418 763.5928 757.6036 744.0995 734.4596 735.6129 731.6222 724.3408 723.5667 731.9501 738.4015 747.3870 754.0441 766.8416 761.0010 751.8514 758.5991 773.6918 775.4510 756.4778 758.9231 756.3961 754.2461 759.7531 765.3559 771.5844 789.7246 820.2127 856.2797 882.3840 892.5125 865.3303 850.2677
770.5880 790.3066 800.7528 803.7664 820.8340 852.9667 865.6152 882.5236 902.1522 913.8101 915.9207 902.7637 874.8345 846.9233 821.4859 846.0580 865.6636 834.8924 806.7750 812.0814 828.8813 791.8452 773.8847 771.9197 755.3497 742.5820 750.7448 769.3369 781.0359 760.9059 734.3677 738.9236 749.6216 729.8721 727.0601 736.0239 755.2305 751.5168 767.9879 782.6031 779.4379 789.7452 765.4123 738.4189 734.2548 740.7422 760.0232 769.5933 769.1325 787.3925 800.9396 821.3700 846.2386 875.8392 881.2969 857.0471 866.2452 895.0311 892.3122 904.5023 956.8890 954.4266 930.3679 898.5089 882.6005 894.5692 891.9633 845.5885 806.7252 812.6326 835.0222 813.8411 793.9776 778.5005 781.1406 819.9227 815.8274 790.4565 770.9756 780.2156 792.4061 823.3111 849.6682 827.5145 815.8032 845.0918 843.1506 824.9464 825.1635 822.9263 829.7340 824.0664 788.4836 754.3955 745.4146 758.9144 762.6390 754.1573 735.2425 725.1359 725.6519 723.4821 723.5236 724.9824 729.3572 730.7953 729.9727 735.5372 743.2969 741.7267 738.2493 743.0057 756.2352 769.4153 750.4498 745.1302 744.2790 743.4330 751.4501 758.7319 762.2558 761.5760 774.0815 798.4598 832.4048 878.1500 887.5148 878.9237
820.3021 841.6245 855.9288 852.8239 870.5478 902.5917 912.8195 928.9867 955.6450 961.0385 941.4740 913.0347 869.3557 822.9238 798.4097 803.2946 825.2285 806.8562 777.5085 797.8079 801.7618 766.9310 745.8726 748.9730 735.0418 720.7520 737.7934 773.5276 771.4324 744.9542 725.5337 712.5956 721.0275 722.4228 730.2848 723.3220 725.0792 740.5049 755.2210 766.6609 758.3536 779.0256 755.0569 727.3357 730.1048 740.1421 757.3877 759.7284 761.3461 776.3813 805.6281 843.0195 879.0535 898.9831 904.5103 879.9084 874.9909 910.1194 919.5909 930.5061 978.8040 992.4361 956.3245 917.6859 899.1512 883.6085 890.9084 880.3609 823.2261 796.9478 817.5160 831.6760 815.7904 785.8041 774.0621 810.9494 823.9678 788.1358 770.1613 789.2650 805.8348 826.7382 844.7252 827.6443 810.5329 836.1341 842.4002 809.2076 795.6147 793.1872 807.7524 820.3149 782.0959 750.9998 739.3970 743.9632 748.3060 738.0891 726.4475 720.9188 722.8801 727.6402 727.8398 728.7532 732.5172 736.5797 740.1317 740.0676 735.5729 743.2595 740.8215 737.0665 737.3228 743.5553 742.1057 753.7416 758.1508 749.8857 754.9821 773.2203 774.4655 764.1904 771.5364 796.0647 821.3056 833.5112 849.2831 872.6606
866.6635 897.3065 912.7930 908.9515 911.9257 919.6943 916.2974 909.2845 921.6907 933.0966 921.6276 886.9145 868.4092 842.1882 816.7780 789.3574 791.0146 796.5544 766.7745 770.2585 765.1656 740.6931 735.2648 734.0953 723.3303 719.1503 723.5546 746.1666 750.6992 742.1502 735.0447 712.2422 715.1469 730.8895 739.6299 733.8064 723.5689 733.9886 732.2073 738.2503 734.6014 743.9402 740.0991 729.6451 739.9959 757.1062 772.8935 778.2935 775.9171 781.5391 813.0807 848.6984 882.6401 894.4216 908.3824 901.3427 894.3910 925.7774 962.0327 972.4198 995.5308 986.5854 935.6125 899.5437 905.2742 876.6784 851.4333 865.5897 837.6217 796.7574 778.7976 791.5516 794.1520 774.2580 766.0480 782.9291 788.8076 771.9007 781.3693 794.1159 804.4189 826.9793 837.4325 823.5839 790.3912 786.6985 788.2210 776.1239 766.8580 760.3726 760.4737 777.6949 772.6080 761.1098 749.8990 730.7306 727.2794 724.8243 721.0109 720.6734 725.3178 731.9629 734.2943 738.7844 746.3104 754.5591 762.0273 753.4915 743.8879 759.4753 755.1569 751.9576 743.0838 739.3005 749.1011 778.6389 790.1667 764.3029 752.0791 770.9556 791.6365 797.0234 795.8598 813.8253 825.7342 823.8672 853.5020 875.6229
946.5278 970.0177 959.1631 928.5851 913.1936 919.9636 916.5097 884.2948 874.4671 900.3746 881.8712 839.4214 831.7109 824.1577 811.7648 786.2828 769.8539 772.9944 757.7816 736.7020 738.7075 730.3958 726.0308 723.7296 732.0280 725.3484 723.7346 728.2597 725.6708 721.1847 719.7642 710.6125 721.3324 738.2700 745.7219 750.5739 730.3270 722.0370 728.3711 726.9443 724.7567 732.0516 742.6403 740.0581 745.4738 767.6870 770.0641 775.7921 785.5493 797.0619 818.8417 840.5513 853.2455 858.9553 881.9880 910.7913 934.6431 966.3118 1008.5983 1015.8715 1001.4624 952.4189 899.4966 864.3320 861.7220 861.5781 827.9171 824.5206 808.7449 782.4775 783.7938 784.1583 770.1293 778.8361 785.2141 768.2639 761.8557 754.1584 766.9047 789.0148 803.9204 806.0148 805.6572 798.9239 785.6055 776.5729 772.6954 775.7459 779.7471 761.3129 756.6013 757.5599 751.8391 748.5683 738.9441 730.4680 728.5324 722.3940 722.7700 731.0211 741.7494 736.8782 738.2142 750.5363 765.9771 772.4107 770.0084 756.2982 756.2839 773.9891 776.4601 770.9243 750.6763 752.8887 761.8774 774.2431 784.8439 765.8801 754.0496 771.8045 798.6146 816.0908 825.5027 831.6368 827.4373 824.9263 850.5345 854.0722
975.6863 952.0632 926.6754 901.0765 888.8422 909.0058 911.7291 875.8723 836.9590 860.9059 869.0883 841.2096 821.3260 798.7918 785.0048 771.3362 760.1046 747.7737 741.8187 732.7587 736.7769 733.2582 732.3912 730.1705 743.6151 737.3636 741.5058 743.4097 729.6890 718.8412 714.7345 706.9629 709.3649 730.8585 748.4266 754.3260 745.1241 734.7032 745.5894 737.9080 728.8702 745.1340 758.1625 751.2994 741.6429 755.4707 771.7612 781.1943 793.7102 800.3723 811.9145 824.8300 842.6270 859.2902 881.7878 908.7005 952.5500 1018.7222 1038.9539 1010.2247 976.0361 952.8771 926.9649 873.4663 831.0164 816.4100 797.5823 789.0535 792.4134 803.9756 821.1058 814.7340 797.7448 812.4872 817.8702 802.3256 783.8798 756.7949 746.7515 758.7858 773.8506 769.5111 776.3009 789.7700 795.0773 788.3039 779.5583 785.3801 783.5373 768.6541 770.4670 762.7667 758.8350 749.5817 739.5552 738.0702 731.4921 722.1900 725.5863 745.2584 763.6849 758.4980 750.2018 755.5696 765.5740 771.7365 767.6216 753.8929 769.1112 790.1577 790.4828 774.6036 756.1420 750.3630 770.8098 783.4675 782.5016 764.9240 759.6101 757.6884 769.4875 805.6862 829.9860 826.1447 811.8523 800.7488 805.6144 801.0981
905.8022 885.0923 892.5644 887.0875 860.2828 873.4601 870.9581 837.6398 806.2602 820.4275 823.4551 816.7871 800.9009 777.9310 758.0584 742.7173 746.4018 751.4552 748.8579 737.5798 745.7722 743.4089 743.5730 737.4597 749.4521 747.1579 759.5789 747.6068 732.4922 736.7438 725.4623 706.4639 711.4377 737.8347 747.0462 747.3239 755.7892 752.5829 751.0518 751.0269 732.7845 741.0161 761.5490 759.0034 751.1386 767.4159 777.1654 780.4047 784.5604 789.2068 823.5032 860.7993 871.4660 873.6443 884.1227 914.8243 975.2013 1047.5443 1037.4396 982.1082 929.9353 897.0079 888.1890 864.6253 837.8383 818.2438 811.2401 827.1273 837.9529 831.9729 822.0312 799.5650 795.9283 807.6805 802.1375 804.8335 786.6769 759.5801 745.0734 746.7470 757.0711 762.5007 770.7880 788.5789 808.0019 800.9683 783.9572 791.0217 799.6209 788.4163 771.3571 765.6068 764.1708 759.8093 746.4684 737.5005 722.9142 720.5098 729.5779 754.3157 767.5458 763.7327 763.4717 761.0899 767.6811 779.3336 770.1103 753.5970 766.3929 785.8901 779.4902 759.3191 752.9922 750.0239 763.9763 778.1991 777.4156 781.6661 772.8002 760.1013 758.1758 775.0363 784.5684 776.3784 772.0385 768.0339 778.3624 774.7900
854.5756 839.5323 846.8203 851.1593 825.0496 829.4930 831.7573 806.0250 772.1794 779.3395 786.4558 773.8359 761.8151 755.2202 751.0840 747.6431 761.8235 759.9764 747.9232 741.8403 750.9973 747.3191 753.9746 751.5731 766.4667 763.5881 765.3608 745.6649 751.2567 757.8011 735.5606 706.4989 709.7742 730.1656 727.6594 734.3951 751.8233 763.5477 759.9417 761.1212 739.9377 734.9564 754.9826 764.3347 755.6854 757.6804 760.2936 757.8440 772.4193 794.6050 826.4413 875.3716 905.3651 895.6019 897.8578 932.6030 990.3954 1046.7463 1013.7260 966.0425 906.1246 856.3937 840.5907 833.5776 833.8622 832.0228 822.9958 841.4423 843.3687 823.7401 798.6592 777.9213 775.2341 780.6663 771.5907 768.1932 763.3013 755.0183 746.9833 758.8640 775.2124 778.2729 785.2325 800.8089 832.6620 823.3915 805.1302 821.3577 830.7532 798.8723 782.2678 766.5332 754.1038 749.9153 742.3856 730.4948 718.2565 722.6877 736.4734 761.6900 765.8362 771.5670 779.6561 775.2324 792.6395 795.8738 776.9507 769.7371 787.0935 799.1486 788.5894 767.7752 758.9331 764.6796 764.4519 760.0184 764.9772 791.1559 792.9654 776.5084 763.0247 767.0841 771.2470 772.5636 775.6214 772.5224 783.6833 786.0374
837.6089 816.1473 805.5320 821.1870 812.0231 794.0671 791.1290 771.6874 756.1743 768.4438 782.2328 779.0471 770.1873 772.4189 765.6355 762.3932 766.4249 758.7802 751.2974 749.7697 758.0978 759.3525 779.9058 775.8251 778.9532 793.5880 776.3613 759.3378 756.1449 743.9636 727.1818 707.8067 710.2369 723.4955 716.6580 729.9612 745.5765 765.8210 776.9501 774.9634 754.3465 739.4348 744.3770 768.3585 771.5439 768.8000 776.8942 765.1237 771.5367 795.7699 824.6898 857.0303 890.4462 917.2924 937.2538 981.7908 1025.4917 1036.7618 977.1909 911.9761 871.3035 849.0244 831.9149 808.8289 794.8832 795.1047 788.0332 798.9734 790.9232 790.7662 777.1307 768.3492 770.5339 762.4930 750.9952 745.3717 741.8343 742.3192 744.0601 761.9468 785.0422 790.1375 796.1307 825.0162 854.3809 858.9004 851.8527 868.7357 869.7051 834.3625 817.5129 777.7793 763.3424 744.0618 729.2295 723.4714 719.7804 727.1555 741.5692 761.5460 768.8015 798.3820 817.5092 808.1763 817.2090 811.0969 788.8140 790.9850 793.9814 788.0410 780.3251 761.1661 765.1147 785.9377 781.3795 761.9747 765.3494 790.7177 804.2399 794.7318 769.7469 769.4482 776.7473 782.2901 790.6505 779.6300 782.3192 800.3483
825.0663 799.1278 777.2440 789.5496 806.5923 786.9387 773.2904 753.2310 750.4709 772.1216 780.6136 781.4503 784.3849 781.7474 771.2922 775.1512 772.3554 766.4625 771.0213 770.5699 780.1499 774.1921 799.0331 804.6275 796.9840 816.3184 792.5980 776.6565 765.7167 752.7004 737.0081 721.3616 713.0923 723.6678 726.3796 733.6545 744.3544 770.5579 786.0910 771.1638 758.9527 746.9836 742.7894 772.3685 793.6852 794.4824 798.1447 786.7939 789.3794 807.7891 836.9430 873.1890 900.3439 922.5632 969.0074 1010.8490 1017.6489 1001.3943 943.8383 891.8137 867.6312 855.6245 844.3560 819.1254 797.7642 793.4849 783.1566 780.6953 785.6074 779.0053 782.3647 790.3219 776.6024 757.6031 757.2055 749.0408 739.9454 739.5602 739.6187 753.6253 767.8444 782.8405 796.3872 817.6291 856.0332 888.5101 899.0217 905.5404 902.3475 865.0719 821.0575 781.0294 759.6393 743.4282 730.7787 729.1618 723.2794 724.2372 735.6614 756.8924 788.1829 828.9621 858.2816 870.8088 874.3992 861.0199 820.4443 797.7713 781.6260 773.5008 765.5428 758.0043 779.8734 800.8950 799.0945 782.4627 771.5156 773.4734 790.8887 798.7679 771.7133 781.2989 790.9385 797.4976 819.5687 808.0082 808.2637 827.1037
823.5073 800.2849 771.5154 763.2479 782.0663 796.3360 776.8724 744.3283 734.8088 757.7813 763.1283 760.6796 776.6158 784.6834 783.3992 784.6182 776.4523 779.9183 799.0073 793.1851 803.2139 801.1465 818.6807 842.9899 833.8708 820.4847 801.0930 792.6265 786.2209 769.7821 753.8272 725.8057 707.3668 729.0294 748.7366 742.1889 736.5292 762.6492 791.6746 780.3387 765.4930 753.3763 746.4305 774.7879 820.9899 841.7996 833.6406 824.1441 830.5221 826.8813 841.7476 883.3083 915.6547 948.1636 971.4314 967.2867 951.1085 946.7514 909.1580 873.5633 852.2253 840.0234 828.7673 819.6228 823.1122 811.2511 792.0013 799.3799 805.4749 792.8015 790.4481 786.5648 765.9504 763.4622 766.0482 756.5351 749.4204 739.8826 733.7034 736.1860 754.0777 792.6448 818.1818 841.1152 873.0897 889.7574 895.4547 887.1104 871.6594 832.1626 789.3832 762.3570 744.7951 739.3549 735.1363 732.0402 723.9487 718.1084 724.9883 747.4070 801.9663 869.5287 926.6261 945.8653 928.1169 875.2261 827.3343 799.9900 779.5672 772.1803 765.3468 769.8196 789.7868 808.9733 815.4350 807.9144 799.7615 791.7665 794.7209 808.6345 785.2642 797.2451 821.9224 822.5129 845.0662 835.7806 832.6713 860.6584
784.1752 806.1909 793.6377 757.7023 759.9599 771.7335 758.0266 741.6729 747.5499 760.9817 756.9875 765.0923 773.5942 788.8387 809.4905 821.8177 816.9576 809.7210 823.8022 823.1055 813.4462 825.1832 824.6740 825.4854 825.0176 795.4882 774.0270 772.7526 758.5196 752.5457 753.6376 733.2047 709.4246 719.1310 734.1396 742.6367 751.0417 754.4250 772.1868 776.7155 768.9500 767.9276 756.4589 781.3926 838.4431 868.6031 842.8348 821.8057 856.8211 867.0735 871.9666 900.6572 919.8104 924.7791 903.3461 885.2822 899.2894 919.0928 889.2008 870.4783 861.1669 853.6984 835.8881 832.2393 840.5847 822.1666 815.0992 827.9821 822.1815 795.7236 788.7496 786.7933 781.8809 792.2640 789.2117 771.1137 757.2244 742.4901 732.5551 734.9236 764.5434 798.2978 809.6729 820.0116 825.3653 823.3705 826.4561 837.7521 821.2993 792.5840 780.8318 773.3329 754.4593 742.3658 734.7964 729.5809 723.1620 716.3173 725.2650 758.0298 801.1883 858.4899 925.7027 917.3224 874.7862 836.9960 810.3883 791.1364 773.7563 770.5253 781.3717 792.7385 803.5421 800.1409 816.3932 828.0883 819.8491 804.5736 801.0966 814.4767 807.2913 814.2372 843.6536 854.0927 876.6701 879.5632 883.6209 903.0874
750.5103 768.6270 778.7339 750.1693 748.2965 742.1334 741.8770 752.1749 772.8043 771.7318 763.9638 792.9402 796.8693 785.8006 798.5336 813.9033 823.1417 830.8263 843.4577 823.4215 791.5673 779.9847 769.3318 765.5308 795.1745 788.1875 763.9696 755.2192 745.5402 732.7420 724.4105 716.6832 716.2466 721.4559 723.3314 748.5928 772.7683 767.1502 760.8904 775.8032 794.8865 791.5369 778.7086 788.7664 823.4694 845.4537 822.4182 796.1333 813.9235 832.5507 837.8676 848.1914 850.4846 850.1564 844.1078 868.6383 912.1259 927.4189 881.1979 849.8931 846.5401 854.1382 859.0005 855.5614 858.1271 857.5853 845.7530 828.0390 808.0296 795.2352 809.1006 823.2331 824.6975 839.3093 829.9821 794.3244 777.7338 774.1981 748.1335 737.6954 740.3721 738.6674 746.7319 774.2925 775.7051 765.3154 783.9756 819.2102 809.0390 779.5258 760.1315 755.9949 761.1216 748.8702 734.9843 729.6476 721.3520 716.6624 725.9719 748.6659 773.0446 815.3425 875.1713 858.2578 825.8555 814.6865 797.4328 782.1447 780.2153 793.2700 792.9450 789.6714 810.0694 804.0980 810.5628 818.8649 811.1145 806.8890 812.7736 828.9075 845.4120 824.8029 824.8184 855.6714 876.8983 897.3329 914.6955 914.8292
764.3105 743.4441 745.6643 738.6348 733.3604 737.1343 754.0798 765.9617 774.3150 766.5350 760.6882 778.1257 779.6596 778.4673 789.8400 802.3761 819.1000 836.5180 827.1686 795.3693 777.8246 761.2067 751.9265 747.2609 752.3872 751.6074 734.6285 736.3900 745.1293 742.0009 715.0436 708.4334 726.6101 741.5352 743.6016 767.2262 795.6478 782.4771 774.2676 787.9706 809.7570 820.3764 811.3594 828.9009 856.0457 860.8291 820.7654 786.9446 784.6654 790.3418 799.9489 813.5502 828.4190 840.0208 860.4852 894.5788 926.4486 927.8212 883.5535 843.5370 838.4777 868.2663 890.1124 883.2252 866.1085 848.2186 829.6365 820.6082 814.8618 814.9386 832.1202 843.6778 843.6306 848.9316 842.7537 826.4353 817.4269 804.4026 765.3804 739.3258 731.7258 725.0278 728.5165 753.2340 748.7303 749.5739 769.7983 792.0167 778.1527 753.9768 742.9844 739.3305 738.2927 732.0939 724.4877 719.1923 716.6415 718.3797 726.5769 732.8301 747.3585 784.1263 827.9302 822.7867 808.7144 830.7659 821.5990 797.9017 788.8178 795.0493 786.8569 780.3193 802.7188 811.1708 825.5740 831.2237 817.8744 829.8519 844.8389 847.2314 882.9666 867.6193 842.5382 837.9641 846.7573 863.7960 893.3934 918.2899
777.2627 760.7739 729.1105 725.2509 742.1176 753.7629 770.6917 787.5222 786.9570 768.7342 747.9158 755.6907 760.6042 776.2828 797.2581 818.4007 835.6600 821.4840 788.8165 775.9557 781.7151 786.1029 782.1083 776.4480 764.3452 755.1125 742.8849 737.3245 720.8447 720.0875 711.8752 711.8187 731.7991 729.5338 734.2236 762.8063 791.7427 793.7949 789.3736 810.1577 832.0655 854.5103 863.1453 889.4914 903.8965 887.7709 829.4349 788.4683 792.4108 802.6927 807.7625 824.3021 860.7446 871.0676 870.1901 866.8806 899.9295 908.8590 874.5657 836.0967 854.2718 900.5175 911.9212 872.8224 847.6381 853.2242 868.2853 869.5317 849.2637 822.5577 809.0446 826.4600 836.8447 848.9835 846.2098 816.3698 789.1158 773.6789 765.8504 757.1796 741.7740 726.3148 721.6280 726.0221 736.4642 741.6015 741.6847 758.6841 772.4712 769.5993 766.6272 750.5812 737.3676 729.6365 724.7626 717.6473 714.6036 718.8243 737.5888 746.5219 759.0533 777.7432 784.4931 774.3345 786.6375 833.1956 846.0225 824.7045 801.9963 796.9972 787.4747 790.0229 804.7331 819.5461 845.4856 874.1613 855.6915 855.7772 893.1694 875.9590 903.5360 917.2471 901.3182 882.7798 881.6705 892.5065 916.1613 936.7682
737.9497 743.0505 727.7781 746.4335 755.9426 773.6789 793.3691 818.7768 816.0971 777.1418 760.9650 786.5659 786.5166 779.6226 791.6163 805.5213 825.9910 831.4307 810.4361 797.9647 797.4369 793.5928 786.9460 781.7805 773.4473 756.0939 737.4078 738.8711 727.0963 706.1185 708.7067 714.1763 715.9993 725.4812 730.1335 743.5786 775.5842 805.4688 820.0454 846.9067 881.9964 917.8193 928.2074 913.6842 889.8359 868.2808 820.0261 808.6319 821.6219 847.2679 842.7777 818.4185 830.6666 843.5058 824.6450 812.3477 841.8806 847.9391 838.5526 818.4255 858.4304 917.2185 932.3055 898.9839 885.9682 896.5776 879.0093 853.3148 840.3888 818.1500 794.5704 799.9966 800.7307 813.6176 824.8911 807.2847 778.4167 760.7692 749.6904 743.3759 733.4855 721.6489 718.7355 721.4361 727.2368 709.9865 716.0991 755.9767 800.0638 794.7456 770.9950 771.3401 757.4017 746.1161 733.5209 718.6736 713.7921 716.5593 728.4856 743.6349 750.3755 754.3661 748.3643 744.9657 761.4833 807.8625 862.2759 855.4911 815.3089 799.8777 805.7128 806.5103 824.8885 858.3896 883.2101 923.2968 912.5496 893.1730 942.9117 935.5019 923.5804 911.5022 908.2043 886.1253 865.2467 890.9648 901.4852 902.0262
720.3587 720.9893 719.6597 751.0700 780.3795 786.3270 787.3970 792.9393 785.3230 764.7793 767.8035 796.7091 804.6679 800.1642 805.0087 819.4966 833.1716 847.3622 804.6649 776.9706 759.2339 743.0163 735.3151 736.1620 733.3897 720.9445 705.0168 705.7388 716.7770 712.1945 702.9798 722.9504 735.1266 737.2812 745.8113 752.8688 798.3105 855.0787 885.9008 897.8489 922.5715 950.3365 951.9070 904.7969 855.7076 815.5991 811.9392 852.8997 874.5726 891.8283 863.5045 803.3353 778.3810 788.7542 782.2518 778.9619 789.4910 795.3323 805.9263 813.6879 836.9150 882.8658 898.9768 872.3962 859.4223 866.4082 839.8904 785.5000 748.8066 727.7308 736.9890 763.1175 779.5559 792.7703 803.0660 799.9425 780.6591 759.1830 742.4625 732.4520 726.7679 722.1192 720.7010 719.4498 712.5408 723.9473 770.3351 807.8741 805.5558 784.3588 776.3163 782.3260 767.5757 754.2846 736.7647 725.7086 725.5823 728.4659 745.5502 781.0958 784.5108 790.4797 774.8262 759.4257 764.2031 792.6048 842.5536 844.0508 818.4089 823.9464 841.3280 847.0757 860.9515 890.0536 918.7034 948.2635 959.3422 949.6193 965.9471 970.9084 954.5342 907.2444 866.7955 857.8101 833.7567 835.9952 846.4553 856.0536
741.0842 736.0747 715.9545 732.6949 751.7988 743.0919 734.6020 734.2047 730.1481 747.8040 755.2039 758.5314 765.0961 770.9600 786.4353 799.4847 809.1566 831.3597 809.6884 790.9922 761.4472 734.1199 733.3470 754.9124 782.3873 770.2251 725.2250 694.6656 697.7427 702.6663 697.5444 719.3395 746.7509 747.6594 753.0842 769.1994 816.7309 885.2978 921.8112 923.7015 899.6001 915.5495 932.0225 884.4182 830.5218 785.7570 790.0680 823.1998 865.0802 881.3724 845.6824 806.3588 771.4344 769.8281 782.2010 794.9743 805.5877 823.7863 826.9713 845.4452 848.3755 857.6661 856.5276 829.6053 813.0573 832.5662 827.2142 725.3041 685.8900 690.8340 699.5829 737.1134 770.6822 785.0790 802.7637 807.0606 787.5310 762.0767 743.8177 737.0414 734.8863 728.4359 720.7602 717.5242 722.2812 732.6827 743.4556 767.8361 797.2392 800.8078 796.0339 778.7742 762.1315 752.0505 756.5540 772.4283 773.6600 753.9151 740.7871 766.9725 785.5840 817.6580 802.8720 775.4145 761.7432 791.9186 835.2724 852.4938 826.6715 802.7039 830.2906 858.1668 862.3747 872.8076 903.3268 934.8643 941.1179 924.6901 913.3446 904.2072 896.7129 874.6309 834.2165 823.9771 821.6033 806.6003 834.9420 842.4263
745.3554 718.9572 724.1550 734.1235 726.3142 733.8091 742.6287 739.2286 733.2191 760.0481 773.1553 764.4155 771.3807 767.4755 774.1059 779.8540 788.7492 803.7812 810.7873 795.7910 766.7702 757.1826 761.5509 786.0482 814.4877 786.8675 725.3341 700.5944 703.9257 701.7239 711.2331 733.2249 757.3302 780.9920 762.4880 762.0319 804.8959 859.9074 896.1929 889.3708 843.7413 845.7451 872.5236 838.4286 787.5113 757.0037 771.9080 806.2987 839.2681 830.9679 795.5518 775.5817 782.8834 806.4484 828.5576 841.9250 853.0327 879.0650 861.9861 869.9826 880.1152 848.0991 824.8457 800.7181 800.0506 827.0853 846.8328 791.9521 769.7736 763.6369 750.4761 753.4114 770.2761 787.8522 789.8450 772.3479 762.2155 768.9667 769.7407 765.5093 755.7330 738.1780 722.3323 719.9678 732.9466 749.0221 765.0565 803.2567 835.3052 843.7093 817.6392 791.7048 797.2439 788.7445 783.3906 781.1049 761.2697 733.1155 727.7758 747.6823 778.4240 792.3210 785.5523 765.3014 766.8544 792.4227 794.6846 826.8323 822.1049 784.0947 792.8132 820.5774 823.4761 826.1021 833.4316 850.3140 843.9253 834.5532 832.3118 830.6888 833.4738 824.1998 829.6075 809.7598 798.9684 799.8535 813.8765 819.9484
742.8881 714.6492 726.5550 753.2400 741.8589 749.9206 767.3945 763.1738 746.6542 767.0123 786.8530 790.1891 798.8782 791.3165 773.9528 781.7369 792.9949 804.6194 816.7479 804.6972 798.9692 807.1768 803.4457 793.1761 782.8417 754.9678 709.1055 713.9227 728.0034 724.7766 734.2889 767.5887 797.1763 812.2117 780.1523 757.2719 764.3291 799.8211 824.9097 818.9495 789.4491 787.8389 807.0405 795.7977 762.9157 763.3461 771.5608 778.7166 794.4579 791.2148 778.6318 781.0722 805.8365 836.1066 846.7999 860.6420 884.1505 886.6902 874.0597 873.7573 856.0803 827.5533 795.6166 800.7909 822.1566 842.9440 878.3922 867.0626 833.9672 801.8140 769.5147 763.5903 769.1741 774.5616 770.3917 774.7628 802.8090 823.6382 821.9950 805.3353 783.4763 756.0424 732.2289 727.7204 756.5696 794.6778 824.0978 844.0366 849.8393 849.1738 806.9952 762.7036 756.1901 753.5671 742.1522 732.6255 722.8929 726.9648 727.4354 729.8433 737.6359 742.3032 743.2410 749.5167 764.5568 757.7427 758.1982 791.4380 793.6670 769.1869 772.1122 789.5678 804.8617 793.3630 773.4890 781.3231 791.6094 799.5856 793.7273 792.5339 801.6118 794.0466 810.8973 797.2184 779.2444 790.6639 807.6362 823.0307
720.5234 710.5277 716.8349 747.7129 753.8968 750.1292 767.8245 775.4033 756.6487 765.6351 782.3597 795.6189 807.1161 804.6346 795.9913 796.6915 807.8854 830.1926 843.7699 838.0150 824.6270 811.0626 790.2274 756.2386 721.0370 706.0263 696.5706 705.9078 719.0028 736.4451 755.8154 782.5911 795.1985 774.1756 745.4052 729.1968 728.7933 742.5224 753.7103 753.7145 743.4478 739.6333 749.4286 761.3819 771.9162 801.8052 818.5503 801.5617 778.8091 770.3245 794.8594 786.2589 794.2050 815.5092 823.2834 846.9330 880.8931 864.7738 838.9658 847.4170 807.6816 794.1762 783.1843 803.1078 819.2624 851.3794 906.3284 912.0583 881.4466 828.4569 784.9170 787.5294 789.9049 797.4490 805.8225 828.0101 859.5722 860.8515 856.6694 841.8392 802.6068 765.3455 739.0396 721.9545 744.4498 785.9911 800.4426 790.9915 772.4216 780.0184 777.3328 745.2900 719.8065 716.6537 713.6906 711.9871 722.4791 753.6909 760.5296 749.3998 756.6124 758.5605 760.7091 757.1976 744.4485 733.2299 743.8452 755.0070 757.0410 751.5092 755.2212 758.7866 768.3759 759.2059 751.8118 753.7750 763.7192 771.3480 771.1766 773.0068 781.5728 778.4383 783.2568 776.4684 770.6610 782.5629 801.3983 809.8152
741.1531 719.3764 708.6150 727.2303 730.8861 733.8060 746.4992 765.1371 774.7777 767.3766 768.9296 778.3489 804.3425 826.5541 838.1383 828.5245 826.8412 851.2373 852.3708 821.4852 775.7083 740.6848 724.3896 703.9811 694.4666 693.0190 698.2571 705.5769 702.9166 715.9118 729.9139 748.8219 745.8456 729.0241 732.8859 744.2712 758.9039 764.3179 754.3078 738.9246 758.3287 766.8655 763.0807 793.3951 805.3361 830.2523 844.3587 823.1610 789.1863 781.1113 805.6688 812.5729 802.8826 817.9091 840.6539 861.0339 861.0951 834.0872 796.8231 814.4001 796.2048 767.9740 772.1913 791.6302 804.5981 825.9445 843.8740 857.5691 867.2057 821.0443 785.3750 821.1165 849.4838 856.5117 862.5276 874.1036 879.3033 845.9127 826.6727 818.1730 801.6876 770.6680 744.9446 728.5328 721.2535 733.4044 740.9043 736.8040 729.1381 733.0013 745.6453 737.0163 714.5956 716.1931 719.1461 723.4456 738.6397 754.6738 768.5327 761.5494 768.1790 770.2939 749.7347 737.1960 744.3218 746.7836 761.6841 761.5815 757.3005 758.4100 767.1716 754.1135 764.8917 770.3996 769.0306 768.3989 764.0891 766.3714 774.5696 766.8945 762.8668 770.8555 777.7778 790.2761 784.8845 784.0377 791.1101 793.9022
750.2779 724.7824 711.9618 706.4642 719.0778 733.8744 754.7670 766.0110 779.6238 796.2425 797.5958 796.4886 822.0603 855.3145 875.8079 860.4050 867.5889 858.3677 806.6667 763.2412 716.4775 695.3513 693.6350 693.2926 693.0822 693.4525 705.3997 724.3804 736.1473 757.0587 752.7266 743.3255 731.0650 744.5742 768.6144 784.4276 797.5187 816.0506 794.0652 767.9561 778.3035 813.1804 801.5229 815.2026 837.2620 846.3387 848.1458 821.3864 810.0972 828.8666 835.5663 852.0059 850.8609 863.2815 847.5056 809.5369 815.9362 790.8907 780.4097 799.5576 793.9121 766.5936 767.6082 794.3136 811.8204 794.1365 781.6190 792.3993 821.4607 792.0378 769.1578 817.5795 870.9011 890.3517 899.1790 887.7048 855.8021 821.3363 788.1152 768.2620 772.7932 764.4183 752.3532 740.9795 731.7492 720.0079 721.0191 716.2318 709.8527 708.9908 711.9277 716.0133 714.9268 722.5293 726.0227 729.0561 728.9232 726.8412 732.3871 738.9371 736.5550 738.6237 743.5042 746.2372 761.3469 756.5208 766.9296 779.9157 776.9812 766.2731 774.3666 762.4549 765.7588 779.6299 783.1694 789.1852 779.8991 781.0489 794.6653 780.7427 771.0998 787.3882 789.9219 809.4590 810.1398 799.4745 800.0126 818.3862
750.4055 738.9229 725.3047 702.4380 712.1537 738.1619 760.0504 772.3942 793.0637 814.8575 828.0729 830.0429 857.0851 889.2583 901.0144 893.6974 871.1840 816.8990 765.1950 726.7855 695.0491 694.8693 699.7227 699.9854 697.6364 693.6014 714.0198 748.4837 779.6174 799.9123 791.9797 771.8984 755.4257 762.8877 791.4014 812.4984 822.9705 835.8305 820.8602 796.3511 791.5784 830.3101 840.6641 822.1685 839.5102 869.1655 861.8655 854.4377 870.1439 889.9089 886.6102 893.5059 887.1318 863.8081 822.2668 773.7477 766.5450 755.6824 767.6271 788.3876 792.1727 775.4422 777.0396 812.6888 833.3316 804.8943 767.8820 756.4233 765.9376 759.9060 763.4901 788.0999 829.5747 846.8892 854.8883 846.0999 810.9890 803.4332 784.8559 765.3578 753.4916 751.5428 754.1216 768.3616 746.5163 738.5895 734.3367 717.3619 707.8170 712.9829 713.7371 713.8051 715.0379 717.7136 723.6180 734.6960 737.3721 736.1728 731.3913 732.0911 741.3526 737.1268 744.0607 762.6307 763.8772 766.7046 763.3174 778.0242 784.1382 774.1445 781.9410 777.2411 766.9196 769.8969 780.9759 799.8325 802.1815 801.3753 809.7623 796.3076 780.3492 782.8334 797.2532 819.2968 834.2159 821.7634 806.7072 833.3605
751.4045 734.7025 716.8143 706.4659 713.6332 736.1291 763.8188 796.5427 827.2778 849.1863 854.3681 855.5952 874.0444 872.6936 858.3239 859.5969 815.8380 772.9571 739.8429 705.8992 693.3309 698.4366 713.8666 727.7723 721.6348 696.5494 715.0344 769.4473 814.1404 836.6109 824.6475 794.8882 795.2266 793.6373 804.0034 829.0193 839.5258 824.2928 795.3077 773.8369 760.5654 799.1846 856.5704 855.6489 836.9724 867.7408 869.9747 855.7629 888.8029 906.4677 909.9703 897.7986 852.8955 811.7508 781.0556 754.7221 735.5638 748.1467 772.9468 800.4388 808.4980 776.0115 761.5899 798.9573 826.5700 798.4414 770.1868 757.7021 746.1353 753.3210 771.6216 785.3173 792.7597 791.6172 799.3745 786.8176 778.0964 789.0826 779.2120 778.2692 783.8261 774.7408 749.0616 769.9748 769.5677 757.7659 748.1089 727.3852 708.6880 713.5956 714.8324 721.5381 723.4192 733.4013 733.4429 748.2891 757.7899 759.1293 747.6983 743.9928 762.0631 754.0295 744.2993 767.4108 773.9109 779.3039 786.8028 792.7401 793.8516 791.6421 803.3100 796.0158 777.9926 778.4422 792.8307 811.0677 825.8621 831.6331 830.4542 817.6890 794.2107 785.4163 793.8776 807.3624 830.7997 834.7715 812.3040 828.3568
734.8751 726.2820 725.2766 702.4587 696.2690 730.6455 785.4366 827.1857 839.9321 861.6193 866.6104 844.7462 851.8065 832.7345 799.8951 799.8779 771.8713 738.0048 711.1790 695.7531 693.2632 698.9770 713.1835 737.0240 734.0408 711.8690 709.5601 771.2887 844.2768 869.3746 856.9545 823.6512 827.6136 817.3645 804.1525 820.1030 841.9878 837.8458 795.7914 764.9122 746.0636 770.9189 825.1853 853.9215 837.4789 846.2720 829.8843 795.0773 834.4415 856.6949 857.4324 866.3561 839.2894 803.5863 767.7516 742.2429 727.7387 747.5065 772.7078 791.9891 780.5297 751.2366 754.9346 783.5704 793.9635 772.0120 753.3589 746.5056 742.8978 752.1050 768.1028 780.9342 778.0540 770.8509 772.0211 758.8613 769.8709 787.5602 775.9684 789.1789 800.2686 773.3341 741.2426 759.4547 784.2409 774.4122 758.7913 727.7153 710.4041 714.0605 716.7433 730.4426 736.2904 743.4182 743.5386 737.0028 755.4042 768.6091 754.8613 751.0662 771.1606 773.2560 756.6262 770.3171 790.7064 793.6487 805.2617 815.8837 809.8000 811.1502 821.4514 810.9182 786.5001 773.3425 776.3259 786.2047 802.8185 816.3696 826.1807 818.7796 799.7880 801.1974 808.3907 800.2259 814.2332 831.3856 823.3409 833.3174
752.7571 743.0467 705.2736 683.9716 700.7148 744.8461 793.2568 822.7407 844.7624 867.3193 843.1626 798.0458 796.6500 798.7770 757.3847 740.7707 735.7213 716.2755 696.4398 693.1684 694.4982 706.2993 721.3941 742.1985 733.4131 721.3557 705.2452 750.0281 817.5272 841.0492 843.5349 837.2899 841.8643 836.8862 832.5412 846.1456 864.1064 855.4785 818.8829 781.6375 746.0126 738.1228 775.9868 813.6031 794.9520 788.7039 780.0115 763.1913 799.0029 817.5807 805.7552 817.6768 823.1555 814.4885 773.5359 738.1774 728.0359 750.5280 774.8188 773.7855 752.8958 741.2409 751.8314 766.4874 754.6017 747.1313 741.6357 736.7374 742.0911 753.1791 757.3154 758.1929 760.0159 769.3803 778.2592 769.4592 766.9118 777.6703 766.1958 788.2411 794.5665 753.3555 729.0015 742.3257 775.0424 772.5138 734.5875 712.2086 709.7809 711.4874 717.1774 730.1046 749.8063 754.5416 754.6826 744.1607 750.5001 768.1926 769.2274 769.2635 781.7470 794.0637 776.2184 768.1141 787.1898 796.2565 805.7326 815.7176 821.0897 821.7339 822.0112 820.1285 802.7485 780.2113 774.6462 781.1724 785.9418 793.0560 807.2095 819.1796 819.5385 819.1010 829.7520 816.8177 808.2933 827.9783 843.6618 857.4052
756.6569 714.7910 685.6035 697.7548 738.4573 777.2875 804.5645 838.3373 859.6403 846.4768 797.5290 758.7826 758.9221 755.1194 730.7365 720.2057 709.0679 699.3672 693.4119 693.0397 695.3594 717.1786 742.0618 741.4695 725.5094 702.3152 713.5394 736.0623 754.9599 782.2432 805.9583 824.4853 817.6523 825.1263 813.9182 813.3956 833.2173 815.5194 779.8942 748.6425 719.8880 716.4394 741.4356 774.2037 771.1882 754.5981 757.6338 753.2457 784.0478 786.7336 768.9625 775.0723 797.0869 791.4191 765.8937 738.8047 721.3546 735.2579 758.9003 769.2814 741.6437 731.2397 747.3188 747.6292 734.3038 730.8862 732.0614 735.9484 744.4548 749.1798 755.1333 760.1843 775.8217 796.4425 804.4514 789.1637 777.7697 766.8760 754.8080 783.9330 791.3948 768.8134 739.6686 740.1881 762.6497 733.4571 713.4199 710.3206 707.8640 707.6192 718.0936 735.4316 751.3552 764.7136 766.2927 760.4272 758.1291 781.8008 799.4760 802.1276 807.7488 807.5859 791.7903 768.9719 769.2501 778.9212 791.5140 807.0385 813.2801 813.9340 804.9406 808.0400 805.3174 799.3685 798.0263 796.7446 796.8320 788.6649 794.3417 822.2551 848.9592 857.9304 865.2851 854.0628 832.1548 857.0404 894.5229 890.1274
731.2664 688.9822 686.2472 725.9069 758.8867 791.7426 810.7543 827.8202 832.1166 793.8949 771.4690 744.7384 727.2590 720.7465 713.0892 718.5275 712.1433 698.1048 693.1721 693.0099 696.6927 718.1685 743.0010 743.6635 720.0878 702.5418 706.4280 712.8472 719.8480 732.4901 749.7759 777.5433 765.6970 777.6794 778.9399 756.3372 774.7101 794.3746 769.4318 736.3766 705.2737 706.9977 729.9803 756.5693 764.1744 741.3853 732.1929 736.3104 756.7333 766.5246 750.7812 752.6973 765.6124 764.6993 734.5848 722.0973 713.8167 730.8458 754.5894 759.2777 741.3757 728.7729 736.8686 736.1492 740.3649 742.0681 740.9653 738.1727 752.7855 762.0590 776.6898 788.9014 795.8676 801.6857 803.2421 796.7035 793.4993 772.0281 753.8417 760.8184 766.9334 764.0159 744.1349 729.1810 731.0450 715.0250 712.0902 716.4982 717.3459 717.3629 720.0232 738.9955 748.6526 759.5765 780.5999 786.0955 780.9789 793.7918 816.1182 811.9702 797.3687 800.0416 795.4249 779.1238 779.7188 787.7122 802.4493 811.3652 795.3917 778.1518 780.1442 793.4568 819.7282 831.2828 831.0440 825.3196 832.2200 832.9604 820.0480 847.1556 886.9948 910.9393 910.6313 901.7619 865.6713 873.6717 915.6540 917.6893
718.2963 680.3712 680.9398 725.4312 763.0252 768.1946 768.5977 781.7957 782.0249 750.3674 741.2186 736.3401 716.1385 698.5560 699.7106 706.0263 706.6561 696.5695 693.0393 693.0000 695.2848 701.6391 725.7853 744.1202 732.6641 713.9897 695.8707 698.5558 720.9523 730.3940 741.8408 762.3649 740.3032 743.5368 760.8303 739.4741 739.2554 768.8593 761.0430 732.5964 700.6515 702.3860 710.6841 719.8084 737.6407 723.8859 721.2186 745.5704 765.5029 764.8144 740.7945 732.5098 735.4576 747.5495 725.1068 706.5128 711.9550 729.5536 744.2612 738.8792 724.8020 724.2075 738.8084 746.9944 755.7317 754.6417 750.5294 742.8887 754.8483 778.6361 790.0015 795.4244 779.2616 763.4205 761.9561 767.3057 772.7651 748.1931 743.5521 746.8942 758.7968 766.7757 749.2858 735.6316 719.3596 709.1382 709.2876 726.1826 739.1095 738.9845 733.2142 744.6789 746.5421 763.2403 795.9129 808.1971 799.6851 795.0210 790.5901 773.3980 779.1049 801.5064 808.4230 790.9118 799.0538 803.8949 800.4236 795.7320 776.5549 765.0656 763.6442 795.3243 829.0393 843.3654 846.5745 850.5850 875.2617 894.8384 884.2578 891.4512 918.9635 934.7343 932.7985 926.7963 895.1240 878.0149 895.9586 917.2019
699.4066 674.1117 688.1986 733.3741 738.7728 713.8607 713.3156 724.7159 721.3506 711.2169 708.1548 702.6197 697.7277 694.4167 697.6757 698.9194 698.1363 693.6986 693.0000 693.7565 699.0446 716.2470 737.6547 752.8495 731.2980 706.1544 695.0745 695.1253 706.6194 717.7016 733.3362 750.7506 728.2535 727.5678 742.7870 734.0497 725.1539 745.8976 742.9495 731.7501 709.4537 710.8271 720.9664 711.4588 715.2217 713.3224 729.9841 745.9293 758.2982 756.8741 740.5637 723.2374 713.2177 719.3984 712.2212 703.2336 716.4293 716.1614 718.4418 717.9445 716.0447 725.8745 731.7568 737.7581 744.1585 749.4227 759.8302 764.4063 774.0834 797.6454 800.0486 791.8564 782.8323 770.1358 755.9495 748.4345 743.0818 732.6151 738.0096 761.3087 772.3973 763.2065 737.2458 727.6000 718.0751 710.4197 710.9240 727.4927 750.7072 758.7230 752.0171 767.8932 772.2160 775.7122 798.8378 801.3474 775.5944 756.3541 749.1126 760.0327 778.0545 793.3229 802.7072 788.6068 789.8253 790.0669 773.5070 764.6804 760.5620 757.5661 759.3978 786.9655 822.7772 831.9913 840.9088 861.2857 905.4991 945.5952 951.9254 935.4785 909.2498 883.9130 870.7847 898.7285 914.1464 917.4371 918.5759 921.0104
691.6502 680.6879 712.8800 749.7618 713.0227 696.1501 707.1655 721.6833 710.1840 697.5252 695.9290 694.3124 693.0267 693.2792 693.6927 693.8822 693.5891 693.0883 694.4144 698.1912 715.3532 733.1990 753.3920 761.0753 738.0813 719.8061 703.5789 693.8956 702.1627 726.4660 737.7994 738.1470 714.0729 712.8601 732.2974 727.7782 715.7463 726.8736 711.5936 708.4660 702.9963 711.8694 730.6484 727.6147 718.9241 706.8212 714.1722 720.2636 724.6322 718.6556 722.4783 719.7945 703.2297 699.5416 701.1783 702.1379 709.4127 710.4314 719.1495 716.3713 718.6616 733.2886 746.9655 742.6331 740.2360 760.2723 785.0520 801.2983 811.1252 812.6179 808.0585 792.4846 792.9691 786.7116 773.1066 754.8328 731.2834 754.1152 755.2430 764.0964 767.0544 750.3109 737.1346 712.9000 706.6431 705.7055 709.9705 726.5053 746.6595 765.5719 768.7116 779.2524 794.3244 792.1199 792.9473 772.3727 742.9927 741.0937 757.5176 772.6314 776.4974 787.9225 800.3297 795.0562 773.4985 770.2964 757.8045 761.2458 758.8040 763.1904 780.7313 816.1214 838.5942 843.6022 849.8992 866.6908 917.9387 963.4733 974.1001 941.9665 881.0398 826.3647 794.5347 818.0403 857.5853 885.8325 879.7742 873.6843
677.7785 688.1288 731.8299 732.6117 700.0992 716.6263 754.8806 788.1393 755.0578 717.9409 708.2702 700.1996 693.2034 693.0000 693.0000 693.0000 693.7175 697.8618 705.2082 712.9356 714.1496 742.7354 758.2631 758.8810 738.4320 715.4586 701.9680 695.0622 706.9933 738.5537 754.8143 741.6370 714.1437 704.8445 722.2725 713.5673 702.1938 707.1012 704.0425 714.7934 705.4078 721.6601 734.1578 730.3627 722.5533 714.7660 708.3264 711.9572 712.9146 705.9847 705.3413 704.2684 699.6614 701.4420 706.0159 701.5484 702.9816 706.7216 712.4349 713.7502 721.8264 734.5208 753.0430 759.0034 762.4221 767.7689 795.9920 828.7579 832.0889 799.9516 774.8676 761.7722 756.2764 753.1188 738.6365 742.0223 728.0696 748.2411 753.4999 768.7722 753.6399 734.1281 725.2017 712.8147 705.5720 708.0310 722.9824 745.4091 760.9283 770.0158 767.2734 761.2507 783.7271 776.7147 759.2320 739.1171 731.5488 758.2429 780.2878 793.3808 788.7869 800.1176 816.1928 804.0654 767.9796 746.6381 752.3781 774.3088 784.6530 803.4660 838.4397 860.2769 859.2233 859.0500 864.6961 873.3631 888.4640 896.1602 899.7574 897.8853 873.0953 824.3549 774.3784 758.4625 783.1404 805.9277 798.1805 801.2148
674.5225 677.2615 702.6593 704.1946 716.9875 761.6045 800.5173 823.4782 785.2435 749.1891 726.1882 701.8832 699.3138 696.2775 693.2443 693.5386 703.8902 720.6129 724.8408 740.0790 738.3448 752.7467 765.7450 744.1277 721.7291 711.2288 698.6263 712.6414 731.7567 753.1431 753.7164 722.6282 704.6937 698.2625 701.5320 699.4799 700.1560 700.4848 704.3848 727.9525 720.0109 727.7433 742.4187 742.5173 741.4600 739.4949 725.7340 734.8867 732.2596 725.2015 727.6688 720.1042 715.6116 703.8392 697.1739 697.5578 704.6796 700.4018 696.4017 701.4418 717.4321 730.1469 754.2843 785.4328 801.7050 799.0432 823.9216 831.8240 805.1522 780.4883 779.4547 768.1313 759.4756 745.0704 725.7803 720.0270 729.7111 744.1147 743.2812 766.9255 765.7566 739.7956 720.1334 713.7598 709.7854 710.5751 729.4069 742.5457 735.2707 726.8311 718.3171 723.1319 757.2390 756.0784 734.0783 746.4844 747.7126 744.7842 764.4763 790.5969 807.6169 818.8701 832.6606 806.7662 774.4888 744.5480 748.8840 772.0858 794.8481 810.7700 824.8510 845.9992 848.4023 846.9916 850.0042 852.5544 840.9274 837.3502 830.3273 829.0564 839.6941 825.6713 783.2611 749.0861 742.4568 755.5601 758.7914 770.0579
699.7629 685.4727 711.0107 734.6983 756.9249 810.4969 845.0851 843.5749 813.3251 777.1533 727.7421 710.3599 715.8523 703.3484 693.7190 696.6823 728.1774 742.0920 745.3691 760.2303 762.5654 756.1931 764.8393 750.6509 732.2023 715.1654 700.8463 717.9537 728.5333 746.0389 740.8812 708.6929 706.4333 708.8311 708.8156 712.2756 717.6205 718.5859 711.0163 732.7089 742.5017 742.6925 752.8934 763.6948 752.5270 737.2297 730.7855 746.3970 738.3008 725.2880 738.7474 737.0001 727.2134 715.0545 698.8106 698.1236 698.3152 695.7578 695.4555 699.2712 714.1321 731.1051 764.8984 801.3723 831.6828 842.7258 864.3711 845.1181 808.0608 788.6952 779.2465 754.9332 744.9728 748.5660 721.6747 718.6057 746.0278 763.2378 749.2797 755.5768 758.2339 745.3349 724.6054 708.6939 707.7495 712.6712 717.6229 715.8924 712.2111 714.5552 709.1457 715.5046 736.5563 737.7831 748.8666 757.0324 772.4086 765.2250 745.3215 759.7051 787.1763 810.8143 826.7426 800.7490 769.1110 741.2089 747.3717 758.6642 772.7920 782.9127 791.7403 811.0803 811.5033 815.2180 808.6041 809.9309 810.0975 805.6497 792.6863 776.5301 790.0202 806.9843 795.2375 771.0597 743.1896 737.6599 753.3893 752.9270
725.4261 715.0043 742.7465 773.8890 797.9161 856.3578 852.3759 810.5635 785.6254 748.5814 716.0011 709.0932 699.9971 694.5306 693.0639 695.2089 715.8325 734.4711 755.2585 766.6255 751.0959 733.8512 745.3460 738.3725 713.4841 699.3732 696.6445 699.1520 716.8282 733.0342 718.9086 702.6403 717.9314 722.5202 720.6678 727.4776 727.5021 738.3627 727.8118 740.0869 757.8145 759.8020 754.1508 765.4410 748.8162 737.0561 741.6113 747.7346 743.7703 730.7165 742.9059 756.3273 747.8307 726.4370 707.0867 701.5843 698.3283 697.6083 697.2981 702.5491 723.3588 754.1031 789.8785 816.4694 842.8383 865.4656 881.5605 849.5446 794.1783 766.7820 746.0906 729.7224 714.7970 715.0189 706.5087 723.2661 753.0752 762.9604 740.8437 740.5912 761.5792 759.0905 736.3661 713.2130 704.6650 707.5461 711.8752 722.3445 724.0043 724.6965 710.8521 709.9282 720.7053 750.0032 776.3373 777.6077 787.1763 798.0284 777.1592 768.4330 772.4600 785.0397 795.3917 800.2748 775.3163 747.3815 763.3418 772.0305 775.6641 777.8850 787.0820 804.3623 793.8079 790.9196 784.2984 781.1959 785.6979 780.2907 777.8902 762.1345 761.9401 783.7135 782.4374 765.2297 742.0159 725.2491 735.3337 733.7288
726.4641 738.2225 746.8398 795.9243 836.7597 887.2963 854.6779 798.8005 752.1971 721.8681 704.6803 695.3466 693.6967 693.9960 694.4245 699.8849 722.6857 732.8953 748.1046 762.1771 739.6656 721.6403 722.1770 713.7799 702.8885 710.7448 713.0151 698.1328 702.1266 711.0333 703.5263 710.7114 726.0391 736.1317 741.7327 750.2853 755.5244 760.1335 741.4530 734.5110 744.9407 758.9099 754.4303 748.3025 737.1092 740.6080 763.6434 774.2850 762.2903 748.0987 759.4146 760.1373 748.1477 724.4534 715.7750 710.5295 709.8036 707.0546 698.6060 697.6323 713.9889 751.2778 783.7115 804.8292 804.8455 824.9144 845.5798 831.4601 790.5521 748.1863 722.7183 708.0264 700.8222 702.1802 700.7327 707.4711 717.6187 728.3271 733.9677 739.8853 763.7822 755.1247 738.8115 717.0886 705.5567 722.7746 738.8621 744.4650 741.6745 733.4250 715.1893 707.5639 711.9681 747.5362 770.0870 776.1744 778.1029 793.0062 801.3953 799.7139 773.5143 750.4153 758.2221 779.1545 768.0404 744.2085 767.5086 777.4274 777.7558 778.7289 789.7551 800.6506 787.7020 769.4022 757.6830 761.2759 770.9923 756.6446 749.5774 745.1382 756.7522 779.6270 773.5328 754.2970 732.9767 719.1432 718.2482 719.7107
728.2652 753.9018 745.2774 780.8438 835.8632 889.3780 853.2354 791.9378 741.2056 718.5153 703.0640 694.2047 695.9817 701.9143 704.6758 704.7291 721.9086 745.4271 756.3060 757.7291 732.9937 717.6824 726.0031 731.5640 719.2885 726.6341 719.2908 699.1878 693.7189 698.1530 705.5247 709.9068 712.2589 726.2283 744.5475 764.9370 773.7122 765.7134 747.2128 744.0576 749.7587 753.4679 747.0488 747.9736 752.5896 763.1338 785.2198 787.1172 774.5078 762.4152 763.7116 751.3127 736.6573 729.1221 729.1295 728.7885 722.6420 712.3491 703.8645 696.9814 700.4254 722.8885 739.8713 747.4086 746.5886 778.5652 788.9048 782.6137 777.1416 742.8650 710.0004 702.4357 700.2460 703.2410 702.7715 705.0894 703.9596 702.2495 706.5295 723.4230 749.4579 745.5316 727.6500 712.3639 707.5705 731.3853 757.4045 759.9951 758.2892 748.3740 730.7045 719.4224 714.3907 729.8611 741.6596 750.3718 750.3898 766.5145 792.4810 809.1151 798.5704 765.1841 737.8734 739.3630 740.9810 731.2776 760.2900 787.7794 788.8686 785.4984 786.1383 781.7296 781.3545 768.0287 745.9892 746.6584 750.9669 739.8481 741.9338 737.2328 735.1553 754.2723 738.5634 724.0464 722.4238 729.9714 743.5887 735.9062
729.5957 765.2216 760.6519 782.0403 836.6000 887.4471 847.2853 779.1277 724.1438 709.6252 707.7222 698.1214 698.8405 712.4062 721.7504 718.7867 717.1389 744.7524 759.9998 759.7128 733.2697 719.9070 736.1383 746.5110 732.4708 725.2241 707.4463 696.3769 696.0331 698.2087 702.0698 704.1837 707.4310 705.3013 711.6351 732.6846 738.6686 736.2863 732.0204 739.2377 752.8412 767.1936 775.0753 787.4173 784.0690 764.5612 756.6694 759.1231 764.1381 754.2095 745.7082 736.7272 729.2790 729.0800 729.1880 724.1670 715.9917 711.6304 711.5226 701.1221 697.8917 698.7510 700.1927 702.6675 708.5020 720.3310 722.8454 717.3981 715.7737 707.8165 698.8227 698.8384 699.5049 701.6564 707.2176 710.7175 710.6988 709.7405 703.7560 703.3359 713.6460 720.2079 716.2034 709.1860 710.1222 739.9062 765.3606 776.5563 775.3503 769.8560 760.2331 748.9351 731.8112 721.6036 720.7675 721.3578 727.6195 744.2980 773.4659 786.4114 803.0717 791.2521 745.7914 721.2571 717.4948 719.0806 743.9252 762.1317 757.0027 751.6966 754.9395 748.7189 752.0424 754.9151 739.2439 731.4816 725.6573 719.1900 733.7729 733.4083 727.2065 728.8494 727.2334 738.8792 752.4637 760.1555 763.6440 746.1199
