625.4244 627.5101 630.0057 631.5800 632.8394 631.3081 636.2137 637.9023 636.1660 636.4848 643.3192 650.8215 653.6430 656.1851 657.7679 656.0787 654.2791 653.7086 655.5887 663.2689 672.3792 679.0167 683.5593 686.4839 687.9446 688.8298 691.1710 694.4446 689.6938 674.5827 666.7370 674.4707 685.9300 686.8549 679.9183 669.4000 667.1750 677.6100 688.2181 695.5012 700.3647 697.4822 683.1180 670.2186 661.0676 654.0919 654.9485 661.3420 667.2740 674.6998 680.8304 678.3314 668.6900 651.8562 633.8826 633.4827 648.5428 659.9760 653.9720 648.9670 643.0354 640.0578 636.4030 639.7128 633.8061 623.1218 622.3430 627.3424 635.0946 642.1023 647.8774 650.7224 646.5315 638.4967 630.5638 628.9755 630.7838 630.1949 630.6034 635.6989 640.9562 647.7258 650.2229 648.6979 654.3104 663.2604 665.6550 666.3306 669.1531 672.4827 677.4990 680.8990 686.3680 699.5721 714.7773 725.2375 724.3340 734.7673 734.5608 714.0278 707.7078 714.2254 710.5775 712.4513 718.9714 717.7641 725.9305 729.3622 741.0259 750.9872 760.3845 754.4120 755.6206 762.1805 757.1149 752.4487 748.1583 750.0420 762.3675 792.7249 800.2416 798.9635 784.9631 769.2284 770.9567 786.5651 788.2742 777.7394
634.4205 633.4536 632.4258 633.1963 635.7144 638.0740 645.0627 647.9407 644.1387 639.2999 647.0818 657.7546 663.3154 666.4757 668.2822 667.3025 665.2390 660.6619 658.6272 664.7506 675.1754 683.8392 690.3688 695.1064 697.4011 697.3553 697.8077 697.3386 683.4620 665.7390 664.2802 673.2864 681.4755 679.2298 668.3327 657.8995 662.9609 676.8900 687.5654 694.3124 698.7594 696.4803 682.0552 668.3887 659.3634 652.9082 648.4272 651.2564 660.0924 671.8936 678.8619 677.0370 667.9338 651.6050 632.9249 630.3467 647.0042 657.1320 645.8591 639.3007 634.5004 628.9547 628.0348 629.7077 633.3773 623.4464 619.4445 622.8776 631.7775 641.5581 650.1104 657.0339 658.6523 651.8073 640.2327 634.6138 639.7243 641.0256 636.3038 632.7748 633.8557 637.1952 638.6839 642.1777 647.9970 653.9683 656.4962 659.6813 665.4879 673.6029 678.5953 682.9072 688.5321 698.1990 712.1166 711.9265 704.8387 725.0833 728.5685 710.4083 710.4135 721.5247 723.4312 729.9622 736.0953 725.6255 718.5446 717.4783 729.6715 747.0848 748.6669 741.5591 736.1509 736.9144 731.1748 731.6265 731.2211 733.2625 745.1697 757.0944 757.2742 755.9605 749.9619 745.9017 751.0233 758.6447 767.9893 769.4289
649.2128 649.0333 648.7281 649.4847 650.5930 649.7371 654.0840 654.8333 651.3057 642.9921 646.3186 659.5999 667.8524 672.5276 674.9611 674.8915 672.6516 669.2238 664.6286 665.0095 674.5392 685.7187 694.4127 701.2205 704.4258 701.5112 700.1640 693.7115 674.7178 658.9376 651.5459 657.2054 669.7287 677.9093 668.6983 654.3831 660.3529 673.5152 682.6095 689.2145 694.7391 694.1115 681.9675 669.2241 663.1252 661.7393 654.8162 646.7761 656.3652 667.9120 671.8914 668.6813 658.2557 645.7074 630.5014 628.7064 647.8906 658.4474 645.7339 633.6446 625.8948 619.9899 620.1638 621.1368 624.5936 622.1334 618.1379 620.6344 628.6338 638.1600 646.9636 655.1528 661.1141 659.4090 648.9251 642.7450 649.0512 653.4567 649.1426 640.8675 635.1470 633.0366 636.6003 644.4471 655.5747 659.8402 665.4680 670.5703 676.2704 685.3223 692.6632 697.1949 702.7450 706.8885 706.4285 703.9585 702.5780 720.7682 718.0646 705.7506 714.9725 735.1688 741.0160 744.0753 745.6949 739.7681 730.6087 720.4372 719.4440 727.3429 727.9088 727.8318 727.0253 724.1238 724.0844 726.4659 727.3510 729.9926 733.3479 735.9398 739.4433 742.3754 745.6896 749.5582 756.9116 765.0027 777.8298 787.7102
660.8143 661.6899 661.3075 659.2391 659.0280 660.2985 662.1475 661.6315 658.7986 650.0105 645.8923 658.2880 668.2941 674.6802 678.9673 680.1895 678.5207 676.4058 674.5566 671.8122 675.8312 686.2230 695.9340 704.1905 706.5267 696.9961 692.0014 686.8564 671.3049 653.9417 642.6924 649.4933 664.3179 676.0140 668.3575 653.0131 653.2745 665.0942 675.8984 685.0983 692.2518 693.5903 682.9475 671.8671 671.0032 671.3366 662.9703 648.7339 645.7369 650.7882 651.8825 652.5946 650.1086 639.2357 625.6127 628.8484 645.8368 660.1520 650.9293 641.3365 630.1906 618.9918 618.2023 620.8968 622.1422 621.3748 619.4105 619.7322 624.4543 633.7054 643.1600 652.7598 661.1747 664.0366 654.6194 653.6529 660.5282 663.6643 662.0959 653.7830 641.9767 633.8270 637.2466 649.9480 663.1273 667.7407 669.2541 674.4866 682.9741 693.5567 702.2085 704.5280 705.9716 706.3835 692.3502 685.9697 701.4218 712.8159 705.9219 706.1093 717.4119 731.4538 742.3034 749.1064 747.3422 737.3792 730.7883 725.5660 719.5727 718.6954 726.5229 740.4622 745.1283 734.3938 734.9207 735.7245 735.0117 741.7982 743.2864 747.0110 756.8643 765.6281 765.8170 772.7137 775.7603 779.4111 790.7831 806.9968
670.6808 671.1224 670.8959 670.4871 670.3254 670.2785 670.2596 668.3107 664.5259 656.2218 647.1976 655.8232 668.0580 675.0403 680.7790 683.7360 683.5224 682.6573 682.9564 681.4958 682.0829 687.9970 695.8741 703.6644 703.6367 689.8835 680.1530 682.3939 674.4752 657.1097 641.8647 647.8389 663.4530 673.7654 666.5397 650.8819 649.0720 663.6280 675.9128 684.7967 691.0685 689.6473 677.1359 667.5033 669.5226 665.9651 661.9383 656.7577 647.0326 638.6364 635.1693 632.3177 632.8605 628.0960 623.3842 636.0018 648.4778 656.7106 650.5698 640.1876 629.7358 619.4882 619.2765 625.9450 630.2112 629.1187 627.7684 628.3403 632.6596 639.9196 648.1193 656.8359 664.9420 669.2184 664.1818 666.1599 672.9240 674.5381 669.6959 659.0343 644.0405 633.9515 635.0255 641.6464 651.2523 655.9706 662.4138 675.1573 685.3060 693.7952 704.2892 706.5234 690.9931 684.9764 681.8533 683.7496 690.1649 690.8597 694.3795 701.3774 710.5791 723.5602 739.1153 746.2145 745.7000 741.1287 738.2715 734.3075 727.3757 719.6612 725.9108 744.3211 749.8004 752.4855 757.8216 756.1972 748.4218 753.6675 761.8125 775.6241 780.5255 790.8038 791.0594 795.1514 791.6702 796.0671 803.3661 816.1824
680.1162 680.5067 680.4139 680.7045 680.4391 680.1129 679.5394 675.7057 671.0852 663.6104 653.3192 653.2260 665.9813 676.2195 683.9384 686.0682 688.2404 688.7596 690.1527 690.3192 688.3480 691.1075 694.8370 700.9183 697.5021 682.1100 670.3507 676.4722 675.5953 657.1300 638.7722 646.9250 663.6268 672.6393 664.9473 648.9746 647.7001 663.3473 675.2557 682.3948 686.9572 682.6525 668.1241 659.5076 659.8721 654.0985 651.7567 655.7433 656.1705 652.2778 647.7811 639.0500 631.0861 624.4603 621.1869 633.2036 646.4507 648.8885 638.5789 626.7703 619.3183 617.8298 621.4414 630.9662 637.1652 638.5468 637.8836 638.6737 642.3669 647.9363 654.2339 661.6038 668.4642 673.0030 671.4576 671.0979 676.6465 678.7884 666.2545 656.4738 641.8486 635.4368 638.6944 640.6640 646.7684 653.6111 663.6848 674.8340 683.2339 688.3278 693.8138 702.6130 691.1385 676.5437 681.2559 691.3123 698.6171 700.2274 708.1824 720.0746 723.7302 721.3217 727.9469 735.6393 744.9496 746.5051 745.3267 738.7359 728.7563 721.5012 722.7650 734.7377 741.5350 750.2383 759.1093 760.4648 749.1298 754.2947 778.7635 806.1376 808.9514 811.1815 811.5627 809.4422 808.2879 818.5607 827.2141 828.2648
690.4241 692.0754 687.9087 688.5408 688.4631 688.1777 687.4448 683.3268 678.0931 670.5809 662.3307 654.3347 661.3251 671.7694 683.4962 685.9631 691.1531 694.1931 697.1069 697.8619 695.3756 693.3287 694.8416 698.4085 689.8492 672.5245 661.7317 668.2338 665.2416 647.9904 637.3293 648.3024 663.8324 671.6771 664.2919 647.4619 641.8198 656.3296 667.2217 674.6962 681.0558 680.8162 667.8902 655.3051 650.1920 645.5996 640.0700 643.0172 650.0152 654.7437 656.2504 653.7310 645.0688 633.0839 620.4860 622.2909 635.0176 640.7792 633.2726 620.4664 616.1373 618.3146 626.1559 635.3791 641.8515 644.7485 644.6902 643.9278 645.8675 650.4304 654.6763 658.6407 662.8380 665.4113 665.2492 666.7720 674.5865 673.2948 657.4686 644.2467 641.6885 643.5297 642.8931 643.1613 653.6340 661.7403 665.5416 671.0670 676.8300 678.5168 679.6716 685.6029 682.9769 678.3252 688.6542 699.9730 708.2972 714.2865 719.2213 733.1335 738.2379 731.7126 732.3851 742.1137 751.6094 750.2935 746.2924 736.0007 730.5760 731.0236 725.5401 726.0816 728.9455 736.0900 744.1904 744.8842 743.7996 748.4023 766.5761 784.4558 799.1792 816.0564 823.7286 825.1058 824.2438 828.2056 836.0280 834.9376
686.1771 689.9865 691.4818 693.6337 694.7020 695.4337 695.4812 691.3548 685.0250 677.2294 667.6846 657.3505 656.9562 666.0768 676.5979 683.9000 690.9992 697.2366 702.3040 703.8835 701.3085 697.5333 697.1833 697.5060 685.5280 668.1298 655.6753 654.2816 652.1500 645.0993 640.4139 648.8032 659.2888 666.8331 661.7217 644.4765 635.7009 647.3726 658.4506 669.4224 678.1929 682.2411 672.5880 660.3792 655.9463 650.0314 639.9967 632.7985 636.6143 643.5771 651.8433 656.2657 651.5160 638.7382 623.2568 617.1400 627.7288 634.0488 627.0375 617.8378 615.5526 617.4872 626.9774 635.3278 641.3899 644.3807 642.5414 638.4293 638.8827 641.6748 645.0233 648.1387 652.5398 658.6835 663.9519 668.3890 674.0735 667.6359 654.7465 647.6505 653.4680 657.8150 655.4604 646.2347 651.2009 658.4702 665.9332 675.9164 683.3744 682.3243 687.1190 680.7343 685.9780 690.4817 700.4234 709.9335 720.8272 729.2277 730.9227 744.2786 752.9747 744.6134 737.7629 751.3442 762.1537 753.2121 743.3640 738.0353 741.0444 742.4183 732.5140 729.2483 734.2358 733.9354 740.9839 748.1097 754.4102 755.8749 763.9296 779.6522 788.5445 802.4202 815.6864 824.1515 828.0482 835.4263 842.0366 842.2789
681.1307 686.1163 690.2693 694.3472 697.7045 699.9846 701.0429 697.4744 691.5106 684.0500 675.2926 664.1028 656.5245 660.4133 670.9630 681.6201 690.0969 698.1071 705.0295 708.2984 705.9265 701.9914 700.4443 698.6823 688.5551 673.5695 662.5357 650.4139 640.6853 639.8671 639.2939 639.1791 651.7187 658.9706 653.2224 637.4156 635.1945 650.2597 663.2242 673.2455 680.9949 685.4340 676.9706 663.8736 658.5189 648.4838 637.3295 628.8704 626.2758 631.6235 641.9462 645.4799 648.8992 640.2249 625.5913 615.8198 620.1833 624.7788 617.8236 614.9800 616.4988 617.2520 622.6505 629.9880 634.9524 634.8177 630.9989 630.4241 632.0311 633.2164 637.7747 646.5865 655.9725 666.6234 674.8290 676.3923 677.3574 670.8272 661.0358 658.5213 664.2954 664.7048 662.4677 653.8106 654.2021 659.1831 672.5584 689.3968 699.1973 700.5605 700.2752 691.0137 692.9816 711.7567 723.3207 721.0502 727.5692 735.5725 740.5757 749.9449 762.2084 760.8279 748.3072 759.1196 770.4022 757.4662 747.4749 747.9146 752.0540 747.7897 735.6159 734.9817 742.3535 741.6349 744.2661 756.6929 773.7171 779.5585 783.5505 804.9651 816.1799 816.5329 814.7216 819.9996 822.6864 829.9103 834.3544 840.8964
674.6077 679.0927 683.9832 688.9885 693.8458 698.3212 700.8334 700.3871 696.7740 688.7908 677.5203 667.0151 666.0081 666.2668 669.6039 680.1171 690.2188 700.5905 708.9499 712.5913 710.4645 706.0689 701.3922 696.2445 687.1198 672.8470 660.7755 648.7710 637.1729 636.0867 635.1710 630.5176 640.1270 646.6271 642.9526 629.5700 637.5603 656.8329 669.2663 677.6699 683.2792 685.9698 678.5046 662.3795 649.5251 639.4642 633.9628 631.7963 628.6910 624.8674 624.4520 628.0891 636.1719 626.5960 618.0580 614.5833 614.6933 615.0097 614.6193 616.4054 618.9825 621.7794 623.9861 625.6770 626.3677 625.2268 631.1414 640.5495 645.4692 646.0155 643.6994 644.1770 652.6851 663.9530 675.0165 680.0542 680.9139 676.5281 670.6001 668.8170 672.5861 671.5247 672.8444 675.6809 673.6984 676.2807 685.2469 698.7645 713.6547 716.1760 712.5337 705.7243 704.9362 726.7678 737.1697 732.5817 735.3285 736.9009 737.9636 744.2745 755.7394 764.5086 762.0059 770.8571 777.5591 768.0015 762.1255 763.8813 763.2513 749.3990 743.8307 751.6880 756.9944 762.1659 765.4724 772.9905 796.4885 811.0050 819.2172 832.0587 840.5817 834.4444 828.6392 824.4637 812.9720 812.7153 824.7473 827.5598
662.8956 667.3075 672.8954 679.5204 687.0674 695.4333 701.2010 702.5865 697.0065 686.0764 672.2119 670.8845 677.8553 678.1542 672.9695 676.6343 687.9847 700.4136 710.2315 714.9704 714.2760 709.2692 701.5281 691.3867 677.3246 664.1496 654.7715 648.8705 647.5583 651.1966 649.4620 634.2479 629.7601 629.3566 629.5687 625.6016 640.5485 657.9912 668.1398 674.1431 677.8921 679.9235 673.9578 656.4893 644.9964 638.7487 639.0172 642.2418 640.0809 629.3261 619.3483 615.1270 617.9144 616.0551 615.7672 616.1018 615.2080 615.6954 617.2316 618.4771 622.0704 630.8510 636.8127 636.1809 632.6575 629.9150 635.0736 647.4534 656.0355 659.1943 656.0306 650.9592 648.1207 652.6954 661.9824 665.9566 670.3868 678.6622 681.7355 681.1172 682.7531 677.9289 681.9399 690.3942 690.2530 693.7285 700.9584 710.6985 729.7964 736.7723 729.9897 725.1899 726.0231 734.4952 741.6091 742.8972 748.7510 748.4324 743.8293 741.1703 747.8788 761.4620 774.6043 782.7892 781.5230 777.0706 784.7354 785.6745 776.2766 755.6630 754.8124 771.4631 780.4456 786.3549 793.7592 808.2787 828.9156 838.5792 841.6253 842.8732 843.5553 843.5007 842.8605 832.3224 812.1716 804.8810 817.1295 823.0033
644.7805 649.9655 658.4669 670.2822 680.6111 690.7679 699.5127 699.3094 686.8747 679.1080 677.1271 684.3044 688.4964 688.1475 682.9988 681.0312 690.8117 700.1113 708.9467 715.1050 716.3853 712.2139 705.1299 695.3592 683.2488 670.8765 662.0594 659.3627 659.2938 663.1671 664.5616 649.3065 641.0094 638.1122 629.7816 623.4241 638.4428 653.5956 658.3210 662.4272 667.2178 671.5390 671.8087 659.6738 650.8419 649.0287 650.2836 648.4049 639.8607 629.2615 619.0259 613.7746 615.4302 616.7258 617.8459 619.6212 620.5171 623.7057 626.1771 626.5598 626.5977 637.3857 644.9570 647.9789 645.5847 640.1981 636.5421 645.9600 657.7767 664.9736 665.5865 661.6359 658.2009 653.9413 653.0799 657.6132 662.3654 672.6796 686.4040 691.9202 690.4104 684.0848 687.0406 698.4083 703.5936 708.3560 715.5593 722.2432 730.3544 741.7909 748.7804 746.9754 746.2346 742.6898 746.9986 755.1695 760.9370 760.7436 756.4137 750.4904 750.6203 757.0211 767.7027 776.1771 781.4833 787.4812 797.4086 791.8843 770.9874 767.2327 779.8103 799.5578 808.8793 810.3402 825.9885 838.3596 838.8981 833.7968 830.5498 827.5579 828.4011 839.1230 845.6616 834.7060 813.3164 799.7823 807.5447 819.0352
647.7729 654.8947 661.4382 669.9302 683.2683 692.0222 699.3508 700.9530 690.0104 681.5970 688.6682 697.0001 698.6048 697.4019 694.3030 691.9454 696.2969 703.0262 710.7825 716.7850 718.9937 715.8651 708.2523 698.9349 689.2461 677.6007 664.8956 662.1324 663.5435 669.4379 675.0377 668.5066 660.0739 658.5062 647.6713 627.6047 627.9802 639.8626 640.9980 647.5690 656.4295 662.8814 665.1481 663.6210 659.0475 653.4795 651.6884 648.9720 632.9594 619.2549 615.0422 613.7601 614.8845 617.9128 620.8065 625.3768 630.0756 636.5220 636.7758 635.3131 636.6841 643.1456 649.6254 655.1395 655.4662 650.2600 643.4149 643.6256 653.3810 662.7619 667.2123 668.0789 668.1904 664.3632 659.3071 663.3516 664.5598 667.2010 686.2886 701.2427 696.9462 692.9603 695.0240 704.2135 713.0754 719.9415 725.9979 731.2599 735.1904 740.3263 750.9158 760.6099 761.6391 756.8788 754.6371 764.1645 771.3739 771.1544 768.7455 766.2164 762.8022 764.8144 771.3254 778.0527 784.6991 791.5569 794.3085 784.0268 781.8697 800.3550 815.1909 829.2560 829.5120 830.6660 840.5561 846.4340 841.5285 828.2562 820.0667 813.3531 811.6469 825.4637 839.2538 833.5977 815.1592 796.9206 795.3608 808.4540
663.2830 668.5967 675.0781 681.2283 688.3976 695.0484 700.1975 704.6566 697.7548 685.9413 698.3260 706.2452 706.3416 705.2131 703.2543 700.9085 701.9695 707.0045 712.9515 717.1178 721.0192 717.0560 702.8076 689.6770 683.3956 675.7936 661.4374 658.1561 658.8454 662.1716 667.7719 674.0129 674.4409 664.9374 650.2688 628.6987 619.4301 627.5303 636.2802 647.0847 656.1199 654.3857 648.9488 654.7393 653.9033 646.6052 645.3616 646.4842 630.7972 615.4041 613.1759 612.5845 614.2157 618.4022 623.9293 629.8857 636.2864 643.4054 644.8544 644.1635 644.9662 647.2990 652.9231 659.8205 662.7194 659.9470 653.7684 647.0182 647.7997 654.3939 661.8998 669.4214 673.2741 672.6064 667.8256 673.0856 676.2782 672.8179 689.7192 703.2042 701.3055 699.6311 702.7782 709.4344 717.6337 725.6255 731.7971 736.9761 740.2305 743.6406 748.9362 755.1830 759.4053 763.0527 767.1165 772.5122 778.2048 778.2471 778.4512 776.1933 772.6719 774.5217 779.7208 785.9637 791.7971 796.2316 793.3345 781.6536 789.1725 804.6129 818.6852 830.7648 832.2856 832.3813 844.5850 852.9683 849.9105 838.4321 832.3096 822.8378 810.5267 818.6025 832.7605 828.2085 812.5737 798.6296 790.5443 803.0085
673.1998 678.0358 683.4949 688.7207 693.6565 699.6066 703.0406 707.2617 701.9274 691.2905 700.7672 712.9849 713.4928 712.2285 710.0314 707.5536 707.0060 708.1426 710.0959 713.0173 717.7286 714.7924 697.0848 678.2943 668.4914 662.0656 654.7858 651.2327 648.4228 646.7526 650.6845 665.9581 674.0201 661.8010 640.1142 622.6028 617.2390 629.4695 643.1425 653.4244 657.5302 650.3350 639.1057 642.0788 643.4536 637.7723 636.4347 637.3542 624.4536 613.0573 612.0613 611.5637 613.8578 619.6384 626.6183 632.2319 638.1781 644.2557 648.7755 650.4236 650.6496 653.0065 657.6821 664.2502 669.0992 669.0441 664.8837 659.5823 655.8533 656.1378 663.0460 674.0515 677.7305 681.2005 680.4632 684.5368 690.6055 684.5485 693.2102 703.2778 702.2117 703.0688 706.5699 711.8869 718.8561 726.2015 732.5745 737.5964 740.6592 742.2665 745.8339 748.7109 758.0738 765.7272 765.7403 767.5651 770.9084 769.6624 772.7051 774.4842 778.1829 782.2972 787.8233 794.3372 799.0793 798.8497 795.2891 788.8746 793.7267 805.2567 815.7557 815.3349 814.6357 816.3159 834.5623 849.1046 852.2335 848.7955 840.1948 826.3535 808.5978 809.2214 825.1204 827.5818 812.3683 796.6985 785.0806 787.7008
679.8237 684.9774 690.0016 694.7328 698.2556 701.3661 704.9357 709.1339 707.7776 702.7488 707.4605 716.4384 717.2155 715.5004 712.5005 710.4737 708.5858 705.8540 705.2786 707.5581 712.0002 707.9445 691.5348 676.1812 658.6985 647.5471 642.1104 638.9109 637.1019 634.9543 646.8842 661.5575 672.2410 665.4311 651.1427 630.2129 617.2676 629.5698 641.8245 646.4399 642.8461 646.3594 640.7383 632.9718 634.7506 635.4106 630.0411 622.2094 612.5194 611.6453 611.8730 613.2223 616.3286 622.6025 629.1780 634.9902 640.5457 646.3369 651.9873 656.6270 659.0799 661.5588 664.5463 669.4424 674.7424 677.0272 674.1557 669.8043 667.2252 667.2372 671.0249 678.1686 683.1978 690.0793 693.8718 694.3151 697.6065 696.3954 698.0771 700.9213 701.1848 705.3175 709.7097 714.3242 719.3614 725.3121 731.0104 735.4207 736.0663 731.3248 734.2469 743.8619 756.7306 761.1904 753.8207 755.6024 756.1661 754.6029 760.9842 773.3568 784.1822 789.1842 794.8356 800.9062 800.4461 794.5696 803.9634 806.1425 805.4174 804.6055 804.2130 794.6722 801.0009 817.5142 830.6863 837.4925 846.9932 846.1757 831.8037 817.8046 802.3937 796.4286 807.3279 820.7796 817.2366 805.8541 789.5606 780.4882
683.8817 689.1002 693.8900 697.5626 700.3718 702.9280 706.0074 709.7075 711.7780 712.4573 714.4941 715.9992 714.5889 712.4855 709.4789 705.9404 703.1511 700.3991 698.5844 701.0398 708.2220 705.1506 685.5778 672.2108 655.8599 644.4818 639.6146 633.2626 627.4215 632.7611 650.6608 662.8817 672.7125 666.8110 647.8550 625.5574 615.6831 627.2187 638.1703 639.3083 633.5495 642.1917 644.3364 633.2429 626.1379 628.6694 626.8704 615.5247 611.5497 611.5012 612.3336 616.0459 619.6326 624.9869 632.5507 639.2220 644.9181 650.1920 655.8841 662.0041 666.7686 670.6708 674.0019 677.6155 679.5211 680.6172 679.4764 677.0453 675.3726 675.9771 678.0342 680.5918 682.8247 685.2487 691.7683 690.2878 690.4729 694.2853 695.7909 696.9834 700.4343 706.5044 712.4280 716.9958 719.8369 723.0347 726.9861 727.4754 726.1275 721.8693 727.1846 742.7021 754.2650 754.4277 744.1234 740.1606 740.8834 745.9797 757.2702 770.2100 778.8952 786.7302 794.9666 795.2435 791.3430 795.6447 814.3740 817.1131 808.7352 800.5463 792.6283 787.4846 796.9296 808.8388 815.6052 829.0436 847.6227 845.7682 829.9855 812.9217 804.0635 805.4215 801.8980 800.0191 803.1510 798.3331 792.2880 786.1995
686.4257 691.9847 696.3912 698.8455 699.7903 702.5196 706.8000 709.4600 710.3365 711.4958 712.3266 712.0387 709.3561 707.1708 704.0667 697.9332 695.5289 692.7331 691.0706 694.5424 702.8417 706.9409 687.9940 667.4291 655.6453 652.5000 651.5594 642.1348 629.1635 626.4216 638.3342 647.4635 664.1048 663.2961 646.0015 629.2637 615.2858 621.0027 628.9610 628.5452 629.2133 637.6606 640.9382 633.4615 623.0726 617.3408 616.8495 612.4819 612.2626 614.9845 616.4893 617.7483 621.7004 626.9449 634.9474 642.6257 649.0128 654.7072 660.7021 667.8068 674.4013 680.1101 684.4264 686.9417 685.2776 678.2500 674.3821 678.5308 681.4165 683.5231 684.0295 680.8148 674.3097 669.6270 672.3321 674.7062 681.5762 688.4961 691.0399 694.5922 700.3860 707.3161 713.2197 715.5328 714.1429 714.4178 717.5674 714.2146 713.5239 721.5109 732.6675 744.4890 748.8808 743.6406 734.4106 729.6732 739.9453 747.5627 754.4964 762.6556 772.9253 776.2407 781.8682 780.0533 794.5263 809.1347 817.3800 816.2115 805.3414 796.4240 781.1860 779.0653 785.9142 796.0344 806.4614 825.4475 847.2229 850.5118 837.6404 827.0132 826.3502 826.7139 817.5598 801.1981 794.6785 794.2512 798.3055 794.3511
687.3417 693.3224 697.5266 699.1328 699.1512 700.8213 703.7054 706.3303 707.1734 707.8433 708.1454 707.7198 704.3459 700.4969 694.3618 689.8161 687.3074 684.2062 683.3209 688.1283 695.7014 704.4100 689.2080 672.2980 664.9868 653.9547 645.6269 636.8246 625.0503 618.5433 625.0292 632.2350 650.6288 662.0533 653.6006 635.6470 614.0750 613.8644 617.5862 623.1667 630.8325 638.3118 641.5465 637.3363 628.3890 615.9838 608.7929 609.2050 614.0372 619.8622 620.9588 619.5433 622.2671 626.4166 633.7028 641.3134 648.2518 655.4904 663.1245 671.8381 681.0156 689.4919 694.1217 691.7535 681.9470 671.7624 664.7450 668.6180 679.9249 686.5129 685.6234 678.3354 666.7435 660.8948 667.8470 675.2415 681.9745 684.5097 687.1114 693.8551 701.3026 707.7123 710.2478 705.3186 701.9767 703.1068 705.6205 705.5605 717.2974 730.4013 741.2411 748.3901 745.0411 733.9997 724.5148 726.7401 737.8110 745.3268 749.2344 751.6683 752.8366 753.0250 760.7131 780.1589 810.1089 819.1287 818.5219 811.4070 802.2545 787.4410 772.8745 782.8484 795.6254 805.4750 813.5041 824.7479 840.7900 852.5049 848.1292 839.1756 842.2339 841.4861 832.2696 819.5338 808.4092 807.9396 815.3243 801.2658
686.9679 692.8555 698.1207 700.6880 700.7100 698.0297 691.5865 693.4557 704.0789 707.0511 706.0908 706.0507 701.4407 694.2285 686.2059 679.6557 675.9751 672.5642 675.7739 682.3154 689.3130 698.2114 693.0283 679.7035 667.0627 655.7717 654.2004 649.8762 631.1356 617.0175 630.7115 647.3613 658.2128 662.1113 652.2026 634.3597 612.8795 615.4570 624.4322 633.6573 642.5361 644.6517 646.3881 640.3260 629.8607 617.8216 608.7959 609.1701 613.3488 618.9245 622.3215 625.9552 628.2820 629.0485 633.3802 638.3298 643.9230 652.8571 661.6094 671.3884 682.1794 692.4109 698.3403 691.3262 675.2310 664.2429 658.4964 658.3732 671.8258 680.9991 680.3761 672.0114 658.9512 660.4542 673.2858 680.0550 681.0956 680.3940 684.8187 691.5490 696.7937 697.9589 697.5761 693.2139 689.7789 699.1688 700.1587 708.1440 724.1099 736.7161 745.8311 749.3062 741.0132 728.2748 718.8216 726.4169 739.9019 746.1160 740.0816 733.4189 730.8890 743.3024 764.7463 787.7150 811.5569 813.1393 811.4789 801.4417 787.8842 779.6762 773.2769 779.6416 791.6400 806.8198 814.4711 822.6898 831.8094 837.0963 847.8115 848.2720 841.7619 830.8609 827.9429 829.6390 825.6385 825.7680 826.8808 812.2264
685.4542 691.3532 697.4117 699.1843 697.3007 686.2025 673.7100 678.6360 701.9203 712.9625 708.7153 706.1985 700.0892 690.4733 679.4132 669.1537 664.6844 664.8102 670.4131 678.2720 684.6330 689.2901 684.2478 674.4945 665.3785 656.1676 658.1317 655.4504 635.6737 615.7819 631.5796 654.0527 661.2773 658.8455 648.3121 630.3698 612.7305 615.4063 633.5821 643.8602 647.6119 643.1069 641.7039 636.5378 624.8052 614.4974 608.4208 608.7119 613.3795 620.1465 625.7369 632.2714 637.1516 637.6182 636.7469 641.2740 643.0800 649.9097 658.4577 668.3104 678.8846 689.7324 695.6591 684.9865 672.2582 663.7051 655.4304 650.6428 661.2040 672.8322 672.9398 663.8391 650.5943 657.6443 669.2022 673.3140 673.7763 677.1597 680.2684 681.8149 684.8289 681.9332 678.8228 675.9617 677.0335 689.8990 702.2484 715.7054 728.0888 738.5439 744.5963 743.4270 733.8695 723.5378 717.5220 727.4160 736.3262 736.3585 727.4073 720.8912 726.2546 742.3976 763.0761 782.5742 799.2096 806.5660 804.6440 794.3895 788.0377 790.6851 785.8920 775.4432 777.2880 792.0128 799.3511 800.1962 809.8242 818.0506 832.2841 837.1910 829.0656 820.7222 814.9199 821.6543 829.4567 831.4360 828.2108 818.1868
683.1785 689.2599 693.8858 695.4363 689.1001 668.9878 659.0937 670.6857 695.1163 715.0031 712.4963 706.2665 698.1099 686.7449 673.5567 662.9095 662.3077 666.3961 671.8283 677.4681 681.7097 685.6705 679.6334 663.8308 652.9698 648.2228 641.6550 643.5081 637.9020 616.8376 616.6165 637.5096 645.8705 642.9824 632.4292 618.0769 609.1929 617.0515 629.3687 632.7699 633.6708 633.1047 629.5500 632.3020 628.9067 619.8862 610.9479 608.1826 612.9195 621.5986 629.0362 637.1293 643.5209 644.7094 644.1833 645.2490 645.7014 650.1113 657.3807 666.0495 675.1792 684.1806 685.4920 672.1637 662.0425 656.8854 652.2681 646.9881 653.0696 666.2980 663.2025 653.6237 644.4105 649.9656 658.0099 663.5541 668.6782 671.3352 668.7552 667.7690 670.3948 667.0152 665.5257 671.5491 679.3348 690.1958 704.5495 718.1244 728.1989 735.8550 737.1526 731.1229 721.3193 711.9973 706.8475 712.8747 719.2722 723.8174 717.5280 724.5852 740.0759 749.6335 766.6385 779.9354 795.8048 807.1503 805.6741 800.4457 801.8267 802.7241 792.4822 775.5633 768.3662 780.9585 786.6602 790.6772 800.7446 811.4507 816.4371 815.9551 807.9907 800.7737 802.1418 811.2067 822.2401 825.3223 824.7702 818.3735
681.3542 686.3957 688.7646 681.9677 671.0349 651.0303 655.2156 674.3959 687.9435 704.5593 714.8915 711.4696 699.5956 684.2650 668.6985 660.0109 664.3247 671.1737 675.7098 677.7609 679.4950 683.2012 680.0681 664.8084 647.9792 640.2608 637.1949 634.2894 628.8403 618.4496 606.9603 612.6224 619.2867 621.0856 622.8800 611.7388 607.0859 610.5326 614.6431 613.9318 616.9500 622.7192 619.3672 621.7601 624.1904 620.8593 613.8158 607.8229 612.0017 620.3575 629.8074 639.5810 645.4351 648.3439 650.8145 650.8466 651.8576 654.7302 660.3307 665.7427 667.8759 674.0854 672.0491 656.7247 650.7502 645.8494 639.9756 637.9855 638.3205 647.2075 644.4030 640.6135 641.2343 650.6752 658.3645 660.5107 663.0655 660.6901 655.4073 654.3514 656.9944 660.6044 671.5961 684.4478 691.9447 695.7897 705.5977 715.8467 723.8300 728.7419 725.0930 717.1401 708.7259 701.4993 701.1003 702.2951 707.4824 716.4062 715.2577 731.6534 748.9608 755.1613 763.5764 772.2618 788.4268 796.8176 807.1047 808.0619 809.2256 805.8889 793.6697 774.4998 763.9111 779.9782 790.5404 798.6358 801.0728 797.8864 791.7230 785.3489 783.6720 794.6551 804.2178 810.4301 812.9963 812.6772 815.0555 817.9551
678.0307 676.5146 673.0641 659.3710 643.1833 638.9437 657.8040 661.5322 661.1885 678.2925 705.7734 709.2125 700.9520 683.2148 664.4242 657.1376 666.8627 674.6689 677.3794 677.1859 677.4224 680.6763 676.0413 662.6362 651.8907 645.8866 651.4206 652.5529 643.1064 628.7686 605.7436 605.6129 608.6024 611.4332 617.9122 611.8752 607.8257 608.0061 607.6382 607.8577 610.0663 612.9988 612.2946 611.5110 614.0930 615.3649 610.2427 607.7701 609.9039 613.9104 623.0316 634.9721 636.9014 645.6031 654.1638 656.3152 659.0071 660.6886 660.2740 657.9962 657.9886 666.4295 667.3467 651.2409 640.2999 637.8044 631.6620 625.3803 626.5497 629.6979 629.6919 633.1444 642.0638 650.4818 656.6880 652.1671 651.7314 651.9716 650.8303 649.9684 653.4301 666.4681 680.9325 692.6002 695.0184 690.1293 694.6545 702.7021 712.2745 715.5040 707.6874 701.1377 697.7399 699.8009 707.8873 707.3504 704.7595 707.7725 710.5916 727.6479 741.4492 752.2042 754.4075 757.1665 770.7984 784.4138 797.8016 802.1314 800.1563 798.8318 791.5887 773.4874 766.0364 784.6649 794.2872 798.1613 791.1191 782.0247 772.5627 768.3607 781.0666 802.3970 815.6936 810.0214 801.1420 795.6462 794.7408 798.9081
667.1292 654.6992 654.9087 647.3257 631.4013 633.1249 644.2606 643.3977 645.7499 657.9276 686.7916 697.6865 689.9939 676.4962 661.6313 657.7388 668.1562 675.9836 677.1625 675.4028 675.1356 677.4769 668.8626 655.4868 644.4912 640.1245 646.3708 650.0995 645.7986 627.3897 606.1465 607.1485 606.3350 607.6163 609.2658 606.7450 606.9639 609.2082 609.3324 608.3104 606.8697 607.4107 610.1165 612.8705 612.8651 611.5397 608.2663 613.8099 618.2595 618.5593 618.3659 622.9431 626.7352 636.6389 643.9524 648.8276 656.0927 658.0528 652.3342 646.8488 651.5688 658.5062 659.7092 650.7516 638.0458 630.5999 625.0312 625.8062 631.7776 637.0140 636.4103 634.6443 635.8211 639.6349 646.1199 646.5052 650.8481 657.7358 659.9158 656.2220 653.3555 661.5526 679.0118 687.3893 683.8893 686.7908 687.0118 689.5069 697.9307 699.9608 695.1614 698.4692 705.4952 713.2577 713.8894 716.8017 715.5948 711.4644 712.3298 715.6750 728.5192 741.8871 745.6824 752.4438 769.9401 794.6818 797.9708 789.7133 781.3441 784.0652 784.9425 767.8880 764.5759 772.8534 784.2369 786.4055 779.0978 766.7282 774.4211 788.0355 802.9908 816.4582 820.2099 809.7139 801.4395 798.9293 796.4592 788.6301
652.3970 639.2703 642.5711 637.2396 624.0928 623.9822 629.0509 636.8926 648.8471 661.0667 680.7545 693.5913 686.5272 672.6097 656.8130 657.5725 668.5245 674.9025 674.6531 671.7674 671.3605 674.0563 668.1964 656.6590 642.0375 631.6469 628.4233 624.5240 623.8625 615.2928 607.6474 604.0057 606.9891 609.8586 607.7313 606.3595 609.8637 612.6490 612.1916 610.5234 609.9183 611.8950 615.3268 617.2840 618.4073 616.0920 610.8870 617.1254 626.7724 632.0164 631.7359 625.6320 623.4923 628.4584 635.4788 645.6283 647.3600 647.2206 648.4653 640.6056 641.2549 648.9855 653.1998 647.3176 640.4436 628.0424 623.1044 630.7478 635.8372 640.1127 642.5638 644.4379 645.0522 645.9325 648.2645 655.6323 664.7895 674.1202 674.5266 668.0314 659.9330 662.9147 675.6879 680.4821 682.9772 693.5251 696.5716 694.5181 693.0989 694.7309 702.5711 719.6504 729.9059 734.4271 725.7509 731.4556 728.3497 721.3852 725.3821 721.7071 720.9322 724.8298 733.8188 745.1901 757.1320 777.9694 787.3461 778.2731 760.5513 761.7472 777.0624 771.8552 756.1927 751.1880 766.7996 770.4075 765.1475 752.4663 768.0436 797.7097 820.3416 831.6299 831.7283 824.5772 818.4207 813.9414 807.2042 797.6210
634.6993 626.4130 624.2271 621.2338 620.3911 630.6213 640.0547 643.8494 650.2727 672.5074 690.9143 694.2230 684.6325 671.2582 657.5907 655.6437 666.9620 671.4672 669.6158 665.6054 665.4605 670.1225 671.1017 661.6161 647.8145 636.5346 630.0593 620.0263 610.0078 606.3472 605.0654 603.6281 609.5004 612.8624 612.3292 613.9700 617.1391 618.4194 617.9954 617.7134 618.9237 621.8361 625.4199 626.6221 626.8892 623.7224 616.0168 616.8960 627.6483 639.6313 644.6580 638.4257 628.0714 634.2402 638.3975 641.0015 639.3560 638.5276 641.0402 635.7701 639.1668 647.6063 646.7161 637.2296 632.0645 623.1397 624.3123 633.2756 637.6339 642.2587 647.5358 653.5208 657.2112 657.3983 656.5954 662.6281 674.0015 681.5367 682.0153 675.4947 667.4658 673.9375 678.7388 679.9311 683.8738 696.4257 706.2169 709.1668 705.9598 708.5064 717.8771 738.3339 747.7782 743.2184 735.7349 741.0936 736.2278 732.9122 740.0821 739.9049 734.1890 736.2858 742.8917 755.9487 762.6050 771.5838 766.5516 756.1051 740.0740 728.7537 748.9018 767.1480 761.4620 750.4373 759.1138 761.1231 746.6838 742.5370 765.6193 793.4577 817.5713 832.5745 836.3664 829.2696 821.1199 812.1543 802.1201 792.3019
621.9377 616.8553 617.1259 622.7096 627.7534 636.6635 653.1937 662.6401 661.6758 681.5263 695.5707 692.7769 682.6625 669.9626 656.9902 652.6933 661.8926 664.6960 661.5726 657.6890 660.7816 667.6180 672.8135 668.9385 655.3333 643.0491 636.5959 629.0595 617.7755 606.2807 603.8474 606.4604 612.1403 616.3261 617.0634 620.0311 623.5411 626.3143 627.2463 628.1149 629.9974 632.9036 635.7120 637.0964 636.6249 632.2842 623.9933 623.0502 626.1329 640.4823 652.8251 646.6165 633.8582 641.0969 643.8378 641.1264 639.4909 635.0972 631.3192 633.1985 642.0529 649.0997 644.4495 631.1918 622.6689 620.9144 627.4047 634.4295 639.2435 645.5352 652.1618 658.8788 662.6708 660.0662 657.5927 662.1403 672.6643 682.6990 687.3793 683.7465 677.7096 680.2889 684.3250 689.9387 691.8860 696.9172 708.6191 720.3795 722.0320 722.5327 728.0359 740.4683 748.1466 743.8720 739.2280 744.1530 743.6979 743.5682 750.3981 754.3265 748.5959 749.3871 755.4542 768.7722 778.3965 784.5244 778.5432 766.0658 749.0277 729.0150 718.6985 728.8762 736.0106 729.5027 737.8062 731.2533 722.4131 739.1177 763.0966 784.6692 803.1774 815.9685 825.7123 817.5238 803.5214 796.6600 791.2503 787.1198
612.7725 618.7216 629.7219 638.1205 643.9268 647.9255 662.4171 679.1729 681.2316 688.2372 691.2965 685.6212 676.5447 665.5808 652.0027 645.8561 652.7968 653.6569 652.7157 654.2487 661.0926 667.2446 669.1674 665.9171 656.8780 646.8088 641.7208 632.3956 614.6738 603.4426 601.7715 608.4557 614.2935 618.0326 620.9019 625.3226 628.8245 632.7645 635.3447 637.6875 640.6699 644.0014 646.9216 648.0887 646.2473 640.7070 631.6467 630.9198 630.2126 640.5599 658.3643 657.5443 650.4133 650.6613 649.5466 654.4634 658.2416 651.0026 635.8261 629.7328 639.1014 642.3687 636.2101 627.9617 617.9105 620.1199 627.2297 633.8073 639.3728 645.9067 649.0870 655.3586 659.0526 650.8385 647.1680 657.6298 670.0972 679.1023 689.2524 693.2886 687.9012 685.4995 688.9119 696.9186 702.7872 706.3816 715.6044 728.1144 732.3146 732.0952 736.4520 740.6468 734.4938 723.8196 731.4111 735.3491 731.9339 740.5796 748.3895 744.4222 750.1400 759.1334 766.6450 774.8475 783.4554 786.6207 792.3395 785.9769 773.3511 754.6829 727.4297 713.2123 705.2847 700.1954 707.2213 707.3806 718.2026 743.0380 761.9627 773.9811 786.6088 802.0485 815.5468 810.4536 800.9711 800.7543 805.0117 805.3380
622.0818 628.1911 640.7677 653.6525 664.1175 668.2731 675.8382 681.2468 680.6556 682.6615 680.9323 672.6223 664.5214 655.7374 644.6235 643.0666 648.0414 651.2560 654.6679 659.9051 665.2479 662.7900 654.8818 649.8586 643.5397 639.7162 634.2278 624.5488 610.5480 601.2611 601.6046 608.6450 614.5589 619.0684 624.1362 629.1979 633.7373 637.7733 641.6649 645.8585 650.2626 654.3000 657.1836 658.1974 655.9338 650.5387 642.1805 638.6768 639.4374 641.9935 658.8484 671.1223 673.0436 665.3912 663.9711 672.1788 672.6458 660.2949 640.1678 625.6324 628.0150 631.0668 622.1230 619.3442 619.9185 619.6332 620.8738 626.3170 630.5783 635.1215 633.5172 639.8654 649.3344 642.2264 640.1273 651.2141 660.2018 672.2516 686.0629 692.9242 692.5114 692.2349 693.6577 699.3672 706.8989 715.3514 725.3288 731.9715 729.6100 727.2447 728.1025 725.0155 717.8097 708.0430 711.3488 714.6021 711.3776 728.2401 736.9937 726.4606 736.3364 746.5367 755.1921 765.0483 773.2400 774.7136 782.3911 782.4633 781.7551 769.4685 747.3165 723.1948 703.3029 698.0144 710.5182 719.3806 726.8395 754.6866 786.4365 797.4158 802.2329 813.5380 821.9305 818.3311 816.6071 819.8677 821.5203 816.3818
637.1293 644.8348 653.9034 665.4000 673.3082 678.7796 680.0713 676.2944 666.5234 667.1609 666.5428 657.4427 649.1263 644.7080 646.6859 652.4633 657.1281 660.2580 663.4232 667.3105 666.9834 651.8869 636.9242 631.0403 629.2680 629.9919 626.3970 612.4152 603.5789 599.5467 603.3622 609.3679 612.8736 620.6256 627.5412 633.1542 637.8679 642.2307 646.7751 652.1575 657.6656 662.4147 665.5186 666.4851 664.7991 660.5607 654.6912 650.2740 652.7636 650.2914 655.0964 673.0504 683.7838 681.8604 681.8745 685.7461 682.2487 664.3345 642.8019 626.6835 619.1499 623.2999 619.0864 621.9916 627.4998 627.2338 623.4750 622.2090 621.8386 621.7916 622.2708 626.3979 635.1155 631.8856 633.8277 645.0746 659.9614 674.7561 677.5327 675.4549 679.9319 687.1701 689.2548 692.3289 700.6749 712.0577 724.8875 727.0179 712.1165 704.9617 704.9888 708.2497 714.6936 700.7101 693.0271 695.7753 700.3176 720.7321 725.7906 715.7837 723.8650 733.0854 743.5308 753.9895 764.1680 761.1439 762.2953 759.5043 758.6005 748.2169 730.1688 706.9958 698.1932 700.7547 714.6845 733.6990 741.6675 752.9645 776.7540 796.6912 816.2725 827.4319 825.2564 828.4143 828.1046 824.6609 823.8973 811.8303
649.3500 661.3730 666.8641 670.7172 677.7615 682.1021 677.8141 671.8156 659.4248 650.1650 648.8724 641.8943 641.6515 648.0901 656.7806 663.9341 667.1854 669.3709 670.1306 668.9561 662.6974 649.6167 635.2804 623.7216 616.7852 616.6627 614.7852 606.2819 599.5401 598.9913 601.9775 607.7436 608.4243 612.8879 621.9125 628.9252 634.9424 642.0659 648.2289 654.8220 660.4659 664.8295 668.4514 670.8206 671.1381 669.3096 665.7868 662.6225 665.6799 663.8833 657.7187 673.9780 687.9210 690.9838 691.4570 691.6981 685.2933 666.1281 642.6808 625.3373 615.3464 617.4774 622.3121 629.6865 634.3962 636.2853 635.8213 635.2445 633.1837 626.8396 623.3833 625.4007 625.0986 625.3123 629.0479 640.5202 650.2391 664.6326 662.5631 660.1160 666.8511 675.0048 679.2124 686.2586 696.4939 708.7292 716.6683 710.3183 698.5884 683.9834 688.7401 713.3128 710.4932 689.4261 684.6934 690.5522 703.7169 721.4036 714.7683 706.2637 712.9613 730.6718 742.0242 749.5155 752.8922 747.2534 737.7728 731.9127 730.7114 718.2544 703.9525 696.3338 705.9632 715.5624 726.5931 751.7589 765.0400 768.6566 773.0637 783.3997 804.1281 817.0783 811.9856 821.1902 816.8096 805.6190 814.5312 807.5366
661.3174 671.1445 674.9621 675.5357 677.4526 677.9161 673.3979 665.7496 654.1548 639.8109 636.3922 640.3752 649.4586 659.8937 665.8355 672.9564 675.9432 674.1266 664.3060 659.2260 653.3101 649.0462 636.7247 625.3961 613.2896 602.2729 601.7090 601.5587 598.7288 600.2564 604.2396 608.8374 611.3461 612.4459 617.7603 621.4357 627.2865 635.1537 642.9436 650.9018 657.1263 661.2666 665.6214 670.2668 674.1770 676.0356 675.5167 674.2404 675.8526 670.3028 663.2083 677.6088 687.8060 693.0673 692.9729 689.3975 684.0311 665.9485 638.4391 620.0837 616.9069 624.3714 631.0460 636.3927 641.1289 645.2559 647.9021 648.4780 646.2211 639.5755 633.8313 632.9491 627.1280 628.6274 629.1526 630.7482 632.4321 642.1786 644.0429 646.5792 654.6375 668.7343 676.9622 685.2981 697.4002 710.4030 707.6586 692.6143 682.0504 675.2124 687.1974 699.5642 689.4173 685.3983 694.2726 698.7705 708.1431 721.7180 712.2271 693.0833 703.9130 725.4207 733.9009 743.8038 742.4761 745.4479 725.0808 710.3688 700.7349 697.0786 698.5577 707.7246 718.9871 733.4630 741.4863 762.8939 781.4650 790.9095 796.2571 801.6495 809.8181 807.7948 802.8691 807.9515 801.6815 792.2719 802.7167 803.7134
672.3683 676.6137 677.6166 677.2855 673.9904 668.9963 664.3564 655.9930 643.7254 632.6315 638.3167 649.9831 656.7252 667.2368 675.4750 681.3036 681.8773 672.9279 653.4103 646.6986 646.9222 646.8422 635.9310 626.5596 617.1169 601.7408 600.7267 599.9208 600.5039 604.7336 610.1081 612.5759 620.0002 620.1484 626.7850 631.7218 630.8040 630.0323 635.6191 643.3681 648.5740 655.3919 662.1565 668.6812 675.1289 679.9340 681.0488 681.3471 683.1104 673.9441 674.0724 684.7835 689.8528 690.2880 685.8565 678.6089 677.7878 662.6749 635.6535 617.7057 620.7072 630.2072 636.1591 640.8244 646.8165 652.7047 656.7873 658.1008 655.9631 651.1422 646.7990 642.3617 633.4010 635.5609 640.4752 638.6854 638.2361 635.0161 633.1406 638.5782 653.8252 671.2864 676.5574 675.7167 686.7760 697.9741 698.5072 689.3128 677.7106 673.8991 682.3951 684.1857 683.3530 688.8736 698.6153 706.3333 716.3317 724.7427 714.2517 691.3166 696.7617 715.2380 732.5685 739.1785 725.4131 730.8825 716.0538 700.6812 692.2868 690.4293 706.4225 725.9648 737.5017 749.6384 754.5109 765.1467 776.7618 789.2342 800.6282 810.4541 814.8626 807.2827 797.4953 789.8390 781.0248 776.3405 780.2043 791.1885
665.0552 676.2006 676.1907 672.8317 666.4547 655.2613 647.6224 638.4475 631.4404 635.6147 648.8500 661.3961 667.6670 673.6122 682.4822 685.3923 681.2124 663.2820 643.2285 633.5409 643.9249 642.8027 628.3875 615.8477 605.0676 601.8165 600.4847 599.5732 604.0890 610.4791 614.2801 620.2735 628.5441 634.8161 639.4474 642.4459 642.1313 639.2366 636.0530 637.4241 640.9613 651.0777 660.8014 668.5561 675.6974 677.7614 667.6683 667.8717 684.0682 691.5104 692.0103 691.2648 687.2817 683.5799 679.8936 670.2628 663.0211 652.7731 630.6046 615.9131 622.3491 631.8718 638.5966 644.3527 650.7136 657.5194 663.0581 665.6877 663.7863 660.3463 656.7457 651.8707 644.5114 643.8309 652.9146 655.8152 654.2744 645.4987 636.7248 635.2684 646.2870 659.6119 657.7695 659.3970 671.2649 677.8430 675.6998 673.1592 674.1834 668.8504 667.4180 674.5942 682.8418 692.0143 702.1650 709.2208 719.6967 722.3467 709.2300 689.5015 694.4460 714.0392 726.7042 727.1379 704.5402 695.1556 687.6478 686.2397 690.3703 703.3598 729.8721 752.8892 762.6553 768.9585 768.0893 776.7821 787.1306 793.8722 801.3091 806.7757 804.9502 798.9036 791.9886 783.4756 770.7156 760.8652 760.7643 769.2530
658.8339 669.6531 665.1141 659.3861 655.0263 644.3256 632.3041 626.7321 633.1875 646.5767 659.1459 669.4432 677.2460 682.8025 684.8001 676.1137 673.0199 654.4930 639.2916 625.0549 628.5781 636.1780 628.6260 622.4247 606.5400 600.9123 599.2910 601.5098 608.3444 615.7300 613.3303 617.2248 628.7701 640.7883 646.8822 650.6393 651.5808 649.8678 645.7979 640.9298 641.9744 652.1723 661.8916 669.5567 673.1306 662.6578 647.2949 657.0232 682.9301 693.4841 687.4726 684.6946 680.0724 673.7087 672.0318 666.8164 656.9688 643.2054 623.3186 615.5607 624.5640 633.1722 640.7339 647.6765 654.2961 660.9228 667.1359 671.3218 670.6897 667.4330 664.0976 660.4515 654.7144 651.4391 660.4702 666.9622 666.1166 657.8140 649.9084 644.3340 642.3478 643.7974 641.0468 646.8171 659.7233 665.4883 660.2272 660.8844 669.8656 662.6812 664.0181 678.8890 689.1873 698.1456 703.0931 700.9302 709.0062 713.7969 699.0254 684.4536 684.9515 694.1635 702.5999 701.6896 686.3765 682.0766 686.3536 694.2971 703.1292 723.5244 755.4239 782.0884 786.0151 788.0773 779.9485 784.8978 793.4625 797.9167 804.9482 804.7814 792.6501 784.1542 787.5077 787.5385 781.9276 772.1972 762.0243 751.4573
662.5203 660.6348 647.3754 640.3358 638.8930 631.0390 626.0887 632.0660 643.9656 656.2378 666.4881 674.4127 680.9193 685.1245 684.3372 668.8265 657.6768 653.6075 641.6815 623.3619 613.4307 617.4197 623.2269 623.8589 608.4809 599.5984 600.2476 602.2810 612.8119 619.6556 618.7878 623.3430 635.6818 644.4111 650.2505 654.5029 655.1127 648.6705 652.0719 650.6744 650.7382 657.2172 664.0497 667.2538 663.3484 647.5599 641.5515 663.6303 680.9700 680.0493 673.4003 667.9244 662.9675 655.4576 656.3840 652.0885 645.9354 628.9290 614.7647 616.7328 621.5118 625.9669 633.3380 644.1553 649.8543 655.3855 661.9060 667.2056 674.3820 673.9129 671.3076 668.8652 662.9412 657.3540 667.0142 674.8251 674.7337 666.3608 658.3605 655.0127 650.1745 646.8062 645.5391 641.7990 652.5141 658.7907 649.5975 653.8982 661.3992 655.0819 663.8881 676.6562 684.1934 691.9274 695.6869 689.4095 696.2087 704.8336 687.5521 680.2278 679.9624 677.5013 680.5515 680.5522 681.9700 691.4670 701.6671 712.5081 716.0687 731.9186 755.9832 774.8786 784.7100 788.4828 785.8840 781.2336 780.8123 784.0941 795.4693 797.3238 783.8864 770.6325 772.7461 784.0377 786.7794 773.9943 758.4024 743.8445
660.0309 646.8115 637.6860 627.0291 624.8131 625.1664 633.4073 643.9403 653.6852 663.6673 671.8825 677.8266 681.6187 682.7424 680.4412 669.8115 648.8925 638.7806 631.7867 620.6935 612.3692 607.7261 611.3586 614.7136 606.2999 600.2274 602.0867 603.8310 616.5740 619.1603 625.7882 634.3360 641.5344 647.5670 651.2983 650.4635 646.8538 638.8463 646.6115 654.6565 657.4942 660.3615 659.8719 651.2911 643.8547 636.2460 638.4797 662.9000 665.5254 656.1703 651.7433 650.8524 642.0262 641.3224 643.5565 634.4755 626.8799 614.9992 611.5267 613.0941 617.8957 621.0785 622.1520 631.4232 636.6377 643.2767 649.4325 655.7537 671.6605 678.5678 678.6766 677.2071 670.8243 662.9957 673.2338 682.2979 682.9716 674.6075 668.6219 665.4259 660.3941 657.7452 657.7979 647.9086 647.1204 647.7374 650.1453 654.4512 650.8598 653.7066 662.0168 669.7834 670.6434 681.2728 684.4647 675.6370 687.0141 694.3511 673.9147 676.6304 680.0112 683.6619 677.9178 676.9747 683.8206 699.4916 720.8718 736.9933 740.6074 745.9968 749.4221 754.9996 765.2378 773.4565 778.3066 768.5590 754.2054 752.3000 763.8481 773.8353 765.3054 757.3065 768.5172 790.3527 794.8028 776.9772 759.5469 744.9495
650.0646 640.3781 628.0140 621.0070 624.9362 635.1603 647.0619 655.7505 662.6995 669.8809 675.6330 679.3215 679.9297 677.1149 672.2333 669.1874 654.3641 642.0109 633.7939 627.5247 618.6495 611.0732 606.5998 606.6677 603.4343 599.7003 600.2675 603.7269 610.6805 616.2889 626.0118 636.0108 643.6196 648.8447 649.3886 641.9743 633.1103 630.2963 636.9606 646.7900 650.4862 654.2593 650.1624 636.2023 629.7375 627.4495 634.5113 659.2141 653.7189 633.6470 635.8873 639.6027 630.3486 634.8014 635.6662 620.5404 612.7470 612.3268 613.9474 618.2223 626.6934 631.9651 627.3729 624.1660 626.7922 635.5307 640.8490 651.7346 664.1426 673.4409 679.4851 681.4782 677.0946 670.0473 678.1387 687.3312 688.3374 682.6285 680.5296 677.9028 671.9359 666.0057 661.2747 655.2921 654.4776 648.6155 650.8796 659.4776 656.9771 650.6385 653.2580 659.5558 659.9034 668.0762 669.9274 663.2421 670.7368 677.0083 669.7491 681.7784 692.2020 693.4611 684.4102 685.7048 691.0917 704.4493 724.6620 742.3012 753.9255 761.2153 761.5640 759.6838 762.2203 766.1130 774.8687 768.4663 752.2056 739.2156 737.2369 748.3953 747.2477 748.2423 766.3435 790.1338 786.3355 767.1059 752.7452 739.4697
634.5365 627.0073 622.4416 625.0995 636.5375 649.8034 659.4691 666.1496 670.6588 674.9797 677.4985 677.3004 674.8522 668.8206 663.6851 669.0318 661.6595 651.3359 640.2618 628.9686 619.4750 614.2855 607.9736 603.9503 600.0840 599.3641 598.9568 601.3482 602.7601 608.2462 620.3159 630.8404 640.4916 642.8582 643.1646 636.7206 623.6119 621.3914 628.8142 633.9787 634.9973 638.7905 636.4547 627.3756 619.3230 622.2164 635.9461 652.6022 637.4514 622.7162 634.9220 636.7017 623.2125 626.6251 625.1776 613.7255 614.4656 620.2138 625.6975 631.1836 637.9402 643.5683 640.9097 634.6015 629.3945 629.5877 634.7562 643.8011 654.9149 661.9051 670.7714 675.4872 677.7206 677.5137 683.1503 691.9800 695.8961 696.3103 696.3256 693.0098 684.2142 672.6865 660.7746 659.7482 663.1807 657.5741 653.1589 661.5994 667.4852 660.3027 656.1185 667.4899 668.5084 661.1927 661.0475 665.8779 666.7766 667.2562 668.5610 680.3521 693.5601 700.9574 698.4634 700.8272 705.1714 705.7689 719.5782 733.3984 742.9176 752.5496 749.3087 746.3215 751.0471 761.0945 771.8851 771.3397 760.3437 745.1493 732.8090 731.8827 733.2558 739.7249 754.8092 768.2812 760.9292 749.6633 735.8592 727.1710
623.1690 615.7279 623.0377 635.7661 648.2587 659.0831 667.0734 672.5350 676.8856 677.6476 675.3600 672.0626 666.6643 658.7338 659.5826 667.9955 659.3994 645.5263 632.0601 620.3058 614.7588 610.5291 604.9131 603.3124 604.3140 601.4228 598.6058 600.5403 602.2390 604.8286 611.9547 621.7714 630.3506 628.3658 632.2075 632.2941 618.2134 615.3711 620.7951 620.8754 620.3214 621.8960 622.4515 615.9149 613.2785 625.6761 643.5026 644.3524 627.8209 618.0586 627.4334 629.3360 616.1594 616.0298 613.3118 613.1409 620.0824 627.3104 634.3979 641.1668 647.0372 651.1111 650.4868 645.6537 639.2347 635.7482 635.3795 637.9669 645.5792 653.6260 661.3975 664.8280 674.7988 684.2274 690.2566 697.7901 704.2640 707.8586 707.5336 702.6027 690.8354 676.0633 663.9976 665.3343 672.3625 667.1633 658.9805 664.5732 671.7187 662.7594 658.9189 679.0361 681.9415 673.3817 677.3441 676.8159 672.9892 677.0164 673.1882 676.5894 691.0247 704.0851 710.5968 715.0787 718.4731 718.5562 720.6608 726.5534 732.9414 735.5864 736.7661 740.8586 749.2535 757.0480 760.1572 754.1882 747.5395 736.8170 724.9921 718.7512 720.5068 725.9606 734.5746 747.4247 752.6338 740.5001 726.6416 727.2780
611.1424 616.7688 632.1332 643.4815 655.0490 664.0236 669.4722 672.0131 672.5909 670.8021 667.3351 663.0264 656.4448 652.3093 659.2482 666.2709 655.7024 640.8214 633.1197 628.1157 626.4465 619.9187 610.7295 610.2394 613.3444 604.0200 599.2397 598.9636 600.1118 602.3384 607.3748 615.0360 617.1519 614.1963 621.8049 628.7614 615.0772 607.7635 608.4981 606.2891 607.1510 606.7451 608.3045 608.1832 619.1737 634.4762 635.5387 624.4304 622.4884 616.2390 612.5071 616.4709 610.5605 611.0764 613.7035 618.1480 622.3862 627.8344 633.2045 639.6427 645.5582 650.6657 654.0622 653.5292 649.3271 646.4448 642.9506 640.2076 642.3881 647.9379 657.5574 670.7980 681.5404 691.6161 698.6890 704.5855 709.9998 712.6484 712.3215 707.8702 696.1267 683.4926 675.5356 675.2079 680.0204 674.7161 673.5822 677.1743 679.4099 669.8253 661.6436 671.9385 678.8217 683.7734 696.6456 687.4226 680.5190 686.1853 679.4337 676.4645 686.6802 697.3649 706.3549 713.1578 711.9753 714.0035 718.2394 728.7252 738.4673 742.3201 744.7399 751.7146 757.4419 758.5726 751.8550 741.1416 732.3328 729.0329 730.0850 715.4945 706.9844 713.9951 727.4323 743.2546 745.8753 726.8118 708.9448 724.8498
608.7704 618.3978 636.1012 649.3996 659.5563 664.3673 664.2737 663.4069 661.7243 659.3326 656.0375 651.1029 646.8988 650.7858 660.6551 667.0551 656.4149 648.3122 643.7225 636.2800 630.6225 625.3631 619.8914 620.3732 621.2871 605.6996 596.4502 595.7691 597.3850 598.3019 598.5441 599.5284 602.6074 608.7664 622.3292 628.2674 613.5566 602.1105 603.8063 603.8032 604.1027 603.9902 602.8511 606.3544 618.1164 624.3025 616.0249 608.3578 614.5492 611.7429 607.4119 608.9136 609.9082 611.4416 611.5573 613.2222 615.6293 619.1593 626.8541 637.0594 645.9777 652.6125 657.8696 661.0188 658.5250 655.5717 651.5510 653.2906 650.2745 656.1599 672.1063 683.4760 686.8890 692.3565 703.6010 711.3701 714.6064 714.8326 713.0801 710.9841 705.1974 696.6287 688.1495 684.6801 686.8971 683.5782 687.1411 690.7193 690.8074 679.0930 669.6539 673.3039 676.3359 685.5803 696.8600 693.7219 692.2443 695.6841 688.1136 690.0977 695.8932 707.5944 709.7382 706.2786 705.1486 712.1249 719.0549 728.5752 739.7631 741.3945 744.1098 755.1844 759.7683 763.6407 758.1742 750.5319 744.9769 738.5925 730.3503 717.3438 705.5245 711.0680 725.9368 735.7543 735.6699 717.7293 720.8369 737.1196
608.4341 613.2914 631.7727 648.7502 656.7791 652.7552 647.8712 647.6577 645.3013 643.3149 640.6483 639.2399 642.7947 651.7234 659.8129 664.5932 653.9277 642.0721 633.2944 623.8080 622.0109 629.5562 631.3359 630.7579 627.6910 609.8646 598.9318 597.3050 599.2307 599.2767 598.2477 597.3027 598.4304 608.8268 621.1265 624.4647 614.4672 604.0838 604.5185 609.9252 612.6945 612.4811 609.6200 605.6188 606.3790 608.4952 606.7967 607.5475 608.2153 608.8256 612.9238 617.1144 619.3253 619.9938 620.7297 620.7499 617.2586 614.9445 624.6882 638.7466 648.4836 655.4461 662.1300 667.0293 666.4257 665.0062 663.6038 665.4968 662.7834 669.6490 679.8015 688.4185 691.0571 692.6385 704.9343 715.8040 717.8512 716.0677 712.9740 711.1791 709.8636 704.8640 696.7616 693.8650 695.5798 693.1725 696.1309 699.4068 694.4095 682.9706 684.7210 693.3548 690.1794 684.8622 692.9612 699.8644 702.1780 705.8185 703.3281 706.0825 712.3140 717.8400 712.4089 702.3864 706.7179 721.8797 729.3360 730.6351 730.6004 727.2493 736.4700 746.7053 757.1315 771.4977 776.3948 764.3660 744.3967 736.5780 727.0598 715.2601 704.7203 701.3784 705.4020 711.2545 710.2559 715.1525 728.5450 741.0958
606.2113 610.8702 628.6246 643.8140 644.9359 636.8003 632.3133 631.0806 630.2363 632.7922 637.1281 641.0565 646.3651 651.5617 656.9022 658.9949 652.1628 639.6470 629.3136 615.2090 613.2481 627.4323 634.8394 629.8056 618.8491 604.7444 599.4756 599.4401 601.0569 601.5001 601.8974 599.9899 598.6209 604.0625 611.4037 612.6740 607.4011 603.2440 608.3568 616.6337 620.3110 620.2802 616.5087 608.2279 607.1329 612.2980 612.5572 609.0367 606.5115 612.9860 619.6618 626.1266 632.0250 634.4720 635.2133 633.8323 628.6772 621.3083 619.1629 631.0291 641.5406 649.0707 660.4022 669.9926 673.4286 674.7693 675.6703 675.7334 677.1900 686.5070 693.4935 696.5090 697.8635 699.6372 708.0498 716.5331 717.6954 715.3685 713.1783 712.4489 710.5748 705.1509 696.0436 691.3242 696.5228 697.1732 700.3600 703.4700 696.7173 690.7289 693.2026 702.5334 702.0822 697.1407 699.8027 702.5982 706.1639 710.3075 712.8454 715.1020 718.7484 718.6422 709.5389 697.1685 700.0549 714.8899 722.9055 720.2314 712.7120 716.4584 728.4828 732.1120 744.4999 767.2260 784.3964 771.7930 742.6188 725.8481 716.5117 710.1898 710.4163 708.0676 700.8892 694.8285 698.8887 705.9670 709.7859 728.0139
603.1898 610.2216 625.1915 631.4475 629.6299 624.2933 624.3950 628.1802 631.2653 636.1772 641.7270 644.7363 646.4412 649.5285 650.6422 643.4474 640.8436 633.2101 624.7400 613.0431 609.2731 623.0320 627.8521 619.9644 604.8113 599.9060 598.8592 598.8904 602.0903 605.0268 607.2163 604.8541 600.4550 600.8871 601.7765 602.5517 603.3193 607.0995 615.1664 623.2975 628.3597 627.9905 621.9799 611.8673 611.4084 618.8317 619.3711 614.6734 608.1664 610.8998 620.7583 631.1487 640.2062 644.2875 646.6896 645.4642 639.1234 629.6624 620.2602 624.6453 633.7185 645.4785 658.0663 666.7802 672.6178 676.7938 678.6857 679.2349 685.7890 694.3055 700.2728 703.4766 705.5119 704.3793 706.9813 711.6001 712.7712 711.3305 710.0625 710.0729 707.8415 700.9767 688.0087 678.6053 684.8824 690.2808 700.2845 708.0800 705.7902 701.8565 701.1488 706.1057 707.6597 704.1758 703.4230 703.3447 705.2656 703.4146 706.9758 708.6968 713.4488 713.2812 705.2823 693.3500 690.7308 698.9763 704.5088 703.2803 700.8472 705.8953 709.3539 714.2436 728.4149 739.4772 751.1110 751.8782 741.2224 729.4328 719.4811 719.8162 723.6749 719.0523 708.5956 698.3823 691.2852 690.3913 698.6910 715.5696
605.4058 605.6038 611.7728 614.8696 614.3162 614.9664 623.7715 632.8124 629.6870 627.2976 630.1132 634.4955 632.8214 636.2183 633.8413 625.1672 628.1012 625.5707 614.7748 607.0355 609.5425 617.2057 612.8844 611.6302 601.4970 598.2441 598.7010 600.8992 605.0844 609.5709 613.2684 612.9974 606.9253 600.9939 600.7458 604.9587 610.3934 616.3008 623.3729 630.8145 636.8362 636.2286 626.9508 614.7831 616.5980 627.3127 629.1778 623.5836 615.9359 610.0094 616.7953 631.4927 643.1144 649.5782 653.8751 652.9617 645.8617 635.1762 623.2062 619.8969 627.5006 640.3525 650.6056 657.5088 663.6545 667.4362 667.6593 669.3480 683.2347 694.8246 702.8709 708.8207 708.5966 697.3033 693.2050 699.9472 703.7842 703.5364 702.0405 702.4769 699.8390 691.4950 678.8058 670.7916 677.4348 686.7178 699.5593 707.6827 707.2467 705.1599 706.5219 709.1823 708.1805 700.4170 695.6251 698.0105 699.0096 694.2695 694.0673 696.6299 695.3257 698.2084 693.0034 689.1223 692.4128 696.2479 696.8585 697.5003 700.5696 704.5365 707.1328 708.9659 712.9092 716.8881 722.3221 728.9984 737.0559 738.9608 734.6184 737.1240 737.8456 728.2786 721.3439 712.3711 700.7912 690.0123 693.1140 694.8104
622.2391 614.9204 615.7998 617.3133 614.1082 611.1790 619.7508 623.8513 614.6879 613.1782 617.9697 622.3586 616.9955 617.3008 613.3036 614.2054 622.6385 623.8956 616.3939 603.0943 608.7087 608.3439 599.0433 598.2833 594.4565 594.5402 599.8864 604.4081 610.1621 616.6946 621.9130 622.7572 616.7599 605.2312 600.6068 607.6208 617.2031 624.3881 631.3680 638.2350 643.5934 642.8181 631.0970 620.3913 623.9180 635.2919 639.2365 634.5014 627.0025 614.9274 613.8500 628.8661 642.8115 652.3433 658.1448 657.3981 649.1573 636.4863 624.9594 623.2390 622.6312 628.6472 636.7664 644.8510 651.9804 654.5568 655.7234 661.8522 675.6682 687.7466 697.7772 704.2184 701.6498 688.2146 678.1094 683.4989 692.7732 694.4247 690.8076 691.1135 688.0503 677.3331 666.0480 671.8931 681.3626 689.3942 694.0532 697.8509 696.2157 694.3768 697.7703 700.5981 700.2708 693.7302 685.3043 686.3491 685.0798 682.9905 682.1506 685.0063 685.9750 686.2553 684.8207 691.7134 703.5356 708.4330 708.7900 707.1901 706.7754 715.1927 719.5684 715.5284 713.6996 720.9139 726.0198 731.2103 738.4819 742.6403 749.1870 748.5417 736.8443 730.3284 727.0547 715.1820 700.9536 684.8179 680.7600 679.2162
624.8549 614.5554 618.4340 620.3410 610.1134 601.2955 607.4280 606.0646 596.6373 599.6708 609.3400 617.2800 610.6075 602.1767 603.6002 615.5296 613.6180 608.0797 605.3473 599.8857 603.0121 600.3389 596.9620 594.6534 596.2756 598.0501 603.2695 609.3851 616.0945 623.2042 628.6137 629.9210 625.0082 609.9799 600.9092 608.9664 621.8024 630.8771 638.1464 644.2719 648.9278 648.1349 640.0495 631.1821 632.7020 642.6388 648.2010 645.6089 637.0438 622.2078 614.6824 627.7461 643.0554 654.2827 661.1937 659.2797 649.3668 635.4050 631.2921 635.0024 630.5699 624.9440 629.8618 640.1461 645.1169 647.5642 653.1416 666.3607 676.7851 686.4943 695.8812 701.5627 695.5969 683.4269 670.1206 672.0261 681.0635 682.9321 676.1658 676.1084 673.7597 664.7429 663.0234 676.2732 688.4442 690.7940 685.0825 682.3188 681.3831 681.2025 683.8776 686.6776 685.8129 680.0865 674.5092 675.7544 678.4447 683.8167 684.9801 686.8375 695.5948 697.4701 691.0651 694.9374 711.8484 718.4155 719.1888 719.4559 720.8342 729.5795 732.5973 723.2619 720.6448 731.8320 739.6564 743.2700 734.2811 717.0034 723.3763 724.9619 709.4339 707.4580 716.9810 711.4097 703.5342 692.8472 680.0858 671.1397
613.0443 604.1816 610.8861 609.3766 600.4504 596.8560 597.7673 596.2722 593.9918 595.3896 601.5471 609.9388 609.7394 599.7752 600.3725 609.4510 604.1774 595.4154 593.4201 594.9350 596.9881 595.4109 594.0402 595.8488 601.2025 605.4694 609.5540 614.4904 621.9333 628.7345 632.7505 632.2003 625.4841 608.2726 601.3416 609.4825 622.7584 632.8622 640.7045 646.3188 650.1009 650.8344 647.2313 641.1356 637.0015 644.6985 653.0499 648.5194 638.2349 625.2790 616.3362 626.6005 642.6448 656.0311 662.3955 658.6455 648.3975 636.6376 639.2337 644.5266 640.6049 631.1649 630.5009 640.4371 647.7666 650.2432 654.1970 665.9001 676.4025 686.2781 694.3097 698.8318 693.3992 683.3950 669.3174 662.2379 665.5748 669.9361 664.6758 660.0110 657.2431 658.2828 668.7108 681.1624 686.5629 681.7037 674.4849 671.9117 672.1634 673.0997 674.1389 674.8936 674.3115 676.4758 677.4581 679.3104 685.3344 693.1843 700.0867 705.7501 710.5027 712.8785 703.9678 702.4817 715.2767 723.2744 727.9669 734.4110 738.0020 748.4884 751.2625 733.6386 734.1048 751.0436 758.4594 759.6710 739.7971 719.1697 707.2043 695.5530 691.2643 689.2847 689.3484 682.1909 674.0582 665.8821 659.7552 657.8185
598.0455 594.5328 596.8695 597.0828 594.6580 592.8808 592.4510 594.6186 595.7046 596.0732 596.7479 598.8399 601.8587 598.9047 596.8458 599.3629 596.5858 593.5794 595.0355 594.4307 593.5378 593.6092 595.0965 600.4151 607.2458 612.4374 616.7243 620.7385 626.4642 632.5082 633.2440 626.5621 618.0245 604.4521 601.0602 603.5977 613.2380 622.6971 632.3927 638.4210 641.3174 645.6571 651.9830 651.4367 645.7989 647.9651 656.3483 651.5695 643.3989 632.3405 618.9555 623.0793 638.2230 653.6465 660.4435 656.5723 649.1493 642.0062 646.5637 651.4047 646.8959 639.0405 632.5691 635.4254 648.4468 655.8793 659.9764 667.8544 676.4295 684.2623 691.6536 695.2570 691.7626 683.4236 670.1187 660.8049 655.2590 657.7009 657.1033 649.3035 648.9930 660.5106 671.8924 678.9068 675.1635 669.4041 670.4322 671.9071 676.7268 680.1822 681.4028 679.6289 674.7255 681.0916 685.0950 683.4482 690.9150 702.0731 712.1547 721.2955 723.0221 724.1007 719.1519 716.6675 716.5101 721.6994 731.7998 741.8381 746.7145 755.0918 764.1689 751.6608 754.1006 771.2642 786.1049 790.3799 780.0631 760.4587 737.1238 719.4028 723.2224 707.2359 686.2193 676.1371 674.2988 668.0729 654.6862 652.5157
593.0796 591.8585 592.2285 590.6387 590.5330 592.0663 593.6189 595.6979 594.9778 598.0862 598.8746 595.6630 595.3640 596.1787 597.8934 598.7192 598.3061 599.5037 602.8545 601.6521 597.5627 596.9945 597.4247 603.6314 611.2312 617.8275 622.7669 625.6146 629.6618 634.1596 629.6924 619.4377 610.3533 603.0312 605.0998 605.4290 606.4168 610.0838 617.2271 620.0595 625.1212 640.5807 656.2500 660.2518 656.2836 655.5393 662.0401 662.2200 654.6883 639.9449 622.7149 624.3342 638.7852 649.2991 657.4520 659.6998 656.1174 651.2001 653.4227 657.2995 653.1304 646.3579 637.2004 632.5948 640.8849 653.8510 664.5214 672.8694 681.5731 689.2612 693.9886 691.6487 686.6328 682.4706 674.8064 665.6401 652.8413 647.0884 649.5110 650.7800 649.6811 653.7131 661.7051 669.5351 666.2380 666.4298 672.1650 677.9908 685.8931 690.6118 693.0995 690.5822 681.4686 683.9422 694.4510 692.4406 690.4963 700.4409 713.5024 725.0485 732.0842 733.9846 731.9342 724.4869 709.2679 709.3997 723.5748 730.4016 737.0924 748.3004 765.0354 773.7580 776.4333 782.0480 796.9724 809.9297 812.3929 794.7609 769.7578 757.7713 764.9083 749.0487 725.4396 711.0941 701.9512 686.7220 674.9275 671.4540
588.9715 588.0533 588.3892 590.1198 592.1760 592.7459 596.5355 603.5366 607.5822 611.5007 611.3984 608.0151 607.1979 608.8954 611.0200 610.7459 605.9203 607.5252 609.6521 608.3659 604.3939 600.4967 601.2897 609.1616 616.6249 622.3546 627.5599 631.2409 632.0605 633.1736 622.0781 608.1821 603.8325 606.3223 613.0986 618.1673 617.4207 614.2238 610.8419 612.0651 623.6069 640.3177 656.3252 662.4464 660.7215 659.4160 662.4900 665.1717 659.1622 644.3383 627.8539 625.1305 631.2542 641.4857 653.9897 660.9026 662.6385 661.4447 661.1411 663.7463 661.1292 651.6519 640.0325 641.6530 641.5611 647.6121 661.5984 673.8934 684.2256 691.1048 695.2250 687.1774 677.2369 675.9255 671.7228 663.4120 651.7204 644.8324 653.9380 662.8276 659.5858 653.4252 653.0198 662.2411 662.5704 666.4227 674.5338 683.8803 690.9281 698.3155 702.7254 700.8599 690.6003 688.1907 702.1124 704.1612 697.3229 696.0343 701.3845 710.7310 721.1829 727.6787 732.5043 728.4946 704.2976 688.3163 702.0839 722.6932 739.0207 754.7461 773.8395 783.7974 779.4292 794.0083 809.1947 822.6719 828.8217 814.6516 797.5146 790.8333 795.1495 784.6625 764.1115 739.7254 710.6597 691.4855 690.6810 688.7012
588.3445 589.2145 592.6346 593.4366 594.5869 596.8504 605.2643 615.3362 619.4112 621.7836 622.3077 621.5301 621.4818 621.4498 623.3508 622.7743 617.1806 615.7995 615.9760 613.7004 612.0177 608.2777 609.9186 617.2864 623.6711 628.8039 633.0268 635.9407 631.8589 627.0541 618.0220 604.8478 604.2938 612.5422 621.0431 627.6817 629.3015 625.9456 618.4778 611.8391 616.6588 629.2466 638.4941 645.2089 647.4382 649.9421 654.6773 660.0067 655.0601 642.5980 634.7281 636.0767 632.5851 635.1199 644.1306 652.8763 661.4969 666.5261 668.9598 669.5696 665.1982 654.9767 644.2474 650.9747 655.9380 651.7341 658.9634 672.1082 683.4275 690.9628 692.2500 682.5591 668.3143 664.6199 664.8953 658.0909 650.5589 647.0789 658.6260 668.7036 668.8683 663.5300 656.2774 659.2500 661.4429 664.6984 670.6534 681.3160 686.9725 696.0368 703.9597 705.5315 698.2609 695.6671 707.4709 712.7966 709.8191 711.1147 705.4240 702.7208 712.9053 724.6696 729.4397 730.5717 715.6156 686.2752 685.9779 710.9803 727.1341 749.4517 772.0767 771.9073 764.4807 792.9295 813.4114 819.6821 825.2110 821.5411 816.9368 813.2614 810.5588 804.9770 782.1949 744.1841 706.7866 684.6832 675.3958 668.9888
594.8203 592.9705 594.3242 599.2932 605.5541 611.0837 616.8050 622.5527 626.7793 629.8889 631.3560 631.8979 633.1995 633.7335 634.2986 632.1631 627.7592 625.3024 622.9474 620.8743 619.6831 615.0753 620.7905 626.4318 630.5964 634.9622 637.8087 636.1374 626.9357 615.4507 606.8308 603.3032 609.8315 618.8102 627.6245 635.6919 639.5648 636.5973 628.3241 618.7980 616.8117 619.2860 623.2740 625.6060 632.1824 644.4824 654.0171 657.5941 649.6373 643.8094 646.3862 650.4531 645.5254 635.5288 634.3306 643.1428 650.8117 662.9423 675.4816 676.6219 670.3434 660.2079 649.1601 655.4233 666.1033 663.1099 660.3242 669.8185 680.3228 687.8459 688.1335 679.3713 663.7326 655.1081 654.4020 651.6689 646.7298 650.3800 662.8810 672.1263 674.8735 673.1304 665.4293 661.8111 670.1135 676.3979 676.2562 677.3665 683.8686 693.4926 704.4681 705.3246 707.8002 706.9621 715.6180 721.7741 724.2687 732.7043 719.9904 713.1007 721.1093 728.6284 723.6761 721.4363 713.5700 682.1320 669.5087 685.2222 709.7067 735.0444 750.5025 749.6816 746.5630 774.7639 795.5294 798.0988 799.7688 809.1197 818.0118 819.2443 807.9802 801.5740 780.2999 758.7474 723.4078 693.7968 685.5528 675.9842
600.6925 595.9422 598.0971 609.6786 617.1036 623.9686 626.8008 630.5663 634.3939 637.3341 640.5315 643.7354 646.5866 644.6894 643.5023 645.6351 640.0815 633.5598 629.7065 629.3203 628.2839 623.8564 629.8976 635.4017 637.9412 639.9036 635.0188 625.9152 613.1172 608.3242 606.4680 608.7052 616.1017 625.0941 633.5225 641.8265 645.8274 643.0129 635.8145 630.6166 625.0853 623.9085 625.7773 626.0325 630.4983 638.7074 648.5222 654.5414 653.5897 654.8591 660.0325 662.3314 657.2638 643.4267 633.2834 645.7025 656.1370 667.0281 680.2316 683.2690 675.3906 663.9482 653.4829 660.3899 674.5620 674.5938 668.6608 671.4974 678.1059 682.5814 682.6903 677.2086 663.6445 648.4666 639.0643 641.2635 648.1733 657.7587 667.1020 674.4052 678.6770 679.1328 673.4826 669.8290 679.8465 688.1726 689.8098 687.8517 686.5729 683.4340 691.1736 696.1255 708.3344 715.7903 720.4686 726.9221 731.3177 738.0186 730.8016 728.7174 730.5272 723.5615 705.7245 699.2390 698.6053 677.7023 661.6642 666.8745 685.9227 714.5114 731.0218 735.3402 745.4837 767.6126 781.3307 781.4491 788.8549 802.8846 813.5186 809.6954 788.3526 770.3208 757.2908 748.6127 726.5431 706.0319 708.3388 702.5057
608.7682 602.8560 605.8281 619.2574 627.0689 633.2524 636.1078 637.5381 640.7746 645.0062 652.5844 666.0804 667.8430 655.8285 655.5441 658.4777 652.2080 645.3337 638.4223 638.5655 636.4431 633.0291 637.8730 642.4861 643.5070 640.1340 623.8616 608.8646 604.0461 607.2407 613.1006 617.3130 625.7018 631.8149 638.5859 644.5299 642.6055 642.0609 640.6808 638.7715 633.9281 633.9734 637.3401 638.8610 640.1707 637.8304 644.9690 654.9441 660.5154 664.6043 669.8049 672.3738 667.9817 650.7648 637.1823 648.4488 659.6973 663.9150 676.5262 683.0341 676.5853 667.6309 659.7014 665.6553 677.2453 679.3617 676.0624 672.8853 672.7365 673.4515 674.0123 669.2491 657.5120 646.1778 638.3734 639.1332 650.3693 659.1592 666.3441 673.2414 679.5394 683.9033 682.3001 680.3297 688.5562 697.5520 702.4648 702.2205 698.2114 691.3656 686.8907 688.1132 697.1326 708.9394 716.0253 719.9330 725.1287 734.7316 741.0413 746.7747 742.2644 730.9072 712.7148 692.7352 682.3962 670.7034 662.6489 670.6065 697.9950 725.1012 749.1493 753.3723 758.4343 769.7512 778.8459 785.3293 793.6887 810.1129 816.1470 806.0054 785.1744 748.0155 727.0975 726.3078 728.9473 718.4305 721.3682 714.7814
616.2360 613.6010 619.7468 628.3709 634.1241 639.0976 643.1663 645.1703 648.3821 655.2841 662.6887 673.3123 673.8420 667.3085 668.8495 666.8234 661.5200 656.0299 648.1226 646.8876 643.6385 641.1295 645.0307 648.0520 645.6787 634.2471 614.1286 602.6131 603.9830 611.1869 619.2238 624.7950 629.7867 632.4161 634.6572 633.3161 626.8967 629.9440 637.3760 640.2767 641.8030 642.0950 647.3237 650.6348 650.1004 644.6362 650.4566 660.5472 666.5546 671.0101 676.1002 679.8644 674.9844 654.7045 646.2173 647.1489 651.5292 666.3814 677.9464 683.2033 680.9402 675.5612 667.4316 669.1891 679.9869 682.0818 677.7965 666.8174 661.1968 658.2507 658.7363 653.5121 641.2845 633.4173 634.4299 635.7308 640.2777 645.2814 652.4733 662.5923 672.5880 681.8248 685.4750 686.0227 694.2837 703.2913 709.6060 713.2595 711.4933 704.1093 696.1530 695.4418 696.0907 704.4289 711.3740 716.9894 733.2363 744.2080 756.5609 769.1267 765.6464 751.0953 730.3490 704.2304 685.1858 671.0702 661.3890 669.5022 696.7852 738.0434 757.0716 753.0385 751.2139 765.1803 784.0768 800.3423 806.8479 816.4862 813.7405 793.1013 770.7401 746.3748 728.8459 717.0627 721.4568 712.3358 717.8385 725.8368
625.6189 626.9196 631.0676 635.8441 640.9379 645.6269 649.7012 653.2669 656.9399 661.9773 667.5500 671.0558 671.7028 675.7161 676.7416 672.5371 665.8724 660.5005 653.1256 650.8375 647.2527 646.6735 648.2427 646.8271 639.6206 626.0264 610.0068 604.1202 611.2505 618.1385 621.4169 627.5190 627.7894 621.0873 616.0026 612.2518 611.4676 619.1210 627.0135 634.8939 645.2441 650.5886 654.7458 658.6665 658.8950 653.7382 657.0826 666.4583 672.1097 676.2174 680.8688 682.1840 668.5683 659.0176 665.7706 662.0993 656.5898 670.0308 679.8674 682.7706 682.0257 679.3937 675.9637 675.8107 681.8121 686.1136 682.5419 671.5622 659.7235 647.6735 643.4199 636.4329 631.2790 632.6741 637.7190 641.6491 642.5043 641.5664 641.1217 647.3734 654.8365 666.4055 673.2714 675.6498 685.2604 692.7151 701.0782 710.7573 713.5128 711.9105 707.5005 707.5117 705.1818 715.5922 729.2972 738.8713 750.4831 761.4149 772.5212 781.0285 776.4592 766.3190 754.3397 722.8342 690.0756 672.3883 658.8253 656.8199 685.5045 713.9746 720.7219 725.5943 745.2204 776.6686 796.8677 816.0990 812.1577 803.7119 783.9027 759.0580 747.8773 740.4970 726.5892 712.5497 712.2540 696.9272 705.7864 732.4111
632.1093 635.3615 639.6456 643.8848 647.8457 651.8482 655.5525 659.1563 663.0117 667.7620 670.7548 670.4374 675.7431 680.1822 680.2658 675.0156 668.8433 661.8209 653.4437 649.6467 646.3300 646.7058 645.7308 637.0679 626.8369 617.0294 606.5043 604.1167 609.4172 611.5296 612.3746 617.5411 614.1044 609.4538 608.2772 608.1248 609.5345 612.8901 616.0688 628.8982 642.2231 651.3303 655.5644 661.2457 664.5521 661.8030 663.3948 671.9344 677.6517 681.5366 685.8839 685.5401 670.1647 662.5330 673.5479 676.1999 668.3705 669.5851 679.8778 680.9088 677.7120 675.7693 678.5969 681.7978 686.4200 690.6415 688.9396 679.3929 664.4992 646.7465 633.4769 628.8967 631.9587 638.1349 644.0237 650.0876 653.6155 652.1249 644.6217 644.9789 648.9400 653.1050 656.9620 659.9971 668.4769 677.2589 691.2855 706.2576 713.5796 721.8273 725.1180 723.2847 718.6294 729.7432 743.3063 755.5803 761.3864 769.3680 777.2582 778.5242 772.0385 759.5499 748.1072 721.1437 689.0915 668.2852 653.9362 648.2314 662.6755 677.5375 692.6498 719.4600 767.5662 808.1240 821.9129 823.2479 801.7889 782.1821 762.5834 746.2533 733.3019 726.9863 715.0312 705.2939 701.3018 685.5092 692.8120 703.8445
634.9432 640.4075 644.5717 649.9656 654.0785 657.6339 661.5342 664.7404 668.4478 670.0250 667.4374 670.9233 677.2877 680.5581 679.1829 674.5217 669.7015 659.0732 650.8555 646.3021 643.7841 645.8070 643.9537 633.0706 621.3603 612.2050 605.2217 603.2072 604.6678 603.0909 605.3917 609.6558 607.5255 609.4745 612.6577 613.7778 612.5099 610.9612 611.2960 618.2577 626.6506 637.8041 641.7063 653.1661 660.9774 664.1129 667.5829 674.6049 679.8605 684.0403 688.2588 692.3164 687.7929 676.7623 678.1581 684.4592 682.9967 677.0714 681.6462 679.3700 669.1457 662.6080 670.3695 679.8186 686.6501 689.6160 686.0270 677.0704 658.3911 637.4833 630.6072 633.7769 640.1735 644.5707 648.7349 656.0998 662.4805 661.0839 650.7261 652.9839 660.0264 659.4612 658.3095 661.1013 669.0192 680.9737 691.0394 704.4648 712.0951 725.1749 735.8781 737.1918 735.5952 739.8413 747.9458 760.5972 769.0917 771.1340 770.9793 768.8204 759.7217 739.2413 729.8599 713.3890 689.7114 670.2439 653.0016 647.3679 657.0175 671.7391 705.4136 751.6909 786.2282 817.6325 830.8468 809.8177 778.2206 762.6284 749.3193 738.1156 724.2220 709.1313 700.4473 696.4365 684.3355 675.2302 681.8718 675.4441
639.4105 643.1502 645.9807 649.5612 655.6874 661.6174 665.7950 668.3246 669.4349 665.9245 670.2731 676.4014 679.8136 681.9927 681.6625 677.3823 670.7526 655.2440 645.5811 643.5873 643.6851 646.6016 644.1870 635.1314 623.6042 614.0947 606.8656 603.7267 604.5016 604.2897 605.8647 609.4089 609.3415 611.2875 613.7796 615.8083 616.6677 614.7314 612.0076 612.3536 614.7155 619.9439 626.2040 641.1047 652.6594 659.0662 664.7491 670.6297 675.2901 679.4519 683.9164 688.6564 692.9861 692.9575 692.6654 693.3866 692.9609 687.1745 685.5419 678.0467 663.9573 651.5082 658.4186 667.6610 676.6052 678.8891 669.1162 660.6353 641.0303 629.7087 635.2021 644.1257 651.8471 656.2568 657.7149 663.3120 671.5863 671.2663 662.0339 656.8021 665.3064 671.5613 672.1842 674.9307 683.7594 698.9584 705.7330 705.3387 707.1078 718.1873 727.0676 735.4277 739.5230 745.3731 754.4108 764.5803 767.1594 760.3302 758.1195 751.0036 744.9617 724.1119 725.0084 709.0310 682.1562 662.4218 649.9620 648.0511 665.2304 691.9304 741.3757 791.4373 810.8320 826.9051 827.3616 793.1002 762.6032 745.5840 734.6456 728.5806 716.0271 701.7557 688.4052 677.4927 667.2950 660.1026 659.5549 660.6180
638.1746 641.2633 646.4702 651.4885 656.7690 660.5997 662.2064 661.0864 659.0939 666.0001 673.0062 676.4803 680.7493 682.5236 679.7133 673.9461 666.8134 654.0206 643.9460 644.8557 646.2672 648.3474 644.2330 634.0409 622.5322 615.1141 607.7819 604.3133 606.2459 608.2838 610.2987 612.3201 612.7064 612.8790 615.6643 619.2341 621.4625 620.1422 617.6055 617.3770 612.3875 612.2430 615.9778 629.8997 643.5597 651.2045 656.7799 661.7292 666.3109 670.8141 675.5325 680.3328 684.3906 687.6216 690.6410 692.8405 693.0461 690.4568 685.6769 677.2580 664.8473 649.1265 644.9599 652.6027 660.7485 662.8629 649.1996 636.9710 630.2239 630.9944 642.1949 652.7944 661.7464 666.4957 670.3517 674.2982 679.8243 680.8396 672.6360 661.6921 663.4918 674.7224 680.2332 683.9426 691.3474 703.2081 712.4874 714.2885 721.2226 729.6567 728.8792 727.4910 733.4294 747.0476 760.6415 765.1382 757.8203 744.8362 738.4863 732.3079 724.9114 708.7691 704.8083 687.5072 666.2435 656.1603 643.9326 649.4823 668.5903 701.2780 751.0616 800.4653 817.2873 813.0768 803.6815 781.3338 761.1850 751.5222 745.0417 735.3524 716.5114 696.0646 681.4689 681.6662 679.5523 661.4225 645.6703 651.2940
639.4731 641.8355 643.6377 645.9106 650.8137 655.2804 654.5066 652.0670 657.4822 665.8611 672.7661 674.4439 673.7360 675.0519 672.5974 665.0582 655.2377 647.2802 642.4073 644.7645 647.6306 649.7975 645.5088 637.1431 629.1260 620.8879 610.3850 604.9426 606.8545 610.1493 611.4224 612.8043 614.5954 618.1367 623.0469 626.5911 628.0934 626.5037 622.1580 619.0220 614.8810 614.2888 613.7274 623.3475 635.1328 642.2822 645.3740 648.1609 654.8105 661.1715 666.6052 671.2667 674.9245 678.2956 681.3958 683.9342 684.5867 683.0372 680.1034 674.6641 665.0752 649.7814 636.1877 640.0562 637.9373 634.8628 629.6564 628.2448 629.9774 632.2767 640.4298 651.5705 661.7866 670.3768 678.0764 682.4022 686.2748 687.8109 681.5078 671.3694 663.4883 668.2189 674.7773 678.6624 689.4897 699.2120 705.2595 713.5909 724.3759 734.1830 742.1380 741.1931 745.2817 753.6953 761.4706 762.6062 754.7930 746.4948 741.5569 741.0883 729.8923 711.2471 693.4558 678.7018 660.7181 645.1605 637.7629 651.0778 669.7611 694.7993 729.5330 769.4269 780.3416 773.4471 767.1919 765.7818 766.9316 763.2368 750.7864 728.8169 712.2280 703.6510 713.3475 715.9786 693.8185 666.6179 644.9688 640.4482
639.3977 641.4125 644.1053 646.6166 647.2408 646.3651 645.8992 650.0215 657.6468 664.4539 669.5814 671.9039 670.2378 664.4968 661.9855 655.6526 642.2781 639.6028 640.0688 643.4706 647.0063 649.8923 648.6558 642.8603 634.6342 624.8212 613.3378 605.5269 606.4873 609.8528 612.8896 615.1241 619.1475 624.8084 630.6548 633.9764 634.7303 633.3066 629.2395 623.9447 618.8552 615.8636 613.1879 616.0578 619.7685 624.2479 625.6401 626.9108 637.1387 648.2906 657.1439 662.5279 666.2257 669.5250 672.8560 675.0828 674.3965 673.5053 672.6982 670.3929 663.9200 650.5899 632.4919 626.1453 627.1129 628.5798 630.3749 636.0514 641.5851 643.5740 643.3393 648.1221 658.1601 670.0668 679.5179 685.3434 690.0258 693.4050 687.5922 679.0812 670.2092 667.5077 671.8086 677.3105 685.2986 691.7125 702.7212 718.3500 733.8032 741.8920 748.9977 750.7722 751.9197 750.0999 749.6187 746.5903 740.0396 739.0743 745.8027 743.8496 725.1722 699.6891 683.1741 680.2097 667.2498 652.4625 639.2923 644.1437 659.0264 682.8599 710.1512 736.3644 745.2857 748.0351 743.6761 749.1182 760.6121 753.4955 739.5544 730.1936 731.8525 737.7050 745.7073 734.8522 698.4210 669.5264 651.3786 635.4443
637.3079 639.2799 641.8954 644.4717 644.7652 643.0423 647.8085 649.9431 652.2160 657.0438 662.2192 665.3582 664.5094 660.6437 653.4348 647.9904 639.4788 637.0333 638.6515 641.0244 644.4916 647.6761 648.1765 644.5645 637.6117 628.4422 616.5510 607.8026 607.6356 610.6758 611.8194 617.1686 624.9869 631.5978 636.4592 638.6201 638.5110 637.9724 635.0897 629.7064 623.8362 619.1097 617.3596 614.7076 614.4619 615.4919 616.6119 617.2025 620.8886 629.4155 639.6000 649.0800 656.8317 661.7975 664.8651 665.8474 664.9885 665.2205 665.9717 665.6934 661.4600 649.1654 631.4117 626.9208 633.3331 637.5016 641.5547 646.3315 651.2278 654.7006 654.1806 653.5966 657.5900 667.1484 678.6907 684.7406 689.4988 695.2889 693.2596 684.5984 680.6113 680.3243 681.9997 686.4031 688.6181 696.8840 707.1023 717.2855 725.5091 732.1386 745.9779 744.2294 745.2155 742.9657 736.5658 728.3763 716.1862 720.0912 732.9308 728.0548 712.6733 691.0442 675.5936 673.3317 667.9011 659.2227 643.2570 646.6802 660.4807 680.0425 695.4311 715.4116 729.2417 738.7469 731.9047 729.4966 734.4783 732.0446 733.0193 739.5512 751.8777 753.6379 752.9484 731.6121 698.0985 670.0774 656.3499 641.4398
631.8247 634.7673 637.5021 638.8690 636.1672 640.1404 645.4580 648.6322 651.5864 654.5758 655.8441 653.3033 650.7327 649.3489 648.8925 646.1657 639.1754 637.5428 639.0410 639.7072 641.4972 643.9006 645.1396 643.2800 638.3026 630.7634 619.7265 614.2900 615.2533 611.8610 608.4747 613.3965 626.0074 633.1075 637.1442 639.6062 639.1223 639.4789 638.3320 634.4481 628.7320 623.2781 622.0615 620.5588 621.2986 621.4574 620.9406 618.4316 618.4082 617.2497 620.0060 627.8763 641.7426 653.2949 657.2508 657.7589 657.8236 659.4578 661.2411 661.5032 655.8453 640.4561 626.3952 631.4132 639.6559 645.0768 650.0859 654.6828 658.6284 660.9742 655.5858 651.8170 657.0422 667.1017 676.1129 681.9268 685.7557 689.3313 691.9495 690.7944 691.1990 693.1300 691.7843 695.1479 697.7982 703.3856 709.0140 708.2195 707.1773 712.5917 724.2427 730.9758 737.8235 735.2119 725.6293 714.6367 703.0205 705.7422 714.7939 708.0102 695.6020 668.6580 651.1025 651.9787 649.4888 649.6280 639.0286 639.5518 660.7026 676.5864 679.8011 701.0987 719.1605 730.0087 720.8007 706.6973 704.8505 710.3637 717.1614 737.2599 748.1811 740.7338 737.3630 719.2597 687.9650 669.6758 659.7759 644.5150
624.2912 627.7269 629.4053 626.2651 628.5470 633.5722 634.6075 636.8326 641.4542 646.1852 648.4882 644.2822 636.2073 634.7158 641.2689 646.0956 642.0016 638.6614 639.8863 640.7096 640.9935 640.5921 641.1746 640.2446 638.0830 633.8967 625.8204 619.9528 616.6409 610.4767 606.3937 608.3914 619.0813 629.4315 635.4723 639.6597 639.4733 639.8755 639.7761 637.8347 633.6024 627.6927 624.5635 623.9769 625.9116 626.9969 625.6995 622.7185 621.6985 621.5311 618.2150 618.2299 632.5773 643.7219 646.2456 647.5269 653.2459 657.6094 659.2170 656.4682 646.5227 629.7339 625.0851 635.6031 644.1865 650.3485 655.9458 659.8403 662.8661 658.0224 646.0519 644.4849 654.6634 662.4128 668.8196 672.3287 674.1006 674.1771 680.0277 691.0595 696.1963 697.8428 696.5439 698.6367 701.5379 702.5100 698.5209 693.7896 691.3791 697.4575 710.1561 723.7072 730.6920 728.2131 719.7988 714.7908 706.7866 701.1943 697.7731 689.8513 679.3324 659.8420 645.5676 634.2466 628.8704 630.4597 630.1179 640.9669 655.8698 662.7744 663.7202 683.0801 696.9989 701.6693 695.2521 694.8190 694.3539 691.7330 702.0822 721.5603 731.7605 730.8418 721.0177 709.1647 694.6046 684.7854 672.5724 654.7480
615.1924 616.8893 614.6047 613.8438 616.7728 617.1396 619.0372 622.5815 625.6422 629.0630 630.7609 629.9503 632.8590 638.7533 647.4391 647.3640 643.5045 641.9571 640.6659 640.4250 641.6696 640.0794 639.3051 640.8054 639.9891 637.7214 633.6995 629.8282 623.6269 619.6310 615.8774 613.0271 613.1599 621.1268 630.7316 637.5594 639.5914 640.2216 640.4877 640.3818 638.6852 634.5890 630.2311 629.7834 631.9841 633.1050 632.0298 629.2139 626.7122 625.9927 623.1397 617.8920 623.6267 628.3345 629.9545 637.6432 647.7339 653.1495 652.2310 648.2667 636.8085 625.5300 629.3093 636.6578 646.3751 649.9125 651.8061 653.2586 648.8322 642.1490 633.5120 640.5693 654.8922 657.9919 660.8563 664.8106 668.1167 673.0485 681.1268 689.6117 691.1906 689.3387 691.3008 693.1475 692.3201 696.9468 690.1069 684.9041 691.2880 696.8203 708.0184 720.9121 733.0530 732.4307 723.1542 716.7310 713.9373 707.0438 697.2986 688.9140 674.2861 662.0569 648.8932 637.7382 627.8262 625.4351 633.6263 647.0767 649.3412 647.7267 648.2552 660.9605 669.1602 675.7496 691.8450 691.9744 679.6317 681.3688 690.5645 705.9115 711.2209 720.6399 714.6984 699.9149 702.6542 686.9507 661.9214 639.1445
602.9846 604.1334 603.5271 608.6057 613.2292 616.8317 617.8397 619.4385 621.6664 623.0331 624.3749 629.8475 639.5602 649.3373 657.1254 657.7882 651.2203 646.0232 641.5983 639.2514 641.0709 641.7512 641.5827 641.6065 641.5760 641.4019 639.4111 637.7535 633.9495 630.6846 626.6718 621.6602 614.7529 613.7797 624.5058 634.6140 639.3435 640.8777 641.1880 642.2237 642.8638 640.8542 638.0474 636.9837 637.1904 638.4660 639.1797 635.2307 633.2862 631.8731 628.2736 621.0134 617.1594 619.0781 619.7463 621.8623 629.2761 638.4515 633.8223 633.5999 627.0306 622.6331 625.3039 628.6719 638.0124 638.2623 637.8846 636.8749 634.1417 630.3978 631.1547 636.1913 641.6877 645.5429 646.7206 652.7679 663.9076 674.1741 679.8392 686.3203 682.1050 675.2742 678.8909 670.4323 674.3672 677.5969 680.6777 688.2094 696.9074 707.6010 718.7833 730.0853 739.6097 727.9080 710.7437 692.7227 695.6688 705.1432 702.7975 695.9857 677.1155 656.6262 639.7104 630.1715 624.8311 625.8364 633.7325 641.3807 633.5262 630.1076 633.0052 648.1884 677.7321 694.2553 697.6501 684.3480 658.7158 658.7326 670.6331 681.6706 693.4490 710.8201 699.4004 669.3185 663.2252 646.5251 621.9044 614.6958
596.3972 598.7343 602.7535 611.0597 618.5539 624.5085 627.7279 628.9276 629.8673 630.9521 633.4500 645.9775 657.0742 659.9852 661.7562 664.4956 661.1909 652.2672 644.0865 639.1226 641.2300 644.2668 644.2842 644.1534 643.4366 642.4059 641.8779 642.7637 641.2800 639.4175 636.6396 631.0802 624.0940 615.7525 619.9407 631.8915 638.8707 641.8823 642.3708 643.5305 645.1157 644.5036 642.7976 641.9210 641.4352 641.4932 642.8696 640.5135 639.9352 638.4452 635.0197 628.2639 623.0411 622.4565 620.5924 617.2548 618.6141 622.7784 619.6257 619.8479 619.4091 620.1908 621.8456 623.5716 625.5609 626.5338 627.3365 629.0601 630.7231 633.2430 638.5062 642.1151 643.3348 642.5182 641.5385 647.7987 654.7009 660.3063 664.4915 669.5147 664.9836 661.4034 666.1463 661.6892 670.4748 674.5926 675.3662 678.8157 687.8134 700.8464 714.7501 728.4422 727.6880 708.0283 695.1787 671.7475 662.9332 671.1057 666.3905 659.9781 649.2361 641.1472 631.0977 632.5168 630.1911 622.9517 625.3790 627.8010 623.9603 632.6319 645.9130 662.5957 682.5315 686.2272 675.7508 670.0279 652.2855 640.1548 641.7095 649.5272 677.3903 703.9175 684.2206 648.4930 629.8718 617.5006 608.5727 619.7096
595.6667 597.8304 602.2163 611.0403 621.6205 630.3319 635.3652 637.1582 638.3377 640.7486 643.7151 650.7379 655.9185 662.7876 667.7093 669.1891 666.9071 659.7601 648.8124 641.1476 642.8491 646.0945 645.9420 644.6736 643.0958 641.8015 642.9398 645.2523 645.2047 644.2855 642.4473 638.4086 632.0933 621.5433 617.5135 629.3990 638.2637 643.0510 643.7604 644.4843 645.5220 645.3643 644.8608 644.2037 643.5350 643.1235 643.4915 644.2332 645.1473 644.2614 641.6893 635.6310 630.0881 629.3114 626.5986 623.1285 621.5175 621.3920 621.2361 618.0500 619.0073 621.9231 626.5278 631.8446 634.3438 634.7152 635.4500 638.1204 638.9123 641.2645 646.4915 651.9792 655.5143 650.0295 641.4136 642.6832 643.5499 645.2193 652.5408 654.4089 650.7960 652.7711 656.4001 664.2489 673.7580 683.1911 687.4496 685.9290 687.9268 695.6187 707.1796 717.2516 708.3577 685.6279 671.3250 658.5720 649.4347 649.0288 645.2500 641.5842 640.3528 638.9222 636.8264 643.4912 639.5794 628.3970 623.2216 620.4814 622.5217 635.4146 658.5726 664.4259 660.8342 663.2350 656.4365 649.0302 650.7412 636.2164 621.0180 630.6326 667.4977 688.9771 666.5458 632.1730 612.3524 607.3950 606.7101 623.2885
592.7823 594.7676 601.0826 611.6592 623.4025 633.4603 640.3387 643.3763 646.8542 649.6138 651.3578 653.7620 659.1221 666.7471 670.2087 671.8181 672.1271 665.9968 655.7597 645.1752 645.2933 647.8292 646.1344 644.1614 643.0523 640.4947 640.9593 646.3047 648.1191 647.4278 646.8882 643.4156 636.6136 626.1451 618.9566 627.9623 638.0426 643.6434 644.8358 645.2438 644.9531 644.4666 644.3268 644.1353 644.1895 644.4321 644.9179 646.1268 647.7374 648.3016 646.9222 643.0114 639.0031 637.6469 635.9028 634.4014 633.0706 631.6667 629.3168 625.2217 623.9223 624.1961 628.0387 638.4157 645.1750 647.0146 648.2189 649.5625 648.7833 650.2083 655.6826 660.7677 661.6918 652.9730 643.6977 643.3893 644.4695 646.3732 650.5619 657.9497 655.2296 660.2080 661.2921 670.6827 683.3801 691.7169 698.9349 701.1763 701.5063 707.4464 712.3469 715.3748 698.0525 675.8936 657.4187 655.7230 660.1931 661.9175 658.2288 651.5999 650.6920 652.7407 650.1816 651.1636 648.6634 642.0304 633.2903 622.1318 619.4159 630.2999 648.3710 640.5514 637.1383 648.8763 649.6002 640.5933 631.4516 632.5380 621.5621 614.4879 627.5945 636.6533 631.3265 615.0535 605.9656 605.8306 608.5505 615.6870
590.0274 593.0235 602.2183 612.9019 624.6810 635.1279 642.7719 647.4509 652.1207 654.3237 654.2466 654.0382 656.2883 668.4194 674.2137 672.6151 674.0914 670.9974 661.3928 652.7086 650.8035 648.5691 644.9626 642.5842 643.7241 640.0566 639.7365 653.6247 657.2824 650.3611 649.9738 645.7451 638.9757 629.7241 619.6715 627.2915 637.8084 643.5298 645.4205 646.0864 645.4371 644.7461 643.9962 643.7324 644.4329 645.1355 646.1454 647.6539 648.9821 649.4109 648.7489 646.6276 644.9553 644.4653 644.3450 645.4825 646.4518 644.3503 640.3810 638.1351 639.5510 640.4110 636.9890 637.8043 646.4385 654.7648 658.4114 659.4369 660.0371 660.9863 664.1429 667.8541 665.1116 657.1609 655.2263 655.7296 654.7803 653.6582 657.6781 665.9173 667.1688 670.3289 670.0101 678.0547 692.1595 701.0579 708.6693 713.6225 714.8055 719.3549 722.2221 720.7272 703.2377 681.6296 673.4868 668.3066 675.6794 678.8726 677.9765 668.8245 665.0681 662.8391 650.6710 640.4073 644.7700 646.8478 638.6092 623.9548 617.5305 627.9815 638.3903 634.1242 624.8916 625.6636 631.2398 630.0839 617.0422 618.0490 614.6829 608.2869 606.8405 608.1459 608.0507 605.2933 606.9714 606.7660 608.8661 612.5032
589.2574 593.3285 602.0739 611.8519 623.3650 633.8909 642.2781 649.0485 653.2245 653.3094 649.5484 646.7573 648.8628 654.3018 660.0485 664.8027 670.7291 669.6833 664.8800 658.3004 652.8667 648.3389 643.4929 641.1809 640.2327 638.9916 643.6381 653.2871 661.7198 652.4516 652.8599 648.9417 641.1777 630.1287 619.0944 625.9530 637.6841 645.2379 648.7138 648.8876 647.7034 646.7060 645.7484 644.9292 644.9348 645.4330 646.6563 648.5511 649.2610 649.3842 648.2853 647.0671 648.3865 649.3265 650.2592 652.1281 654.5016 654.3309 651.8362 651.5169 655.6305 658.5200 654.8733 644.7048 644.0981 654.0834 661.2457 666.5479 668.8039 669.9673 672.6173 674.9745 673.2894 667.8263 671.2442 668.6293 662.5307 660.0451 656.3618 661.5475 670.1491 677.0416 685.7693 695.1663 703.8938 709.4869 714.9202 723.9036 729.9631 729.0382 728.2574 717.9495 705.3279 701.2553 692.4863 686.8618 692.4540 697.2897 694.0850 681.0763 662.2713 646.3440 635.3373 631.2867 630.3594 631.2745 631.7382 622.5426 618.5811 618.0056 618.8799 620.5976 612.9937 611.5829 615.0370 612.2791 605.7896 605.7018 605.5714 606.6062 607.9091 607.2205 607.2554 608.1725 612.3386 613.6107 619.4189 623.5135
589.9879 591.7158 600.0159 609.3677 620.5190 631.6176 640.7936 648.9401 653.6525 650.2264 641.7774 637.3417 640.0980 643.3734 649.4583 658.3063 669.6743 672.0977 665.8014 657.9977 652.8852 647.1302 642.4274 639.9591 639.9241 645.0786 656.5240 657.7967 663.3727 653.7355 653.9916 650.4167 642.5062 631.7233 621.4690 626.1238 637.9299 646.9200 650.6201 649.7087 646.9453 644.9073 645.7956 646.1367 645.7164 645.3922 645.8135 646.9991 647.8338 648.0580 647.7902 649.2072 650.4276 651.8121 653.0470 655.1218 655.9829 657.4382 659.6158 661.8807 666.5651 670.7128 669.9360 660.6633 649.4537 647.7628 655.1882 664.1986 669.6407 672.6927 675.6716 678.4765 680.3864 678.8052 680.0400 675.8718 672.9865 669.5109 660.4727 661.3500 677.0455 690.2524 695.4969 702.1292 710.3461 717.0372 725.4462 734.3048 740.7141 740.5618 734.8427 724.3256 715.2584 708.0258 701.1813 703.5323 701.1879 695.4583 685.5181 671.6978 646.8201 634.8469 634.7836 640.7029 638.8427 632.1885 628.4308 626.6896 626.6342 619.7722 618.3968 614.8315 611.8366 606.8734 605.5521 604.6122 604.3612 605.6849 606.2175 609.6508 618.1121 621.0981 618.5046 620.8360 625.0534 625.8097 631.9007 642.0463
589.1719 589.9877 596.7112 606.4125 617.3700 629.2824 639.3555 648.0162 652.2938 646.1162 634.5639 631.7052 633.2554 635.2175 646.8163 658.2515 666.9289 669.7292 663.0850 655.3761 650.5483 646.9925 643.1708 641.1158 641.4854 643.4755 656.1848 662.6146 667.1572 656.0274 654.2783 650.9893 642.3923 631.4294 622.0439 628.2988 638.5215 644.6545 646.6102 645.9741 643.2559 640.6388 642.5208 645.4880 646.4537 646.9592 645.9917 645.5002 645.9789 646.3167 647.6628 649.6985 651.0259 652.0828 653.8771 655.9744 653.6805 654.3410 660.9348 666.4780 670.9476 675.0242 678.3421 674.3690 663.6422 652.2311 647.9350 654.9571 664.1700 670.1559 674.8996 679.9092 685.4576 689.1085 690.4446 686.1133 685.1699 679.3023 665.3879 664.7216 680.0261 694.5345 699.1331 705.4694 713.4959 726.2480 733.6218 731.5366 734.5513 742.1058 743.3509 733.7239 718.8610 709.8052 709.7743 709.0486 694.4375 679.0777 666.5342 650.2798 641.3239 645.0229 645.5074 649.6161 648.6880 649.4491 644.1699 639.0511 635.0452 626.1175 630.9026 627.6742 620.0155 611.1092 607.6544 606.5867 604.2805 604.4445 606.3854 614.9045 629.9329 637.7679 632.9361 634.2611 626.8472 623.0883 632.9504 650.8372
589.6095 591.4423 594.4571 603.6398 615.1342 627.1381 637.6747 645.7755 649.0715 642.0894 630.4755 627.0490 627.7949 633.3915 643.2187 652.0818 660.1724 665.4483 661.6352 654.6958 648.9199 646.3345 645.0073 643.2149 643.5556 647.5296 652.3340 655.5535 664.5307 656.8455 652.8093 650.2808 640.3002 628.7700 623.2729 631.2776 638.4097 642.1257 643.3384 643.2064 642.9842 641.1174 640.8126 643.8323 646.8521 647.9267 647.3124 646.2785 645.8423 646.5688 647.5042 649.1243 651.0758 652.4102 654.5475 656.6765 653.8315 652.1902 660.0452 665.5786 668.7200 673.3960 679.4218 682.3776 676.2833 665.2180 652.3823 646.5703 656.3331 666.7894 674.5786 681.0991 688.2401 695.4670 700.5875 697.4365 691.9349 682.4617 670.0168 669.9986 682.7221 689.7834 694.8966 705.9178 716.8315 723.2324 720.9852 715.6136 723.0351 737.5131 736.2815 729.3135 722.6689 717.7363 707.0820 692.3042 678.7772 662.0148 655.0057 649.3905 658.8743 663.6454 657.7662 659.0840 663.6552 663.3947 649.5898 643.3348 637.9631 635.3860 643.1017 642.6042 634.9659 626.7530 620.2106 613.4787 606.2604 605.0197 607.9863 613.1860 624.6354 640.8278 643.7629 645.6924 633.0685 627.5037 635.3448 664.4396
589.9977 591.6539 594.3828 602.2504 612.9526 624.0604 634.1132 640.8364 641.0815 634.7702 626.1519 622.9310 628.3800 637.7993 644.6435 652.2842 659.4523 663.6390 660.7469 654.8722 647.5311 643.3615 645.4740 644.7581 642.6136 648.5449 658.0004 652.2536 650.0171 648.3187 648.7038 645.7141 635.2879 624.6664 622.6230 630.0162 635.1710 638.8405 642.0323 642.2582 642.8973 642.4451 641.5267 643.3102 645.7100 648.2246 648.3549 646.5956 647.0793 647.7413 647.7507 649.3588 651.3849 653.4841 656.6696 658.6060 656.0699 652.1616 655.1750 659.9531 664.5172 671.8436 680.3376 687.0687 685.8856 676.2880 663.7537 649.4197 650.3149 662.0114 672.4777 680.8534 689.0967 697.0775 704.3404 703.6261 692.3834 684.6663 678.3499 671.7164 683.5587 689.4743 692.5707 699.2181 703.1198 706.6654 707.3461 712.1910 728.3627 738.2988 726.4210 717.1431 714.8512 714.3768 700.7202 681.6317 667.3373 660.8930 666.3323 668.7176 682.8382 688.8592 673.2720 669.1791 666.4554 658.5605 655.9980 650.2214 646.6458 649.4115 654.9262 652.0220 643.3023 633.3776 619.8491 609.1321 605.0384 606.1941 613.0990 616.9214 615.3185 629.3253 647.5732 656.0511 651.5896 649.5554 643.7910 657.9733
592.3332 593.8311 596.1276 600.8278 609.1964 619.1786 627.9641 631.9963 629.2566 623.0038 619.6897 623.1456 633.9473 643.9146 651.5646 657.8572 663.1453 663.1057 658.2946 652.1200 643.8685 639.9458 640.8390 644.1461 641.3157 642.1485 651.1638 659.7997 652.8042 647.2061 644.5880 638.8181 629.9647 623.8036 626.3564 628.8481 631.2032 635.9480 640.6702 641.8693 642.4794 642.7133 642.2523 641.6031 644.0205 647.7427 647.2590 645.6678 647.5441 647.9940 647.7119 648.9551 650.6970 653.6249 657.1545 658.9183 656.5030 653.1033 657.6984 663.2179 669.1368 677.3110 685.5124 692.2877 693.2104 685.4820 674.0041 659.9601 650.8237 659.7228 672.0130 680.7768 689.0262 696.8216 704.3976 707.7245 704.9295 699.7425 688.0732 671.9656 676.8419 683.3505 687.9200 693.3422 697.1109 696.5577 700.6364 713.1633 732.4657 741.5190 731.2554 719.9094 708.6089 704.5977 697.6528 680.6987 669.8790 672.6714 678.6902 676.9128 686.9526 689.1972 678.1805 672.2327 666.4160 665.1254 666.9354 661.6390 660.6536 663.0031 665.2382 656.0726 642.7872 629.2170 612.5375 605.8589 605.6705 609.1786 619.3393 624.6965 616.8270 618.5105 633.1354 652.7206 668.5005 680.5529 672.9509 667.5579
593.1233 594.9640 597.4763 599.2315 605.2285 612.7128 619.8378 620.4513 618.3370 617.6017 621.7575 628.5871 632.6091 641.0982 650.9468 658.8386 663.8705 661.0503 654.9442 648.1866 640.9545 638.9800 639.1797 644.0426 641.1248 641.9513 644.0259 649.7900 657.0295 658.6933 645.5092 633.2563 625.8585 626.2543 632.6039 634.7427 633.8135 636.2852 639.8544 642.0404 642.9164 642.8707 642.7386 641.8744 644.2292 647.4904 646.1370 645.7304 647.1641 647.7186 647.8653 648.8557 649.1482 649.6503 651.7771 653.8431 653.3850 655.1782 662.7228 669.7523 677.4374 685.5621 693.4141 700.2795 702.3571 695.3399 683.5831 670.4441 655.4126 660.2446 672.0690 680.3745 687.5284 694.8824 702.6254 708.8796 712.1269 703.2707 690.3613 681.6662 683.3300 690.2256 701.6268 709.4710 715.2858 708.9778 699.9946 707.0600 726.9652 740.6192 736.5314 721.9246 707.1064 699.4058 693.0954 682.3065 682.2030 695.0390 698.2315 694.8893 697.9704 693.0985 691.0392 687.5348 674.1901 661.9087 656.6219 657.5229 662.5562 666.4540 662.9633 646.9349 630.8904 615.2266 606.1907 604.7416 605.8078 613.5746 627.3272 635.8873 627.9830 619.9969 618.9620 628.4136 641.6536 655.5646 662.3052 664.4028
593.2663 595.4318 597.6577 599.3126 603.3843 607.7849 610.1661 610.7311 616.0674 623.3575 632.2272 638.8759 638.0604 639.7462 651.6694 661.0333 662.9024 658.0190 651.8552 645.1434 639.9957 638.7362 639.0302 642.9084 641.2531 640.9503 642.9780 643.2448 646.0248 654.7593 646.4267 632.9199 626.1139 625.4186 632.0706 637.6930 637.7860 636.7106 638.4589 641.5546 643.1555 643.0386 642.9976 642.9507 644.4786 646.1528 645.5475 645.6373 646.9414 647.6264 648.1279 648.4152 647.6296 647.7507 649.4938 650.5915 652.2911 658.0493 666.1201 674.5294 683.5889 692.1179 700.9747 709.2385 711.3226 700.3480 690.3040 675.9964 660.3074 657.1138 669.0643 676.0732 681.9382 690.4965 699.1940 706.0012 709.8030 705.1047 695.4691 689.0857 697.0087 710.6541 722.5751 729.3948 732.3880 726.4208 712.4785 706.3143 719.1518 737.1652 736.7272 726.2277 713.0917 706.3426 703.9581 699.9277 699.0230 713.0358 713.4333 706.1809 696.6273 691.4451 692.6659 683.2422 661.5463 642.2087 640.7971 646.7000 654.0408 655.7219 651.2042 634.3870 619.2056 608.2982 606.9329 606.4319 612.2600 621.4142 633.7889 643.2863 642.8490 639.9633 627.8736 621.8869 621.8658 626.6290 632.2364 635.5527
593.5939 595.3257 597.4021 599.6719 601.6097 603.8013 606.1858 611.5200 620.5775 628.8501 640.3199 646.9231 647.3416 648.4900 655.9711 662.3288 660.3889 654.9250 649.9581 644.1972 640.5915 639.4084 639.5895 641.0545 642.0551 638.8458 640.5779 641.6611 641.9525 642.8776 642.2496 637.0329 630.8520 625.4722 628.1128 635.5762 639.7040 638.3826 636.8171 637.9129 641.8907 643.3863 643.3804 643.7933 644.9773 645.6543 645.0956 645.4688 646.6946 647.4203 647.8910 647.7330 649.3071 650.5756 651.1729 652.3147 656.6272 665.2295 672.1115 678.6845 686.8585 696.2399 705.1715 713.4819 716.5865 706.9444 696.5655 681.2931 664.6830 653.3640 660.2236 667.2228 675.7144 687.2275 696.8455 703.1461 704.1261 699.1443 690.7015 690.3434 705.7661 721.3492 732.6533 738.2107 733.2863 726.5837 720.3925 715.5583 720.5215 731.6381 727.8007 719.9060 715.8450 715.7394 716.4448 712.4488 709.9539 714.0186 703.0357 697.1682 680.1366 672.8312 672.3844 661.2955 645.5918 632.1859 628.9265 637.2570 645.7941 643.7023 639.9175 624.6225 609.2941 607.3489 611.5340 612.6801 619.2882 630.4144 638.7462 647.5627 655.1188 655.0084 646.0183 639.0837 628.9265 620.7910 625.1306 632.0467
593.6398 595.1093 597.1144 599.1956 601.1115 602.0582 605.4528 612.6824 619.9414 629.4335 639.9872 647.3236 648.6962 649.8347 656.3882 660.0848 656.6108 653.0112 649.3074 645.6907 643.2081 642.3753 641.4635 641.3842 642.6360 638.3470 638.4273 638.7423 638.7200 639.2941 639.8119 639.7841 636.0267 630.2621 626.9583 629.9150 637.4368 639.8271 637.4092 636.7836 639.4347 641.8134 643.4692 645.1539 646.0074 646.3194 645.2928 645.3411 645.8441 646.2928 645.9383 646.5323 650.0644 652.3381 653.9758 657.3809 664.5627 674.1855 681.9120 686.0826 689.8267 696.6553 704.5153 712.7132 719.0520 716.9373 701.6031 684.0441 665.1510 651.9702 657.8954 669.5179 680.0329 689.4425 697.1029 700.5207 698.1867 690.6169 686.1657 696.6209 709.5096 720.9413 733.4965 741.2254 730.4194 711.6995 708.0259 715.7979 719.3424 720.5604 716.7646 709.7296 707.4768 708.1461 703.2719 703.0145 703.1786 694.3465 680.2814 682.3364 674.1428 660.0927 654.1119 654.2043 647.9344 634.9770 622.8720 627.3040 637.5615 633.6888 623.7845 610.4307 604.6379 607.0828 616.2516 617.9232 629.7526 643.7709 652.7758 652.6506 658.3154 665.0423 666.2916 664.7341 648.1948 630.8974 634.1539 657.7952
594.7133 595.5927 596.8516 598.7144 600.4908 600.6778 602.9904 608.9499 616.1960 624.3017 633.9102 640.8084 643.4650 644.6031 651.8972 655.4006 651.9635 649.6252 647.8269 647.5206 647.9890 647.2704 643.0994 641.7579 641.8707 638.2436 636.4313 634.6102 633.9175 636.1650 639.0099 640.8113 639.6981 637.0142 632.5967 628.2276 631.5289 638.2523 638.6324 637.8108 637.6045 637.8284 641.7230 646.0749 647.4988 646.4670 645.1316 646.1323 646.5186 645.3824 644.4837 645.8024 650.1591 653.4966 656.7605 662.3568 670.5258 681.8080 689.4785 689.3649 689.3597 695.1801 702.9964 710.8074 716.7702 713.9641 699.8145 684.1199 667.0161 655.1679 661.3022 674.7313 684.2551 692.0138 696.6899 695.3150 688.8127 680.3593 683.2896 693.3563 702.2303 713.5326 731.7778 747.4431 746.3551 714.2324 695.3915 703.5002 706.4866 705.4373 705.1353 705.6038 697.2119 697.8670 689.3999 685.9451 677.5265 665.7143 659.5355 657.1827 649.0118 647.4260 644.9744 646.4238 646.5205 633.0185 619.0841 619.3920 624.4404 626.2941 618.2869 606.4222 607.0024 616.9286 624.2713 621.6233 634.5580 645.3317 647.1724 644.7509 647.0811 650.8361 660.0572 669.6447 664.7468 649.6868 642.0862 670.2450
596.2888 597.4598 596.2847 597.4493 599.1901 600.4495 600.9250 601.9376 607.0818 617.1999 627.0271 630.6785 631.6776 637.8056 652.9876 652.7328 647.6878 644.7386 640.9078 641.8265 645.0421 644.1712 639.8049 636.5084 635.2394 632.4501 629.8621 629.8132 631.5751 635.6317 637.7741 640.5043 641.2941 640.7365 638.3651 634.1062 629.9105 633.1974 638.6895 640.4945 640.2665 639.8380 643.3605 646.3226 645.7850 644.8179 644.7552 646.3358 646.8442 645.5524 644.9498 647.0040 651.1586 654.4609 658.6419 664.3533 671.7133 680.4122 685.1042 683.1346 684.9338 692.0760 699.9003 707.7386 713.5287 711.6017 701.4685 689.8879 677.5035 665.2657 663.3852 674.0129 684.4534 691.8881 692.7433 686.9271 679.4904 670.3238 673.7618 682.1640 690.6096 702.0138 714.3856 715.7990 712.9601 699.3050 684.3706 689.2974 687.8545 688.3079 687.5866 683.6159 681.7437 689.1810 689.6096 679.9444 670.4191 668.6769 658.5792 638.4485 623.1243 627.9822 632.9963 634.7261 633.1161 620.1245 610.6898 607.4328 609.0529 614.1976 614.8455 609.6583 610.8256 628.8586 639.2735 633.2590 634.9894 635.7133 639.6167 650.7089 657.9226 657.4146 657.4924 670.5508 685.7183 686.7925 671.3382 682.2828
597.1048 598.4617 595.8963 596.0222 597.6207 599.0783 598.3589 597.5623 600.8010 608.5095 620.4911 627.6616 627.3736 641.7489 667.5204 659.9012 646.6309 642.0865 634.9525 632.5563 634.6713 633.1195 629.8199 628.5829 628.8837 629.5582 628.2018 629.4939 631.6049 635.6694 637.5868 640.9543 642.6335 643.4163 642.3295 639.9366 635.4805 632.3226 634.7131 640.9308 643.6566 644.6990 645.8059 644.3354 643.5976 643.7530 645.2356 646.9042 646.8717 646.4902 646.7424 648.8567 651.7246 654.6078 658.6360 663.8591 669.9501 673.6527 672.1982 671.4319 679.4738 688.1787 696.8745 706.3289 712.9764 713.4545 706.6019 697.4567 687.9014 676.9939 669.0657 670.9692 682.2685 690.2991 690.0189 683.1968 673.4230 661.5608 662.1938 666.4152 676.5397 690.8629 698.7700 690.3648 681.7581 677.7942 666.0959 667.5068 666.0997 663.6477 655.2885 655.3400 664.8051 676.3934 688.2568 688.0884 680.0319 677.9843 659.5107 635.0731 618.5412 616.2869 624.9186 627.2901 615.0048 606.5789 605.2045 605.5023 604.8645 606.4617 609.0083 606.4909 609.2164 630.2795 652.2291 656.1129 650.9997 648.7683 646.5991 653.5969 669.5120 680.3987 674.9501 674.0449 692.3987 704.0887 698.7951 695.0947
596.4506 599.2091 595.8796 595.2050 596.9750 597.2273 595.9155 596.0306 598.1261 605.0630 623.3757 638.0933 639.0447 650.7891 666.2738 658.4653 646.7650 643.4649 635.9653 626.6141 624.2480 624.5173 626.3276 628.5329 630.4079 632.4950 632.3819 632.8157 633.7298 636.3959 639.8928 642.1939 644.0783 646.0063 645.8397 643.9466 641.2099 635.5728 632.0769 637.2562 643.4596 647.0564 645.2947 642.5920 642.3156 644.3908 646.2316 647.6223 647.5290 647.2679 647.5624 648.0804 650.5891 653.3754 656.4887 660.7324 664.5566 664.8781 665.4420 668.9949 678.2144 687.9251 697.9033 708.0346 713.4095 712.9266 708.8423 701.4544 693.8527 685.9138 679.9838 677.4365 683.9876 689.3752 689.0597 682.9292 670.8841 655.6119 655.0936 664.3728 675.4680 687.6772 691.9988 681.2132 665.5361 657.3562 648.0047 651.2531 649.0435 635.1708 635.3371 653.6707 676.5502 687.9172 698.2629 696.1088 675.2912 667.5479 649.5123 629.5693 616.0414 610.2163 615.4824 612.4511 604.5129 604.6334 610.5392 614.1763 611.4841 617.3548 622.2612 619.8522 609.9894 620.1778 635.3922 643.5608 641.3544 651.2505 660.4891 666.8396 681.4660 699.1874 697.1943 683.5901 690.8091 706.5870 712.9244 704.4131
597.2950 597.2542 594.8707 595.0217 596.0443 594.5109 594.2261 595.1081 595.4775 600.8108 614.9569 631.2396 640.1331 647.4683 652.3009 644.5753 641.3622 637.3495 629.2645 621.2253 622.5754 628.2457 630.6706 632.1569 633.7310 635.3940 638.1453 638.6021 637.9579 638.7822 641.6551 643.6821 645.1525 647.7492 648.6402 647.8130 644.6443 639.5951 634.2278 633.9230 640.6772 647.0793 646.6547 643.1786 639.7672 641.4793 644.5970 647.3384 647.6813 647.2585 645.2901 644.0682 646.6220 651.4811 655.2605 657.5145 658.6678 663.0340 672.4146 679.5328 686.4380 693.4994 702.3167 711.2696 714.1217 708.9603 701.0902 694.0315 689.0630 687.4511 687.8918 687.7641 689.0206 689.0400 684.6080 676.1680 663.8705 651.9664 659.2148 672.8791 682.5240 690.3506 689.8301 676.2933 661.0601 649.1350 639.1957 637.4238 634.6417 623.7737 632.1382 656.5157 684.4161 697.2852 715.1459 697.8353 663.8916 647.0810 635.7277 629.7732 620.7471 607.5694 604.4078 604.0034 603.3063 604.8552 611.1362 619.4882 623.2336 643.2875 650.2344 641.6060 618.4413 629.5236 637.0607 635.5533 633.6856 641.2562 657.1781 678.4465 692.5954 701.1676 702.4670 698.8737 704.7615 708.0023 701.8058 687.2911
597.7688 599.6663 595.1997 594.6522 593.9890 593.1297 593.2278 593.5350 594.2937 597.7586 603.5399 608.1944 621.5002 637.1241 635.5427 633.1956 631.0034 625.4232 620.4310 620.7864 625.2404 631.2971 634.8655 635.4070 637.2180 638.9307 640.7885 640.7479 639.5336 639.3845 641.3385 644.1398 647.0984 650.4794 650.2473 649.4680 645.7318 642.9624 637.6500 631.8991 634.3950 642.3329 645.5740 641.5825 636.2930 635.3603 638.5615 643.1089 644.2912 645.1088 641.2652 639.6473 642.3671 650.1080 654.7579 654.5004 656.9917 665.7274 677.1630 686.1828 693.3428 700.0066 707.0632 711.6998 709.6582 700.7445 689.9167 681.0843 678.2070 682.4827 688.7703 691.6728 692.6654 691.4323 684.4221 671.5239 656.3879 648.5044 662.3876 676.3140 685.8493 691.5169 687.3665 672.8617 658.4141 649.4122 640.3127 632.4383 625.9866 617.9490 627.3032 656.9600 683.2980 692.3016 712.5142 681.2755 656.2093 644.1639 637.7205 636.6364 615.4688 603.6675 602.4357 602.2082 601.3725 604.5570 615.4850 630.3275 631.5715 656.0651 674.8958 664.6416 634.2837 630.0739 646.6472 649.5715 653.5323 665.8541 667.8785 674.8633 682.1705 690.8283 704.4547 713.2805 714.8472 699.5840 681.0403 672.0690
592.5082 594.5742 593.7060 593.5826 593.7011 592.9124 592.4984 593.1411 595.1660 600.5095 604.1248 604.3973 607.9925 618.1191 622.6435 621.9998 618.3190 616.9326 621.0275 626.7896 631.2812 636.1363 636.9033 635.8741 637.4999 640.7078 642.2056 641.1599 639.9850 639.9412 641.4403 644.0968 645.3157 646.0156 646.3947 647.2100 647.4321 645.1928 640.6359 634.4433 632.0353 633.8341 635.5197 635.2111 634.4807 635.7026 636.9086 638.0466 638.3586 639.7565 638.8167 639.4713 643.8812 650.8235 654.2026 654.1802 659.4852 667.6527 677.9087 687.6898 695.1223 703.1604 710.2797 706.3290 697.6557 687.4188 677.1509 668.4622 668.0922 677.5369 685.8672 691.8502 696.2043 696.5175 687.1987 670.0386 653.9803 647.8836 661.2265 673.7247 683.9948 690.2861 686.0026 675.8553 668.7545 662.2211 653.0730 646.1523 636.5903 621.5872 619.7534 645.8684 660.4687 659.5367 670.6232 656.8148 644.1670 639.1474 629.2369 618.6984 605.6942 602.5338 601.4135 601.7018 602.5707 608.8849 626.3250 648.0816 647.8665 655.1379 677.7814 675.3949 646.9477 624.6397 628.8701 638.9118 659.9386 676.1969 681.3879 686.7514 693.4501 702.1841 706.0842 700.5757 700.5482 686.2230 667.5389 673.3631
590.1764 591.5349 592.6987 594.1403 593.5278 592.9572 592.6145 593.0573 595.2474 597.7268 597.3766 598.8896 602.1389 606.9399 611.7606 612.5072 614.4077 622.7153 628.5549 633.0892 638.7142 638.8119 636.8202 634.7873 636.6950 640.3026 642.5906 641.9618 641.0637 641.4719 643.2036 644.8627 643.9200 643.6816 644.3832 646.5142 647.8358 646.8268 644.5132 641.6672 638.2203 635.7617 635.3927 636.5215 640.2082 643.2957 643.7337 641.4886 638.3471 638.3848 641.9480 644.6700 648.0648 651.9304 653.8256 655.5288 660.7931 666.9702 675.0069 684.3959 692.0176 699.4849 704.9655 695.9116 684.2620 674.1716 664.9351 663.5580 668.5601 676.1724 683.0847 691.2799 699.7532 706.0982 697.4378 673.5674 656.2066 644.2534 651.3291 666.2327 677.9208 685.0458 686.1177 682.7171 670.9233 661.5750 657.4635 653.8329 643.4882 628.9347 616.3259 620.7519 633.1950 628.5639 633.3479 637.3772 632.4489 632.6115 626.5244 612.5073 603.9586 602.2363 601.5065 603.4464 607.3329 614.3516 628.6191 642.7573 650.4427 657.4947 665.0257 665.9481 645.7549 630.1266 623.4042 624.1229 641.4483 660.5589 678.1048 700.0573 712.5464 711.3771 694.6512 675.4071 676.0721 669.6821 660.7695 673.0894
590.5741 590.6874 591.7614 594.4960 593.2858 592.9826 592.8713 593.1891 594.6084 596.7062 596.9332 598.3730 600.7678 603.4777 606.0643 610.8567 620.7297 628.6687 634.1511 640.0939 642.6005 640.3268 637.2424 635.4692 636.7041 640.0898 643.0347 643.3491 642.2389 641.6542 643.2339 644.3506 644.7487 644.3471 644.3705 646.4254 647.2566 647.2058 646.4055 645.9623 645.2534 643.2100 641.5851 642.6496 645.4147 648.8187 650.0039 647.5699 642.4990 638.1937 641.8532 645.2902 649.0610 651.4596 651.7735 654.6703 659.9739 664.4488 670.0826 677.0405 684.0262 688.7828 689.7036 682.0889 672.1030 662.7138 660.4977 667.6650 673.6932 676.2263 679.7486 688.9960 700.9798 711.8854 706.1172 682.1848 663.5094 643.9684 640.0338 655.9009 666.6728 673.6719 679.6583 681.6807 667.4976 652.4327 645.6284 642.0030 632.2883 622.7928 615.1293 611.4417 613.8691 613.3989 626.8472 629.7158 624.6034 629.5745 622.2529 609.9933 604.0840 604.0735 602.8832 610.5734 619.0977 624.7030 632.3155 640.8967 652.4951 669.6893 669.5861 669.1172 657.3019 643.9485 631.0466 623.1820 633.2252 646.3596 668.1086 699.8807 713.7462 701.8039 676.5236 663.0829 666.6630 659.2949 661.3936 679.7870
590.7224 591.0673 592.8287 594.6779 595.3843 597.7312 598.2159 596.4110 595.0823 595.9905 597.1738 598.8474 600.8004 604.0188 609.9955 619.6225 628.8611 632.3646 636.5521 640.1306 639.6312 639.1244 638.5259 637.8013 638.5060 640.8525 644.2021 643.7689 641.0565 639.4160 640.3828 642.2003 643.4694 644.5344 645.5035 645.6759 645.9048 645.6407 645.9680 646.9545 647.8622 647.1629 644.3552 643.9288 644.3527 649.7362 652.8723 650.6310 646.2701 641.1608 639.0349 640.2386 643.4629 647.8745 648.9146 651.4537 656.0969 659.5885 663.3779 667.6420 672.5964 675.3572 674.0267 667.2292 658.8456 654.8723 662.0439 670.8738 674.4681 672.4500 672.5721 683.7917 697.7034 708.8970 705.1781 685.6021 667.5441 648.4393 634.8882 641.4672 650.4848 662.6967 673.4135 677.1488 667.9573 658.4709 647.6386 636.4759 626.4026 622.9296 623.8430 617.5095 610.6738 607.1538 614.0884 620.3419 613.9863 616.5102 610.7597 603.9495 602.6279 603.8120 605.6954 614.1360 618.4890 624.5459 633.3825 642.0394 647.7029 655.4033 655.0584 660.8442 659.5090 647.3281 633.2438 627.2096 637.8915 648.3804 666.3646 690.2388 691.2430 683.7976 667.3637 655.7512 658.8857 655.0554 670.1559 696.0582
587.8320 591.3175 595.4411 598.7873 605.0405 605.7063 604.1445 602.0948 596.1328 594.6389 596.2665 598.7859 600.7947 605.4830 615.3765 627.8284 633.7018 638.9237 641.9374 640.8814 637.3436 637.9582 638.9056 639.6013 640.5510 642.6415 644.3917 642.4289 640.1328 638.6941 639.6310 641.1329 642.1693 643.7097 645.0184 644.5898 643.6127 641.7903 641.4791 644.1982 646.9525 646.9643 645.3828 643.3726 640.1858 645.5988 650.7598 650.2162 647.7859 645.2048 642.5328 639.9549 638.9639 642.6426 645.3452 645.7020 646.9632 650.3096 653.9263 656.9108 660.5504 662.3934 660.0512 653.8173 650.2271 653.1787 661.9749 669.4293 671.1003 669.1759 670.9882 680.8951 693.7730 703.4117 701.4682 684.4686 667.1882 649.6295 632.1038 624.0425 635.8637 655.3287 666.2435 669.3568 669.7177 665.0204 653.9442 643.8442 636.6116 635.4283 635.0947 625.4237 612.1094 604.2856 604.5016 605.7956 604.0500 605.6160 606.9153 604.0426 604.2374 605.4305 609.8367 615.5767 620.8966 621.8737 621.7609 627.4811 636.2872 644.9256 654.1204 656.7590 656.2108 654.2708 643.1315 634.1546 643.9363 659.0917 671.5416 670.6083 670.3920 665.2709 655.3203 651.4000 656.7151 657.8159 660.7188 672.2917
588.0894 591.8713 597.4121 602.6313 605.4675 605.2048 605.1937 605.6967 603.5040 598.0790 597.1345 597.6246 601.6179 613.1025 624.9615 629.5767 635.9688 644.5172 647.6631 643.9599 638.5623 637.4234 638.0447 639.2198 640.7123 643.1733 640.6794 639.1412 640.8658 641.4744 642.2841 642.9404 643.0054 643.8985 645.1464 644.6289 642.5911 640.0552 638.3477 637.4169 640.5237 645.2038 644.8829 642.6556 641.2011 644.9262 649.2264 649.2334 647.9913 647.0419 646.4624 643.8652 638.9444 639.1671 641.1306 641.7194 641.1006 642.2172 644.7020 646.3504 648.1493 649.8552 649.3258 648.1306 648.5345 653.6592 662.4102 670.3054 673.8251 674.9264 677.6430 684.5460 693.1149 694.6003 687.0396 673.2104 658.4885 643.5260 633.9305 629.1298 626.4445 638.2723 650.6226 653.8847 660.1224 661.5627 657.0868 652.2311 646.2971 644.6052 637.7005 624.2173 609.0109 603.4774 603.3493 601.8582 601.4171 606.1456 609.3684 606.7853 605.4916 608.3972 617.0555 625.2949 633.5633 631.2079 624.7534 623.3488 633.9227 642.4264 645.2622 641.2555 651.4479 663.7895 652.3316 639.7291 635.0114 651.0054 664.9164 660.4537 653.1785 646.4283 648.5948 663.6741 675.6823 677.4571 674.0032 671.8379
596.3803 594.6056 595.6066 595.9323 598.2764 601.4955 601.1436 605.4868 604.8046 605.9351 602.2146 598.9048 608.0194 619.8752 628.5096 631.5087 636.8242 644.9174 648.9206 648.7301 645.0634 639.6514 636.7973 636.8361 638.0873 640.3393 636.9385 638.2100 641.6600 642.8601 643.2731 643.5331 643.7411 644.4882 645.5171 644.8640 643.8616 642.9688 640.2170 634.9609 634.8668 643.1953 643.8486 643.3986 644.1508 646.9118 648.9991 648.3437 647.4893 647.1381 647.2172 646.1072 640.3959 638.3619 639.0618 640.3688 641.7960 645.3298 650.0889 652.6044 652.9426 651.5497 649.5696 651.8722 653.6369 655.3040 662.2410 670.8664 675.6656 679.4644 683.4276 688.0072 691.1848 685.9263 673.0795 658.7094 647.4703 644.3118 649.2137 646.1989 631.6648 621.5275 626.2092 636.3769 646.4396 646.9097 650.9650 655.0511 653.5118 646.0667 635.1573 622.2859 609.0165 602.7311 600.7555 601.0282 601.0050 603.3501 608.0725 607.4271 607.7214 612.7405 619.0765 630.0367 640.8665 646.9222 640.5583 633.0447 629.2949 625.6727 629.2915 638.1256 659.8676 670.0579 658.2519 646.6592 635.3076 644.6524 656.7712 647.5499 641.3005 644.5207 648.2393 659.2565 674.0826 682.0441 689.7154 691.7522
599.6638 596.3056 594.5240 594.6671 595.3327 594.3737 594.2677 601.5527 604.5240 608.0950 607.4100 600.8849 605.4078 610.9009 621.9764 630.0424 634.6085 640.0770 643.8902 646.6037 644.7093 640.0233 634.1142 631.9794 633.3966 634.2610 636.1891 638.0677 640.8814 642.0462 642.3831 642.2682 642.8671 644.3165 645.0388 645.1024 645.4494 644.6373 642.6899 636.8452 632.7011 640.8870 644.0223 645.0104 646.9771 648.2177 648.0893 646.3519 645.2816 645.7645 646.7586 646.3276 641.7670 639.2140 640.1755 641.6524 644.6374 649.9328 656.0278 659.8201 661.3721 659.8995 658.5657 661.3699 662.9100 660.2214 658.9002 664.5609 670.1473 676.8106 682.2894 686.2709 686.6016 675.9813 661.6416 653.0435 652.6242 657.8414 661.9308 657.8682 645.3824 627.9353 618.9286 628.9904 632.6852 628.1735 633.2729 645.2529 653.4062 643.6674 630.2634 617.0107 608.7292 603.9016 601.2961 601.8966 602.3655 606.3446 610.3954 613.3305 614.9602 624.0431 629.5378 632.2952 646.1995 665.5043 658.7837 648.9758 638.0673 628.9900 634.2522 646.2205 664.5330 673.1430 666.0957 649.8351 635.1333 639.1000 641.3240 639.7958 649.9583 664.8281 663.0778 657.4748 654.7222 656.2375 666.5372 681.0992
598.3593 595.3956 593.7379 595.3210 596.5624 596.8121 595.4588 599.6470 603.5325 605.1111 606.0287 601.6404 599.8238 602.5573 610.0576 617.7924 623.1425 630.1540 634.9161 638.1444 638.6669 635.6810 629.7701 625.0201 626.4423 630.2014 634.0993 635.0682 638.4260 640.2706 639.8914 640.1215 640.4697 640.8320 641.3816 643.4672 644.5708 643.4240 641.1454 634.9866 629.2806 637.6152 643.6809 644.0754 647.3386 647.6470 646.2808 644.6420 644.2277 644.9678 646.7928 647.4701 645.6570 643.4239 644.4362 645.5466 645.3750 649.9698 655.8871 660.8756 663.8760 665.2956 666.9749 668.7487 670.3344 668.0300 661.1323 657.5748 660.8099 671.3071 679.4824 682.7721 681.0505 668.8505 656.1708 660.9723 668.1769 672.0166 672.2005 666.5106 656.1708 642.0170 623.6210 615.6641 615.5099 613.0803 618.0104 635.1782 644.6216 632.7497 617.7333 605.6639 607.2665 608.0258 602.2429 601.4957 604.5635 618.5236 629.5099 627.0614 621.4921 632.8492 639.9000 637.3229 656.5264 681.6402 681.9060 659.6934 642.3667 633.7539 650.8729 660.5725 683.0931 690.8228 673.5449 651.1658 635.1384 635.9304 640.4531 645.7352 656.0287 671.1996 681.2704 672.2733 665.0980 660.5002 662.8995 685.2859
593.9706 596.3388 592.2937 592.3754 593.5097 597.0569 595.2098 594.8158 595.9393 598.5513 598.6310 597.8181 599.1655 596.8235 602.5936 609.1520 609.9352 613.9920 620.3398 628.4217 626.9747 620.8909 616.7352 615.6862 619.5716 623.4621 627.1000 630.3552 632.7696 634.2141 635.7078 636.0380 633.5664 632.4811 635.3373 640.0752 642.6179 639.7070 635.2861 628.7605 626.3231 635.0342 641.6703 640.2737 643.8870 644.0461 643.6970 643.4724 645.0209 646.2925 648.0561 649.4778 650.3426 650.8860 650.9967 650.7588 649.0399 648.7083 650.4068 656.4788 662.7897 667.5896 671.2618 673.9462 675.2763 673.9535 669.9883 665.8149 666.9233 673.9998 680.5637 682.6797 679.2054 668.1706 661.9194 670.5447 676.8861 679.0700 677.8105 672.2501 663.3068 649.2542 630.2252 614.8451 610.4146 607.7475 605.3034 613.5461 619.6349 610.0955 602.2637 601.1505 604.6428 604.6708 600.9767 603.2715 612.4228 634.1162 644.6884 634.6022 625.5045 633.7971 642.2041 649.0049 670.7117 694.4379 678.7012 656.5590 642.9207 641.4170 655.1087 673.6301 696.3758 694.0707 669.2821 653.9421 639.9215 641.5419 652.3072 659.5759 653.8653 662.2346 681.5883 692.7894 691.0681 689.4919 672.7201 679.0561
587.9384 593.0089 593.6061 593.7177 593.8426 593.4441 592.1694 591.2518 591.4534 596.4282 597.9135 594.7027 596.4127 594.1566 596.1473 601.0076 601.7294 602.5790 606.3074 611.7087 610.3128 606.6810 606.6830 607.4788 611.5573 615.6957 619.6208 623.5775 621.9904 621.2160 626.4227 625.8843 621.3395 623.9540 632.2466 639.8681 640.1112 633.7676 626.4046 620.8565 623.4809 631.5515 635.1935 633.9266 637.4268 640.9041 642.5700 643.7972 646.0324 648.3469 650.6302 651.8145 653.2333 654.3785 654.2465 655.4897 655.3539 654.4105 652.6699 655.4568 661.9876 667.9430 671.8915 671.5728 672.7874 676.2391 676.9659 678.1418 680.3802 683.4768 686.1252 686.5599 683.0271 676.0243 670.8293 669.0151 669.9527 671.7377 672.4809 672.7385 666.7705 655.0527 639.9618 625.6807 625.4067 619.8489 603.3123 600.7139 600.7478 600.2280 600.4455 600.3495 601.4468 606.1213 607.8835 614.7203 625.7368 636.2423 644.7272 643.0141 631.6080 632.5905 642.4217 658.7742 678.7861 689.3726 672.2720 660.7758 652.2548 662.1950 664.6533 682.5469 699.0945 687.8694 670.5789 655.0720 647.2146 650.9048 666.3032 674.1098 663.4520 662.0032 683.9136 713.6214 728.1902 729.7704 715.2090 709.8514
584.1422 584.6973 589.3340 592.8842 591.0709 591.4258 591.4781 590.4218 591.8116 593.7074 594.6532 594.7892 593.6086 593.2908 592.1746 595.1568 599.2486 598.7658 597.6625 600.2557 600.2628 603.0652 605.0109 602.7536 602.6694 606.7593 612.2042 614.2433 611.6986 610.0635 614.2235 613.1533 615.6351 625.6167 635.4714 640.8029 636.6680 628.1238 618.4091 614.0349 617.1427 622.2718 623.8574 625.4501 631.0881 637.6038 641.3939 644.2888 647.1786 651.6030 655.4175 655.1232 654.3748 651.5142 652.7107 655.1520 656.6103 658.5072 659.0652 659.4813 662.5689 666.2708 666.9689 658.8259 662.8425 671.7733 679.2089 685.2716 690.1328 692.2351 691.7769 689.5414 686.3501 681.5642 673.2565 658.0974 651.4629 656.4157 661.0483 664.5547 663.4572 656.4822 643.2822 628.0389 630.6298 628.5291 605.1228 598.9506 599.6550 599.8267 599.3203 599.4684 605.5507 618.3418 622.1242 624.9181 648.9852 665.9789 657.7293 655.3474 639.8184 629.9464 639.3629 665.4488 700.2026 699.2437 674.1273 663.6650 663.5969 678.7463 688.4471 698.2415 703.4838 694.8496 680.1547 664.9573 663.3051 659.1240 668.7187 686.4547 680.5715 678.2308 700.0657 730.7368 754.2518 762.4915 752.7421 741.5778
585.0078 584.6965 584.7902 586.8996 587.4150 589.3903 593.0137 591.7515 592.4362 592.0563 593.4117 595.7155 593.7612 588.1067 589.3185 591.7372 596.0443 597.2697 595.8875 595.4236 600.2380 605.6929 605.4952 600.4140 594.7571 595.8436 598.0638 597.7231 599.2803 600.7799 603.9198 606.8331 617.0097 627.7794 635.7905 638.3608 633.3674 624.9373 615.2120 609.6014 609.1028 613.6042 617.0812 622.5168 627.8456 630.9011 632.1917 636.5406 644.7327 649.3525 650.5029 649.3508 647.7850 646.2402 647.6354 650.5115 654.0200 656.9436 658.5448 658.5624 658.5931 658.9451 655.9318 645.7852 650.3853 661.4711 676.9561 688.9362 701.5905 701.3950 695.2402 685.6558 681.5323 681.8416 672.3587 654.5762 640.0471 642.8068 650.6733 652.4885 650.6144 647.0150 637.3802 625.8203 629.7190 624.5475 605.0230 598.8811 599.3633 600.2167 601.1036 600.5078 606.7789 620.3743 630.8817 630.5087 647.2290 671.3038 670.5201 662.4437 650.4612 641.0633 646.2507 664.2594 686.9004 685.4724 660.5002 654.7416 664.8901 682.3494 697.1681 694.9584 684.3230 682.7150 674.8337 677.9142 684.6132 679.0073 684.0432 698.8738 700.3468 700.5654 707.2233 707.3755 721.8232 736.0367 728.6104 727.5043
588.1451 588.0466 587.2327 587.4184 587.4987 588.7652 591.8303 591.5762 591.9885 589.0622 589.3970 592.8475 594.1861 591.9775 591.9483 590.0491 589.5440 589.6718 590.3997 593.6512 601.4025 605.9854 603.7788 598.7537 591.8979 590.7385 590.8847 590.0370 591.5982 595.2008 599.0920 603.2592 614.1191 624.0728 629.7153 632.1968 628.9801 621.3096 611.4259 604.6210 604.0486 608.3738 616.1048 623.2888 625.6038 620.7458 618.0348 627.6898 637.4004 638.8352 637.1039 634.6937 634.1041 636.8189 643.1177 648.4761 652.2839 655.2612 657.1373 653.8741 647.5424 646.1796 642.7750 637.9456 645.8256 662.3933 676.8083 689.7709 708.5840 709.5468 696.0679 678.0337 669.2749 675.4528 668.3589 656.0209 641.5195 633.8615 636.4252 640.3823 638.2280 633.9312 626.1701 624.8319 632.5698 624.8977 605.7162 599.5319 599.0812 599.8480 602.2940 605.0383 607.7366 613.1127 627.5090 638.9197 651.9594 664.7455 673.0484 670.1541 657.0057 648.4066 651.6096 654.5929 653.2650 650.2661 645.5023 652.8517 666.2803 677.2742 677.0298 670.5682 663.8928 669.8878 675.8679 677.0364 692.1090 704.8517 706.1350 709.5985 711.4558 696.9157 679.8140 669.1586 675.1371 683.5479 703.2457 725.0435
585.9892 588.2084 588.0604 588.3572 589.5164 586.5159 585.8256 589.2458 594.2907 593.6292 591.8992 594.0792 596.0643 601.8065 601.6625 592.7224 591.7631 589.7303 588.3945 593.2166 598.6098 600.4055 598.6738 594.3177 590.4139 589.8287 590.0831 589.2403 589.4408 592.6012 595.2999 598.2286 606.5031 615.3463 620.6022 623.1180 621.8427 615.7227 606.7690 601.9899 601.8194 604.7158 612.4338 623.1010 627.1208 615.6696 609.8279 621.5842 625.1048 622.4420 620.4316 622.6552 628.9384 636.1866 642.8707 647.7365 650.5076 655.7106 654.8063 645.9557 631.7319 630.1808 639.0683 643.4744 655.5466 667.3762 676.4847 685.9654 700.1373 711.2736 695.9227 672.8152 658.2620 662.0494 658.0789 656.0773 649.0818 637.7538 627.8996 627.4615 624.6754 621.2650 621.6869 628.1365 634.3464 629.1675 614.0930 602.0787 599.0712 599.7590 602.5883 605.9672 610.5377 610.1683 613.4605 626.5906 643.8082 654.5110 655.6384 658.6236 650.1274 638.8718 635.2175 634.6334 635.7148 642.7595 654.1209 662.4578 665.1767 670.3982 661.0172 657.4276 667.3990 681.5257 688.8807 686.2926 699.9061 718.0656 713.0952 705.8704 695.9150 676.9158 659.9217 656.8679 670.6990 698.5972 735.8670 739.9791
588.2044 589.2742 591.4464 590.1537 590.6140 587.5538 585.8801 590.9937 601.4059 604.3442 604.3812 603.0775 600.1396 603.1539 600.1942 592.0976 601.2460 603.3989 597.7884 592.3961 591.3575 592.9247 592.4880 591.3732 590.4330 589.3174 588.2231 588.2869 588.9995 590.6677 591.6821 593.8937 600.3586 606.6570 610.2493 610.5928 609.3854 606.9152 603.4729 607.0570 607.8839 606.4506 614.0900 624.9077 628.9856 615.2569 605.0303 610.8961 610.1564 608.9385 613.2606 621.3540 627.9366 630.1292 630.0503 633.5449 640.8887 650.2366 649.5370 636.9733 623.0079 628.7645 644.7062 653.5016 663.4047 669.4838 673.5074 677.5560 685.0701 697.6125 688.2882 669.3431 650.0993 645.9064 644.3599 647.1166 651.1094 644.3457 628.9902 618.1534 619.9017 622.7009 625.1528 630.2433 625.3625 620.1270 617.3326 604.8987 598.9556 599.5281 602.7793 604.8776 611.3232 612.7039 610.2792 615.1584 625.4651 631.1124 632.1588 636.5271 631.3690 626.4485 628.7813 634.4515 643.4592 654.3351 669.7855 672.9355 661.4014 653.8640 658.9363 668.7010 679.0204 689.4984 698.5037 708.0621 717.7937 713.6166 690.1953 671.7953 657.9907 649.9100 648.9780 653.2513 680.4525 723.9504 746.6575 730.1048
592.1678 594.8530 601.8907 602.3686 602.8440 601.3438 596.7386 597.5495 597.5937 601.0374 600.3812 596.9764 598.0025 602.3853 600.4877 601.5355 606.9305 612.1362 610.6188 601.0380 597.6150 592.3814 588.7925 589.4851 588.7158 588.1330 587.9658 588.0536 588.8054 589.3708 589.9305 594.1238 600.8327 605.0856 607.2443 604.6661 598.9704 601.6369 609.1422 614.6204 613.1492 610.0273 617.2220 625.8380 630.0220 617.3550 600.2310 598.1272 599.6660 606.4789 610.5655 612.5074 612.8708 611.6318 614.2189 622.8760 636.4264 642.6059 642.6983 626.5195 617.3196 630.5157 644.8583 659.2197 668.6438 666.7844 660.2861 662.5513 662.2670 668.0378 672.4703 662.4551 645.4379 633.2433 633.3587 641.5270 649.9807 642.1570 624.3572 618.5532 626.2447 624.6130 617.8970 617.3182 610.3423 605.5443 608.7800 602.6210 599.1323 599.1066 600.6122 604.5613 612.9893 621.6525 622.2231 619.9289 615.2224 614.9979 617.7411 620.6076 624.3328 632.9495 642.2258 654.0991 662.5928 670.3486 682.6748 685.9669 669.5817 651.1196 656.5777 664.9665 665.6888 676.5578 702.8816 719.9484 704.6779 685.6120 660.9089 647.2651 645.2459 645.1815 647.1431 654.0421 671.5886 683.4208 684.9715 689.6525
593.4926 595.8341 607.9427 613.9323 615.5552 615.3182 611.5455 607.1978 600.0056 596.6720 593.9058 593.6508 597.2439 601.7186 604.2223 609.3611 608.2542 610.8185 613.0978 607.0276 604.3584 595.7915 588.3000 589.5936 588.5905 587.8523 587.9079 587.7844 589.3861 590.0004 590.7454 593.8911 599.2995 600.8936 605.7511 612.0956 599.6868 601.6071 610.0933 616.3018 616.5892 612.6071 616.2579 624.1872 627.8616 618.1440 599.0593 591.5099 595.0206 601.6447 600.3010 601.1713 604.1744 608.3685 615.1090 626.6682 637.2195 639.0093 635.4395 618.5847 618.8489 635.8468 650.4420 663.0538 670.8617 657.7850 644.1680 647.4781 644.7065 646.8751 655.8150 652.7577 642.4796 626.8499 625.2066 638.2376 646.2278 637.5311 620.7802 619.0974 625.2669 622.2368 610.1420 600.9008 599.1661 599.4045 599.9372 599.0539 598.8018 599.2308 601.3220 608.8267 619.2075 632.2979 636.8853 633.8214 624.1899 621.3664 623.1268 618.2226 624.7414 643.6735 659.7279 662.6443 664.0025 675.4679 677.9688 681.8015 662.6318 645.4052 651.2081 660.2906 666.2172 680.2546 709.6181 714.2266 675.7343 648.1299 638.2529 643.4602 654.5679 664.5812 663.7920 663.8112 654.2924 650.1768 661.9761 692.0854
593.8818 596.8674 612.3712 623.2282 626.0059 624.3936 618.5986 610.8906 604.9244 604.2656 600.7223 598.1146 600.8580 606.8948 609.5442 611.8677 614.6165 611.5062 615.0961 610.0658 600.7501 592.4441 589.9171 588.9496 588.8405 588.8616 588.8778 589.1807 589.5389 588.9591 589.2899 589.9893 592.0738 593.0514 597.1479 608.5728 598.5963 594.3331 598.2504 605.4635 612.6763 609.7787 608.0887 613.1702 615.3119 612.0796 598.4986 593.6124 599.5522 595.0479 593.4543 599.9666 607.5419 614.3182 621.6149 629.7000 631.4213 627.9126 620.1838 610.3145 619.4287 635.3334 648.5814 659.6878 658.0859 639.3831 634.8202 639.5870 632.5997 629.6730 637.6332 642.1850 637.5709 624.5249 618.4005 631.4954 639.9282 633.3994 618.8950 619.9443 622.6616 614.7791 604.0916 599.0792 598.9235 599.3027 599.6918 599.5864 599.4146 599.5445 601.8080 615.0473 624.3463 633.5433 642.6065 642.9684 632.8353 634.8699 629.3769 620.9508 624.5120 636.3393 645.7405 640.7500 647.5457 651.4998 648.1813 650.3899 645.0402 645.8060 656.7881 672.7038 685.1105 702.1097 710.1731 687.0240 652.4256 633.5927 631.6635 644.8073 655.8916 676.6079 685.7023 663.6609 637.0792 641.9709 665.9992 687.5344
592.6187 597.4537 611.3157 624.7136 627.7415 625.3246 621.9572 617.1539 612.4700 610.7504 605.7974 602.6307 605.7164 609.2429 610.5249 614.7994 618.4552 611.8199 612.1769 606.9882 595.8943 589.8240 589.8372 589.8801 589.6503 589.3525 588.7702 588.9465 588.8003 587.8900 588.0544 589.2970 591.4183 591.7220 592.6774 594.9180 594.1384 592.8487 592.8207 594.7830 597.2769 593.8848 593.2260 595.8225 598.5356 597.2189 593.5115 601.2899 607.5489 599.4240 591.1346 595.4136 605.0728 615.6429 624.0416 626.5228 622.9743 616.3868 608.3036 607.7233 613.7109 622.0047 637.3405 648.1060 639.0706 623.5825 626.7709 632.6119 625.1460 620.4641 629.5961 634.7958 631.7908 620.4045 614.5007 625.4435 629.0893 626.2186 616.7044 622.7506 621.6722 606.8146 599.6144 599.0715 598.4813 598.5856 599.6251 599.9096 599.8020 599.6185 600.7266 616.1983 635.9191 642.6345 651.7982 654.8664 645.0687 643.4938 637.8702 629.2103 633.4156 641.3502 637.2875 635.3163 635.6581 634.3365 632.8701 632.9401 638.7788 654.5712 665.2904 683.9457 705.4799 710.9242 690.9290 663.6492 640.7527 626.5532 631.5617 649.4258 664.5732 674.6008 679.2272 655.9451 633.1503 638.0641 650.8241 669.5627
592.4320 600.0718 609.9662 618.9182 625.8640 626.7320 624.3499 621.3475 618.3477 614.9557 611.5363 610.1274 613.6262 615.4056 615.5021 619.8036 617.0009 612.1688 613.6708 612.1471 605.1407 593.4998 589.4939 589.8577 588.5854 588.3328 587.2509 587.0518 587.5623 588.4627 588.7761 589.5654 590.6544 591.5262 591.9362 591.1262 592.5326 592.7549 592.0472 591.8831 589.7784 589.3151 589.3991 588.7496 589.4334 591.2318 596.7651 604.5565 610.9481 602.0056 591.2928 591.3292 602.3947 623.3923 628.3337 622.6158 616.2432 608.6752 603.4252 608.8908 603.3997 600.9466 617.9858 630.9243 620.2756 612.5570 620.5995 624.0055 616.8318 621.1671 629.0322 623.7090 620.8144 614.9251 608.9593 612.7420 614.2148 616.9597 615.3571 617.2537 608.3889 599.6706 598.6077 599.0906 599.2959 600.4326 600.0449 600.2723 599.7964 599.9417 602.4663 621.2807 634.5485 635.8595 653.8881 666.6391 659.6746 656.3453 649.4457 638.0656 640.6213 659.6959 656.9147 643.8964 643.1027 645.6194 643.9379 643.2461 642.6128 654.3380 672.0218 693.3986 705.4272 692.3734 668.9877 645.2830 628.0419 622.1484 634.2354 650.3418 663.2297 654.0418 646.8198 641.5496 630.8054 636.1378 648.8571 669.9639
590.8265 597.6024 607.4907 614.4389 622.9962 625.9262 624.3466 623.3603 622.8746 620.3405 617.8877 617.4991 619.4641 620.8816 622.4487 626.2514 624.7207 621.0255 622.5739 623.6800 620.8498 611.4034 595.6667 589.5344 587.5969 586.4927 586.7028 586.7083 587.6364 589.2557 589.1700 591.1512 590.9318 591.0873 590.7487 590.0061 590.0123 589.3448 589.3990 591.0362 593.4305 595.6533 593.3347 592.5505 597.2475 600.5072 602.6452 601.3998 604.2804 602.7920 595.2020 592.4881 596.3383 613.1101 620.7446 619.6561 609.7217 601.2994 602.0394 607.7381 597.7509 594.5497 601.2106 608.2294 605.7508 612.3276 621.7960 618.0248 610.1737 620.0846 624.3814 611.2233 604.5836 603.6447 602.2086 604.3435 607.8018 610.7075 617.2863 615.8040 605.1339 599.0760 599.8434 603.6008 605.3122 603.8493 601.1504 600.3589 599.4567 600.0094 602.2643 613.1635 617.5305 628.0818 646.1578 651.4098 651.4379 659.7214 655.8454 649.0771 643.7773 658.1863 662.5693 650.8501 647.9809 656.1666 657.7277 658.4974 653.4026 655.7996 677.9388 686.5182 672.8327 661.5255 656.0193 642.9835 624.1912 621.2551 637.0226 648.7171 659.8768 651.3291 636.1625 626.2675 626.8771 636.6365 650.0974 668.0645
591.9017 594.3652 598.6324 605.8347 615.7615 622.9717 624.6063 626.1152 627.5065 626.5487 624.8849 624.1398 624.6205 626.3046 628.1407 632.2772 635.4982 631.8397 631.5781 636.8416 632.7681 621.2601 606.6534 597.1719 588.7045 586.8583 586.4666 587.0175 588.7162 592.3752 590.0130 589.3840 588.9343 589.0579 589.6003 590.4704 591.8484 591.1429 592.5903 596.0653 602.8476 603.6454 597.5375 594.4076 604.6634 611.6776 611.2852 603.1046 602.0392 607.6022 615.0140 618.7910 613.3472 601.3679 600.6466 600.2345 597.4995 595.6331 599.2595 599.6927 595.8758 603.2514 600.6811 595.0067 604.4544 616.2336 618.1658 608.3889 602.8656 608.7356 607.7446 601.0387 598.5660 599.7956 601.6305 604.8272 609.7716 610.6921 610.5443 606.5841 602.3399 601.5526 608.2531 618.5198 616.7124 605.5792 600.9156 599.3306 599.6080 599.9300 599.9196 601.6543 611.8713 637.1516 652.4583 641.5361 635.7033 650.0107 658.8939 655.0811 648.1326 649.0546 658.8773 659.2854 660.4067 663.7621 667.1235 671.0075 667.4077 667.8738 690.3469 684.2808 657.5325 642.5647 637.1622 631.5564 617.9602 620.4927 637.5917 649.9094 657.2642 650.5945 630.8276 620.4761 630.2200 646.2425 660.5687 663.2965
597.8381 600.1447 597.4352 597.3412 607.5770 617.4223 623.4828 627.8715 630.8413 632.1061 633.2304 631.3269 630.2330 630.9945 632.8113 637.9766 640.3065 634.9799 636.9109 642.9288 640.2130 630.7526 620.7405 613.4284 597.5675 589.2117 587.4894 587.6003 588.1413 590.9396 590.1346 587.8138 587.9889 589.3016 591.4004 591.8522 594.0446 598.0419 601.4971 605.7155 612.2842 612.4691 604.9363 596.7726 606.3653 618.2700 619.8870 610.0732 601.7554 616.5242 648.6279 656.7189 646.5638 630.1884 624.9036 617.8363 600.5520 592.6329 593.0991 594.8286 601.4191 608.9518 599.0662 594.6369 610.8198 615.5812 604.9422 598.9236 598.2878 598.7308 598.4612 598.0870 598.0122 598.2073 598.6515 600.9071 608.5951 608.5951 601.2618 599.3465 600.0995 605.5888 616.9368 629.8112 622.5582 608.0659 601.7839 599.5179 599.8180 599.6003 599.7086 599.8661 608.7079 636.4355 653.4425 647.9341 629.9769 632.4561 641.1415 645.3207 652.5423 657.4462 665.0977 673.1264 687.3127 681.2576 677.1011 682.5296 681.2692 668.0031 675.2492 670.3019 651.5560 642.3587 633.3809 627.2564 618.8347 616.3389 630.5833 646.0871 646.2693 636.3130 622.0457 616.7940 628.3310 640.2227 655.6780 651.6739
605.7834 608.0800 603.8385 598.3890 601.6960 611.1960 619.3959 625.8658 631.3968 635.1490 638.1131 636.2201 634.3206 634.1859 637.7199 642.0071 640.0620 638.2644 640.4721 645.1251 643.4539 637.3506 633.1179 625.9373 608.0739 596.6725 593.6674 591.6916 591.4448 592.0482 591.0280 589.4087 591.3052 593.4337 594.1765 595.3087 600.4946 608.2933 613.9694 618.2233 622.6623 621.4075 611.8283 599.7415 605.5255 619.7410 623.4351 615.1404 606.2276 629.6729 658.2106 665.9814 662.1129 653.5297 645.5356 634.8100 617.7971 600.7322 599.9334 604.0808 609.6028 608.9469 596.7425 596.2526 611.1111 610.6484 600.1823 598.0028 598.0054 598.0002 598.0000 598.0000 598.0000 598.0000 598.0000 599.0881 603.3732 604.9929 602.2498 599.5980 599.1099 599.4791 606.1928 627.7634 628.6099 616.5287 607.2122 600.7654 599.8786 599.6136 599.5026 600.2109 611.5934 634.6796 647.5221 647.5518 628.0208 629.7588 641.7715 648.4518 659.1605 667.3105 672.7137 682.4912 698.5647 694.8740 693.1860 690.8386 683.3204 660.1904 642.8012 644.0513 632.8901 627.3511 622.7291 620.5853 616.8806 612.2451 626.0389 639.8635 639.0420 628.0599 616.7634 613.9429 622.9147 633.7766 645.8790 642.2842
613.7002 617.3647 610.3292 606.5839 604.8082 608.2847 612.8110 617.1899 626.9924 630.7791 632.2157 634.0359 635.3810 636.2952 638.2604 639.4134 638.2719 638.7468 640.5522 644.6069 646.2808 645.5192 645.2639 641.2439 622.3734 606.3223 609.7686 606.2635 603.5518 598.1896 595.7560 594.2043 596.5240 597.5903 598.7921 602.8801 610.4925 617.9896 623.3241 628.2624 632.3184 627.6575 614.6755 601.6222 607.4816 621.6242 624.7556 615.9475 608.7395 633.3684 656.4763 666.3857 663.2597 651.8288 645.9670 641.2540 635.9455 624.8005 619.6613 620.5745 623.2670 617.6428 605.5287 598.6616 600.4333 600.2988 598.3058 598.4623 598.7599 598.1376 598.0423 598.0751 598.0818 598.0528 598.0505 598.1418 598.7678 602.2982 606.6523 601.1032 598.8340 598.5927 598.9388 612.9886 630.1593 622.7593 606.7114 600.4018 600.4446 600.1965 600.2577 600.4910 608.1431 624.5085 635.5028 640.3936 626.8625 629.9728 645.5587 644.5794 649.7193 655.0701 669.6661 683.1254 690.8430 686.7554 679.3122 676.9443 671.0898 654.4536 629.3717 616.0475 610.7230 607.4958 606.3362 606.6129 607.2878 607.1210 614.8708 630.0626 628.3752 616.1526 610.0628 609.9807 610.7881 617.2197 628.0055 632.9835
624.0519 626.5647 621.3128 619.7336 611.0910 602.4398 601.6104 606.6108 619.1522 616.7791 617.3501 624.0201 632.9639 634.5805 624.9949 624.2636 630.8522 636.2050 639.2901 642.1111 646.5131 650.3570 655.7780 658.0807 646.2632 629.1883 634.3069 629.4365 617.7830 609.1420 605.0892 599.2751 602.3157 605.5880 605.8924 608.1756 617.8660 626.3835 631.1410 635.5055 637.6415 628.9390 612.3406 601.5585 609.3432 620.9916 624.9564 618.2631 609.5065 632.1296 663.8362 671.6193 666.8822 659.6467 659.9719 656.6464 654.2709 654.8719 649.1568 641.2264 637.8235 629.0719 617.3354 604.8910 598.8924 598.6905 601.2503 606.1105 605.2850 602.3400 600.7019 600.5800 601.2914 602.8899 602.9351 603.6104 601.5953 600.7198 606.9004 603.1812 598.0985 598.0686 598.5005 612.7841 629.6168 622.6823 606.3718 600.9493 600.7282 600.4611 599.9699 600.8660 604.4337 614.9943 630.0748 632.9244 622.6587 621.6739 628.6440 626.5876 629.8455 638.8153 660.0837 674.2267 679.2029 668.7954 651.2811 648.7976 656.3003 641.4111 615.5411 605.4618 605.5558 605.2400 605.2686 605.2407 605.5395 605.3273 607.8776 616.1816 619.7069 613.7786 608.0901 607.4449 606.2011 606.7578 608.1326 612.9324
632.2621 635.9505 633.4178 630.9703 618.5314 609.3383 606.1747 602.9841 610.6791 604.0773 606.1975 616.2933 627.6588 626.0864 611.1602 612.2909 622.9760 633.0528 638.4881 642.4257 648.4890 651.7212 657.4231 663.6807 663.9998 660.1770 662.8073 659.1183 640.0998 625.4696 612.8019 602.0512 607.7599 615.2037 615.9307 614.5314 623.7181 633.0351 637.1913 638.2673 632.1741 620.4733 606.7368 604.7828 610.6705 619.5872 627.0036 624.6487 614.5947 623.6154 656.4122 672.1558 673.0200 671.8822 671.6440 668.7459 665.7599 668.8040 671.8221 663.2188 651.4748 639.1021 624.9419 612.4171 608.9458 608.3809 614.0403 620.5934 618.7147 616.1476 613.0024 607.7194 608.8950 617.9749 622.8716 617.8515 610.3066 601.1589 601.6932 601.4491 598.4304 600.1255 605.5080 618.7719 629.6968 624.4986 615.5266 605.2602 601.1290 601.2504 600.7816 601.1505 603.4945 606.7590 617.8279 628.7465 626.4775 615.8953 622.2815 633.0883 639.0116 642.3674 653.0549 666.7125 670.7830 656.1749 635.5406 627.8677 639.9084 636.6622 613.8587 604.1096 606.1809 606.9691 605.4742 605.8904 606.4925 605.3992 606.4429 607.3422 608.9084 609.7972 611.1285 609.2333 605.8594 604.3902 605.6041 607.9532
638.5874 643.8074 643.2679 638.3130 628.9868 620.7781 613.7356 603.8516 600.4810 596.0646 597.1444 607.4550 617.1517 614.2537 604.6376 604.7666 615.3479 628.8272 637.0001 641.6664 646.2656 651.6589 658.3131 664.8983 670.8978 675.8931 680.8789 677.5258 656.0247 629.7039 612.2324 603.8248 611.2220 620.5187 623.3094 622.5191 629.8679 638.7942 641.8389 638.5687 627.3103 611.3691 606.9992 614.2006 619.9973 627.1015 634.8025 632.2950 620.9037 615.4061 626.6193 645.1419 663.7959 671.9316 675.9336 674.7275 668.1506 669.6057 677.8715 677.3264 664.0103 647.7213 631.5694 621.0680 623.2072 620.7432 623.3276 630.3660 632.8329 632.1541 624.7716 612.9422 615.7125 625.1697 631.8454 628.2831 620.1045 604.1723 599.3763 600.1246 599.4417 600.7194 611.4768 625.2289 632.7638 632.0571 623.2578 611.6511 603.1094 601.4191 601.3783 600.7247 602.0466 602.0975 605.6488 614.9490 621.3807 613.7653 624.1288 641.3589 654.2272 659.0217 660.8659 667.8771 666.7807 648.5554 625.3168 618.0325 626.7753 637.0516 620.5517 606.0953 607.8691 607.7542 605.1951 606.2494 605.0361 604.4929 605.1317 605.9855 605.4625 605.9515 606.6003 607.0001 606.1825 605.2325 605.5879 614.7955
640.3160 648.9071 650.7855 646.3746 639.5172 629.8673 619.5485 607.9329 596.9681 595.8931 597.4153 600.3754 605.4462 605.9078 606.7543 603.7010 612.5458 626.1360 637.5104 643.8792 646.0189 650.8780 657.7859 664.3544 672.1818 680.4795 686.5584 681.8876 657.9443 628.5552 611.5881 605.7362 613.9655 624.2889 631.4056 631.7112 636.7247 643.6457 640.6694 632.8286 617.6411 608.2086 616.6353 627.4396 628.8596 637.1224 642.3096 637.9386 629.3021 619.6172 611.8101 616.5952 631.4123 646.0316 654.7945 655.2178 648.1712 652.2551 664.5382 669.3163 665.4824 656.7174 643.3723 633.0655 635.2053 631.5571 632.4524 640.7052 645.3090 641.4584 627.0574 617.2271 625.3407 633.8403 636.0814 630.3348 617.7809 603.2194 598.3994 598.8237 599.0113 598.5963 600.6591 616.9977 629.5776 633.5514 627.0719 617.4251 607.4863 601.9325 600.4875 599.1429 600.6015 600.8276 600.9487 605.1840 609.5822 614.5757 624.8953 638.7193 652.8310 653.6176 653.2802 659.4904 652.7720 637.6916 622.0629 615.1155 615.3997 622.7963 615.3206 606.9210 607.6473 606.5073 604.9107 605.3583 605.4045 605.5894 605.7064 605.6345 608.8165 613.0308 611.4968 609.5604 608.8358 606.6884 606.9294 621.1530
640.4565 651.9709 656.1101 652.6661 646.6282 636.9790 625.2570 611.1702 601.6419 606.9059 609.9225 608.1066 609.9640 612.4037 613.9481 604.8231 609.0536 621.9329 633.9269 641.3130 644.4622 648.0292 652.0588 656.6761 669.2415 682.8229 693.0881 686.2960 651.6500 624.7064 615.0984 613.4080 622.0992 629.6309 638.7286 642.4512 641.6030 640.0715 631.9451 622.5122 610.4164 613.2681 625.1504 636.0994 639.0630 647.5938 648.4753 643.1494 636.2517 627.1003 615.9585 616.2558 618.9867 623.9964 627.2241 625.5680 622.7201 627.3265 639.1021 648.4314 656.4495 661.0973 654.2324 644.4019 646.1898 647.5532 647.5175 653.1130 650.6764 642.8277 625.9169 623.2608 635.3258 644.5680 643.8602 634.4956 621.4426 606.6450 600.2563 599.7689 601.4266 599.2911 601.0134 616.5457 621.9843 628.4360 628.9050 623.5556 616.0633 610.1727 604.1179 600.0611 602.0792 601.8832 600.8306 603.4965 605.6749 610.0270 617.1099 631.2825 638.1868 640.4677 644.0538 642.9017 646.4557 639.8115 634.2930 623.8619 614.0395 610.5849 607.4207 606.1110 607.5219 606.5554 604.8677 605.1198 607.0378 612.2017 615.1448 615.2134 621.2632 630.9315 627.3096 616.9839 610.3621 608.2399 609.3192 618.3940
647.1096 655.0848 659.0274 654.8672 648.5054 638.3266 624.6389 609.8743 610.7388 617.7538 622.6953 621.1729 620.7981 620.6837 617.4294 608.7439 608.0073 619.2539 630.5720 635.2408 635.7683 636.3821 636.2941 641.5475 657.6070 676.9161 691.7849 680.2394 644.1005 626.4222 621.6614 619.5979 626.7051 634.7925 644.7323 649.8280 639.5832 631.8073 625.7899 615.1096 612.9035 624.1504 632.9340 639.1883 648.0363 656.4136 654.1843 648.1608 639.3953 628.9679 617.2791 622.5228 629.5473 631.0496 631.8941 630.9027 626.4722 621.3254 624.2250 634.5654 648.0599 657.2045 661.0284 656.4346 656.6904 658.1250 655.0582 653.8814 651.3476 643.1093 628.2264 632.2078 644.6224 652.5876 646.8632 631.7098 616.9830 610.7343 611.0936 610.4605 610.1249 601.7985 601.4545 606.0264 608.2719 618.9131 626.8737 630.4347 626.3564 621.6550 609.4131 600.0187 603.2500 603.0439 600.9402 600.7288 603.2280 603.7848 610.2195 621.3381 622.0988 631.1679 632.1583 636.6573 646.4578 651.6129 649.0863 634.3958 626.4367 622.6524 611.2861 605.3728 608.8403 608.4456 607.1144 606.2130 612.3884 623.7294 630.3801 633.5603 631.5496 637.4152 631.6367 617.8551 616.0957 612.8523 610.7101 611.2288
656.8782 659.6122 659.0750 652.2216 644.9309 631.3475 615.7722 614.7368 629.8804 633.4500 634.4749 634.4448 629.8492 625.8063 620.6077 611.1365 609.1782 618.7476 625.0703 623.0554 618.5219 617.8927 620.7004 628.0540 641.2437 662.9435 680.4742 667.5238 646.3677 638.5221 632.8751 628.5724 628.8427 637.1411 648.9759 653.3399 638.7405 624.6584 617.1404 611.8846 619.1399 634.4577 642.8431 646.2888 655.6329 662.7491 658.4598 650.7817 641.2486 630.5807 618.2385 626.8078 636.7734 641.1969 642.1625 640.0873 633.4771 629.4995 626.8904 625.5536 635.6254 647.6502 656.6861 659.9221 658.5800 654.4243 651.2966 651.6936 652.1317 644.9108 632.3822 639.9125 652.4310 653.9031 638.7943 623.7908 616.8931 623.7884 627.1669 625.3687 614.5276 605.5668 610.8418 611.5247 606.6053 611.7975 624.2244 630.3226 630.6294 629.3049 612.9365 600.5442 601.1435 603.2645 602.5288 601.8123 603.4415 604.8425 609.4073 618.5434 613.4078 614.4547 623.9978 635.5883 642.6528 644.9276 639.0063 638.4529 638.5496 634.0528 618.3188 605.5738 607.2505 610.4700 609.4874 608.3220 617.8849 634.2632 643.1945 648.9365 641.0656 633.7207 623.8243 617.1978 625.4070 628.9590 622.0780 610.7088
660.5667 660.6645 656.3463 646.8627 635.8647 618.3677 615.9651 631.8052 641.2160 640.7333 639.9279 641.2462 638.3351 632.4875 622.2026 608.7657 611.8962 616.4529 616.8470 611.2482 607.0895 611.2700 619.9563 630.7914 639.5078 652.3547 665.4825 658.9647 647.8604 642.7767 640.4661 637.5369 635.9006 640.1271 652.9796 655.9869 641.4160 625.4351 614.8881 613.3770 618.7091 633.7776 643.2550 651.7149 659.2583 666.0104 661.6198 652.5275 641.6984 627.9863 618.5084 629.1535 641.3189 647.6892 648.1320 645.0175 639.0157 635.4977 633.7040 627.2353 624.2701 633.4645 644.4400 649.5635 649.3169 646.0747 647.5278 651.2059 653.4456 647.2332 636.3647 645.6666 658.5065 657.5458 639.8681 626.5407 627.2820 637.4068 640.4729 631.8069 614.9216 611.4312 622.7031 624.2802 615.4530 611.9717 619.2294 618.1119 621.8148 627.8790 620.7418 609.7875 602.8375 602.5333 606.2066 607.4435 607.2902 607.3184 608.9521 612.6715 611.5692 613.6418 621.2833 632.9002 640.7274 630.9290 626.2387 640.2056 641.7845 633.7264 614.2030 605.4822 607.7143 609.5143 609.3173 614.1614 625.8397 637.3140 655.7952 656.0941 644.0473 632.9970 621.9796 620.8926 630.3864 638.0275 632.9988 617.1802
647.8932 645.7152 643.5887 635.1464 621.5907 611.4980 625.9735 637.8383 639.9009 642.0662 644.8716 644.5811 642.3594 637.4993 621.3314 607.0880 609.3336 609.5538 607.3141 604.1645 603.7314 607.5816 614.0242 624.0648 638.9316 649.4544 655.0886 648.4152 636.9118 631.6546 633.9626 640.8149 645.2972 647.5100 657.7791 655.9366 641.2859 624.5148 620.6995 624.3460 618.8886 624.9735 639.0757 648.0975 656.4559 666.3565 664.1202 655.0858 645.0955 630.5186 619.9369 631.1306 643.6865 649.5968 649.5933 645.3486 639.7462 637.8492 636.8565 630.6097 625.6954 625.2501 629.9551 634.8477 635.5097 637.1310 645.2024 650.9662 653.0001 647.7615 640.8197 650.4062 662.3167 662.0228 647.3050 638.3764 641.5551 649.1738 646.9924 631.1236 614.3249 618.0773 632.4161 635.4790 626.3989 614.4166 613.3326 615.9572 616.9405 623.5748 628.7762 621.9802 609.0051 603.6398 603.6635 606.0525 605.7372 607.1758 606.5951 606.9290 618.4645 627.6475 633.4600 641.1007 636.0319 624.9130 615.8922 624.0670 621.9703 615.0444 607.5550 606.9134 605.0413 606.5245 612.0802 619.7255 629.9548 648.7946 661.7655 655.8047 643.7347 631.0062 621.5906 628.3483 638.0781 642.5316 640.4965 626.6327
634.6057 626.5816 623.1299 617.5110 615.1888 620.1913 630.3388 638.2391 643.1534 647.6677 649.8649 647.7955 643.3004 635.8802 623.8937 611.6459 610.1697 608.9700 605.0333 604.4312 605.3925 605.9545 606.8757 612.5230 620.7297 626.0927 635.6569 642.3912 632.0536 623.5081 632.7244 645.8840 653.9017 658.9709 663.1394 653.2143 637.7064 623.6683 628.4445 636.2990 628.1415 625.4641 634.7072 643.8627 653.7628 667.0408 671.5035 661.1327 649.4031 633.3248 622.2610 634.3434 647.9283 652.2095 650.5369 644.4390 640.0966 642.8311 639.9581 629.1837 628.7028 628.5900 623.4980 626.2523 626.6069 632.5608 642.6874 650.9940 653.4767 651.1243 650.2019 656.2664 664.7736 668.3640 661.5157 656.4558 653.8651 651.4860 642.7373 624.2652 614.4863 624.6216 640.6448 644.6681 634.9800 621.7653 620.7007 627.4943 623.3926 621.2426 629.8768 625.6102 612.9669 616.2005 615.2855 610.4979 606.6277 606.8810 604.3853 605.9812 620.8555 634.3769 641.4465 641.0179 625.9164 614.4661 606.5452 607.7307 607.1779 607.5654 606.0945 608.3702 607.1714 609.9454 622.7848 637.1915 644.2704 654.2848 659.2411 651.6617 641.3177 629.4476 626.3286 636.2313 645.5400 649.6265 644.8750 630.1034
623.4990 616.1047 615.9602 620.0278 627.0260 633.0511 641.5159 645.4184 648.3616 652.1484 651.8560 648.9279 644.1523 635.6443 624.8713 616.9431 615.8066 613.5806 609.9534 608.8241 611.5765 610.1776 606.9280 605.7661 606.9528 610.2053 621.5851 629.2147 621.9638 624.5672 641.1641 653.6453 661.2430 666.4935 661.8626 645.4297 630.9637 623.8788 633.4630 644.9705 640.4294 632.7960 631.6470 641.9328 652.6840 666.9639 678.0707 670.0823 652.8552 630.7864 624.7898 638.8580 652.0013 655.5624 654.1030 650.1959 645.3894 643.8707 636.7524 630.1108 634.0325 635.6812 632.3199 633.7086 631.3275 631.0685 638.5277 650.4419 654.0013 653.6431 656.5170 661.5427 666.8501 670.9781 672.2572 668.9674 655.8833 643.0618 632.2724 617.3176 616.9590 632.3812 646.6456 650.5893 638.3325 626.4659 630.0076 637.3234 629.7841 621.8525 629.0995 625.5599 616.5037 625.8092 629.7638 619.7913 609.2040 605.6382 606.0946 605.0076 614.1576 622.9492 633.9612 641.8931 632.5224 612.1243 606.3652 607.0092 605.3530 605.0424 607.6978 615.6757 618.1470 616.0792 627.9602 651.1292 662.4210 669.2944 663.1823 652.3759 641.2014 630.7123 630.9513 645.7713 651.9909 651.2500 643.9731 630.6472
621.2288 623.4146 629.3784 636.2855 640.3294 641.8823 644.9378 647.9799 650.9691 652.2896 651.4545 648.7910 643.6404 635.3986 624.8223 617.4419 619.4562 618.9707 617.5798 615.8988 616.1764 613.3527 608.4916 606.3265 606.7959 607.4055 613.9557 616.4388 617.8058 629.1219 643.5195 656.8948 666.2070 669.1066 666.9295 651.8438 639.3180 632.4578 637.3066 650.1597 649.1479 641.4384 640.6358 645.6566 656.3935 672.4106 680.0643 670.3330 652.1763 629.4730 630.7216 644.6595 655.2466 658.9907 658.9966 657.2044 650.8748 643.5014 640.3474 644.3094 644.7011 643.9111 642.1703 640.6352 639.1453 633.5737 630.3101 638.2210 646.4738 652.2578 656.0028 661.8730 667.1669 670.4284 673.1680 672.3633 662.2509 650.5128 636.3759 620.5355 617.4125 628.5448 642.8283 648.6906 642.6663 634.4543 637.5516 642.6080 633.3151 623.3796 630.1049 629.2339 622.0273 630.3312 638.3511 630.5773 617.5835 606.8058 603.2794 603.1740 606.8377 608.2374 615.0354 624.2490 626.6020 615.8563 607.9086 605.8678 603.6978 605.7176 614.3054 625.6093 632.2833 623.9269 628.2086 643.2650 656.5620 676.3245 667.3758 652.5334 638.1774 629.7174 635.6155 649.6720 655.5041 647.8653 635.2278 624.7064
