939.5387 961.2707 985.6180 987.5253 954.9203 922.6083 934.4257 947.0297 965.2518 990.5682 1027.6603 1068.4213 1090.6030 1074.1863 1053.9972 1020.4283 988.1761 973.6728 952.3178 931.1133 917.8284 907.1135 918.2830 914.5655 894.8976 895.9634 897.6188 886.0143 882.5240 886.9883 868.2349 856.9178 866.3642 872.7411 863.6632 857.6602 879.0563 893.6972 890.3475 888.0333 904.1859 896.2592 882.0820 873.7759 869.6389 860.7303 845.9595 846.7353 849.0969 837.9730 839.9260 842.7344 843.4847 861.3195 882.4319 902.8135 908.3443 890.1424 880.2790 874.6993 871.1667 859.6405 841.4512 826.6823 822.0934 823.8900 817.2323 815.2833 815.0334 815.0761 812.2379 814.9929 816.2487 815.8929 817.1263 815.3080 815.9476 817.6095 816.7354 814.6780 811.7244 810.7082 812.5549 813.9460 813.6030 813.8266 812.9828 812.4339 812.0743 813.5914 816.2359 816.7558 817.2610 833.6018 858.1274 866.8289 874.6115 865.8064 863.6980 860.6021 839.8897 827.6606 828.7969 827.6411 828.1688 833.5040 835.2089 845.7585 855.6870 854.3423 853.0322 867.6533 895.2961 928.5073 969.4693 954.8742 933.6553 942.4344 950.5329 930.6671 915.2032 907.0021 910.9365 930.2512 943.3055 963.2075 1013.3839 1032.6388
960.1681 957.1552 981.3423 993.1201 956.8132 926.1066 936.2378 970.6064 1017.4924 1053.6298 1075.7273 1073.6643 1054.7250 1025.9944 999.7397 986.6257 988.4585 992.7769 965.0908 935.7979 906.7990 895.4991 892.5761 886.0872 875.8356 875.0493 880.8552 877.0671 867.9014 871.4073 860.0910 851.3611 851.5327 851.1433 848.3998 847.2355 855.3252 856.5130 857.1901 878.3334 877.4305 868.1392 868.4149 865.0532 865.2621 868.6916 858.6725 838.0132 832.6616 839.4103 853.7246 862.2582 854.8172 870.5477 892.1508 900.5809 882.1126 859.3143 852.6104 843.1946 840.1249 839.1786 834.3522 827.5223 818.8068 817.0730 814.6821 813.4135 813.9868 811.8282 814.3557 814.4361 814.5414 814.0357 813.4441 813.7697 813.3929 817.5863 816.1023 813.8417 811.8345 811.3760 815.5065 817.6386 812.2955 814.6461 814.5326 814.0046 816.2063 827.2479 835.7972 831.4239 821.8265 829.8632 852.7296 865.6161 884.1586 889.8899 886.0699 868.5276 847.2842 841.6464 848.2158 836.4666 829.7856 846.2836 853.5462 867.6504 877.9813 878.0781 878.6438 898.3243 929.2972 972.4102 984.6019 948.2225 921.7000 937.5112 971.0436 980.3223 977.4083 960.4141 952.8101 961.3703 977.6114 985.3553 1019.9452 1065.7206
967.7108 975.6906 992.4438 1001.7601 963.8977 950.2521 950.0468 992.1243 1056.3873 1079.2484 1062.1685 1034.0913 1007.6550 992.0319 973.9677 955.4845 954.4714 951.4281 931.5768 909.5890 886.2321 886.5970 900.5141 897.7529 887.1985 875.9979 869.7202 863.7103 858.3920 856.2116 856.0145 858.5060 858.9750 860.8751 855.6422 847.7957 845.4637 844.1951 844.4332 850.3660 845.7348 844.4415 858.1677 857.8139 845.8436 847.7917 849.9541 835.5968 832.1036 846.2983 860.1163 874.3451 881.5102 898.4211 914.1057 902.6336 877.7831 861.8510 859.3156 850.7504 842.2482 847.8050 853.2264 844.3123 822.4119 814.6404 816.0971 814.4177 814.3026 813.2921 813.5062 812.4455 812.6518 814.1349 812.5360 811.9946 812.0632 814.8527 814.0999 813.2182 811.4021 811.0833 811.9575 815.5795 811.5739 812.0676 813.1121 812.6293 821.0229 849.6911 865.8768 851.7712 832.6233 824.2555 832.1526 845.7964 864.2562 881.6796 895.3729 880.9233 863.8690 862.6695 865.8336 842.6142 832.4860 858.0416 880.1829 879.4603 874.0494 896.5930 922.3862 945.3783 963.7302 985.2226 963.0310 922.2592 906.7751 919.8763 953.7496 992.4403 1038.1346 1043.3654 1025.7183 1019.6428 1023.5181 1031.3027 1048.9130 1083.5820
961.6499 995.8986 1020.1763 1029.0802 1001.0188 986.4857 983.7162 1025.9994 1060.1190 1040.3560 1030.1940 1005.9279 976.5810 969.2617 960.3172 931.8449 916.4722 906.8459 892.3116 879.5198 869.4915 871.7633 884.5516 898.7728 901.7703 898.8849 892.0901 877.0745 863.2676 865.8557 873.8206 882.1389 876.9357 875.1817 873.8936 863.3474 859.5045 855.6132 849.7815 843.4387 837.9724 834.4776 838.6331 846.6102 843.3636 832.7362 827.6443 827.0193 833.9220 850.3482 857.1110 871.8996 893.7372 913.3695 921.9743 916.8455 897.6980 887.0885 881.4406 871.0338 863.8400 864.2565 865.3143 854.4820 828.9561 816.5467 814.2130 813.7162 813.6066 812.3356 811.6675 811.6522 811.3174 811.4193 812.5101 811.8333 811.9346 813.1807 813.2243 812.5447 811.3192 810.7999 810.4821 810.8926 811.1627 811.0347 811.1536 812.4539 821.5400 857.2217 871.6566 853.6831 833.9625 827.6201 826.6683 828.0541 837.1061 854.2158 875.4171 888.3403 886.0203 882.0079 867.7804 842.2018 837.7227 872.1055 885.3500 862.4918 857.7708 880.0284 915.3851 958.5718 986.7412 973.8109 935.1145 904.3370 905.9632 926.8310 956.5513 1000.3995 1076.9897 1132.8405 1120.3070 1099.5865 1096.0485 1102.6016 1115.1508 1133.6008
992.7733 1023.0389 1059.6748 1070.5443 1053.4019 1035.1631 1028.4796 1032.4747 1015.9679 988.3561 979.9120 959.9777 935.1339 926.2667 936.6805 917.5519 896.2981 883.2680 874.2278 866.5727 862.2504 861.1896 860.7664 866.9676 883.9359 913.3214 914.6103 891.7050 877.3884 882.4980 888.3026 898.4806 890.1157 868.5967 867.0580 866.6694 878.7903 880.0235 876.6953 868.7008 858.7479 844.7365 832.9299 832.3228 832.8446 829.4104 826.7037 825.2941 826.5341 836.9016 854.3248 868.5276 893.2582 909.6084 908.5069 922.8640 925.9980 904.3821 881.8842 865.3310 852.8652 844.9379 841.4900 843.6473 838.0165 819.5792 815.2054 816.4407 815.1284 812.2839 811.4534 811.1725 811.2045 811.0439 811.8314 811.6799 811.5346 811.9177 813.1736 814.0817 812.4769 812.2828 811.7764 811.5999 811.0078 811.0383 811.6771 813.0196 819.8778 845.1806 863.2697 848.9639 837.1902 848.8286 847.5345 835.8511 834.8777 841.8077 858.8844 882.2729 902.2846 890.3789 870.0223 858.0242 844.5349 851.3196 854.3212 848.1644 852.4863 870.3435 904.8612 946.5356 952.9497 922.1650 900.2250 900.8583 912.6632 931.3483 960.5210 1013.5002 1087.6830 1128.8048 1137.0856 1106.1077 1092.1993 1107.4664 1142.0050 1174.2634
1042.2538 1075.3281 1104.4153 1112.4103 1085.2152 1049.5646 1024.6414 1000.7867 990.1180 962.3901 937.7063 916.9196 899.8618 898.9198 905.1352 891.9770 879.8290 874.8307 870.2039 868.0388 869.6847 867.4423 861.0734 857.5644 869.1747 906.9264 921.7156 902.8954 891.9346 880.8123 866.8362 875.6564 883.5849 859.1185 845.9825 848.6333 862.9514 871.2031 877.2531 870.1732 860.1700 846.3340 835.0747 836.5301 837.0312 833.2066 828.5580 826.3625 824.9100 828.9578 837.7249 849.8047 871.7075 887.0930 883.1389 908.5839 920.0466 900.3086 877.2446 861.1465 845.3087 831.7953 820.5179 821.7495 823.8832 816.4296 814.9282 817.9206 816.4543 812.4528 811.6542 811.1654 811.6055 811.4303 811.6501 812.1617 811.9125 811.9896 815.3084 814.6129 812.8511 812.5047 811.9858 811.3426 810.9662 811.2684 812.4003 816.0172 831.0377 861.0106 868.8944 851.3420 845.4138 862.3591 865.5914 849.5470 841.9227 845.5270 858.8284 883.4336 906.4412 894.5458 888.7928 873.8044 863.0252 865.6038 850.8993 861.5693 872.1372 877.4120 886.6127 906.4365 905.3705 896.0529 903.7545 918.6694 935.2082 953.2022 977.1252 1014.7933 1041.5568 1051.2169 1079.7410 1056.4513 1029.2615 1041.0394 1089.1794 1131.6843
1114.0964 1131.2482 1127.5267 1103.4294 1062.7214 1034.6506 1010.5588 977.5460 964.5262 943.6530 916.0735 903.1708 895.1567 887.5431 884.5968 880.4106 875.5820 873.8526 878.4050 884.5939 890.4103 885.6475 873.0087 861.1537 856.0656 865.3245 884.1473 882.6652 874.2429 860.7342 845.3785 846.1061 852.5770 845.8364 840.6175 838.5084 840.1132 843.3341 845.3699 840.8870 839.9118 844.1033 849.3929 854.1363 854.0415 845.8694 834.9538 830.8603 825.6281 824.5726 828.6432 842.0663 861.4886 874.6837 861.4429 865.6532 872.3293 863.3622 845.7905 834.7297 826.3400 820.9020 815.9886 814.0347 814.4285 817.8829 818.2625 817.7753 817.5048 814.8403 812.5864 811.6686 811.9716 811.2995 811.6360 812.4144 812.3116 813.2808 814.7257 816.3080 813.5305 813.1092 813.2028 812.8582 811.7895 813.7509 816.6335 827.8329 854.2469 883.8405 875.5860 859.7308 862.7573 881.7872 878.7220 866.4222 862.7430 870.7577 877.6936 897.3469 935.7718 933.0993 918.6093 892.0529 884.7897 875.1309 861.1962 876.9316 896.6662 906.9463 893.9521 891.4096 891.3881 907.5387 929.8983 943.9122 956.8767 960.5475 976.2867 992.1779 978.6502 973.8909 1001.7215 1005.5182 984.8392 989.8027 1019.0159 1053.2615
1158.8463 1154.3790 1128.2196 1090.4178 1049.2787 1027.2308 1010.2069 992.0758 968.7392 952.1846 944.4276 938.4233 922.6917 897.3316 888.6931 888.7704 886.8183 883.3026 896.4326 907.7902 912.1088 903.7834 888.7888 873.8856 867.1973 860.8011 856.3844 852.5411 851.3519 848.6550 847.7217 847.7748 844.7583 846.4388 845.8753 842.7192 842.8231 850.8647 849.7054 841.0543 850.1890 865.7714 873.0770 874.6055 870.0878 859.7974 845.3157 832.6935 826.3889 824.5505 822.8479 829.0385 845.2325 864.8289 861.0793 841.1832 838.2618 833.9151 822.3893 816.8911 815.7397 814.9825 813.9091 812.5335 812.8937 815.7216 815.6378 817.4775 818.5159 815.7762 816.0860 812.3138 811.4391 811.5075 812.5417 811.9354 812.1448 814.0922 816.5243 816.3398 815.8674 816.8459 817.3320 815.3172 814.6996 821.2294 831.1484 845.3809 871.1287 900.2234 896.6420 877.5396 878.2479 905.9126 905.0770 894.0389 901.7004 914.4415 910.2416 929.8777 976.7982 982.3300 949.9258 914.3198 903.3041 879.9279 879.1064 904.7630 937.3110 938.9137 916.8276 912.6310 905.9616 920.3115 940.5767 945.1813 934.8533 905.3082 913.7178 924.9036 911.9653 908.1104 929.8017 940.3235 928.3230 927.4838 942.3209 978.9996
1187.9366 1180.2339 1145.2437 1105.5977 1065.7487 1046.5568 1045.1562 1033.7037 1008.8740 984.4764 968.9792 953.4310 926.1273 904.5217 900.3109 903.3134 910.0552 900.8221 911.0466 925.6793 930.6971 920.1928 905.0711 892.4482 880.6564 861.0226 856.6118 855.8948 858.0532 861.0162 860.8472 856.9058 849.6865 854.4611 858.3650 852.9628 849.7272 865.7853 867.6348 851.9561 858.7411 881.3204 890.9526 887.7098 876.6581 860.5406 844.1663 835.7063 831.6110 825.2275 821.3078 822.4877 837.5931 851.7978 857.2555 838.4109 826.6720 821.5012 816.5428 814.7492 813.7302 812.7326 811.5654 812.4321 814.1721 813.6191 812.7102 815.2685 816.9111 815.1281 817.3461 814.6445 811.6752 811.9421 813.0811 811.6204 812.5299 814.4189 814.9861 816.9474 815.6660 815.8654 815.3534 815.4620 814.8427 816.8561 825.4167 842.5985 875.2460 891.0338 904.9881 899.3139 902.1902 938.6896 949.3148 915.8745 892.2933 885.4628 898.5952 931.2120 958.2757 961.5828 955.4121 915.9069 880.5428 862.5081 879.7652 913.7646 951.0065 945.1223 919.7083 920.9254 909.6537 900.4292 907.4326 905.5208 902.6429 875.5998 870.7400 878.3932 873.5107 871.5316 886.9761 888.9432 883.7520 892.6941 902.7976 929.1033
1159.2816 1128.2266 1090.1614 1063.7267 1029.5916 1005.6492 1004.7040 989.8821 972.0694 965.6362 957.9567 949.1250 941.3092 940.4672 933.7438 937.9217 943.3681 932.1428 932.3118 936.9535 943.9380 933.1357 905.0609 884.9570 866.8414 859.5835 871.8202 882.3192 883.7559 879.2034 873.9185 870.8725 859.4505 859.3217 869.3443 860.7208 854.7007 872.4001 879.9097 864.8805 858.1786 874.7558 891.2159 890.9763 873.7595 852.2551 850.4427 854.4066 845.9633 831.6580 822.6978 822.4876 834.4722 831.3947 828.9119 822.6507 820.2761 817.4802 815.8741 814.9242 813.4066 812.2153 811.7816 812.8036 815.3038 813.1026 811.6241 812.8342 813.1100 812.6553 813.8821 816.2888 811.8557 812.2115 812.5562 811.7162 812.1360 812.1274 812.8001 815.1070 813.1791 812.5490 811.9808 812.3814 812.2253 812.8054 814.1866 825.3480 848.4492 869.5027 907.7064 931.0649 943.8187 973.9473 972.9243 915.8798 871.6675 857.9378 869.9869 903.0767 912.0514 907.3036 924.6837 895.7957 858.3793 856.7147 880.2895 892.6298 910.5112 912.9189 884.0189 873.2704 876.5612 862.0363 857.4376 864.1764 877.1140 864.8956 848.9595 851.0341 854.4725 852.9318 859.2038 862.9716 863.4468 871.0614 874.4573 885.6376
1087.5983 1064.5558 1033.7214 1014.4883 998.2773 985.9434 984.9249 982.7514 989.7415 1016.1518 1025.1451 1030.2216 1028.6243 1019.1224 998.4897 978.4243 946.2421 917.4014 905.3533 901.2630 912.7780 910.1637 889.1830 866.9548 860.0573 870.8236 893.2300 907.3089 904.9911 893.2830 889.5093 890.2364 876.2072 864.4871 873.8363 866.0580 855.1689 868.4141 883.3879 879.9360 869.1681 872.0242 883.7619 883.2726 869.8956 859.4518 869.6498 865.3515 853.5802 839.2844 826.0958 821.6470 822.3696 820.6169 819.0555 817.6212 817.0359 816.1321 815.9052 815.6108 813.8749 815.6077 814.5815 814.3001 816.1917 813.3469 811.5453 811.8337 812.7558 812.4091 813.4991 815.1434 813.0555 814.3947 812.3973 811.6429 813.4062 813.1343 814.1115 814.6655 812.2015 811.5784 811.6873 811.7818 811.0989 811.9990 813.7542 824.0087 847.6446 874.3264 901.2447 907.9996 927.6578 962.4607 961.8616 918.4670 877.9849 854.6179 865.9453 890.6839 878.1919 872.2638 892.3089 873.4994 846.4216 851.4142 875.5297 866.6805 873.7632 881.5205 864.6953 848.4758 847.3077 838.6353 835.3350 838.2569 840.1847 839.2287 838.1473 838.3608 841.9745 841.8140 843.0786 845.8459 847.5506 851.3709 852.9490 853.6799
1040.6290 1035.1838 1036.0763 1038.5117 1043.9052 1045.3157 1052.2087 1056.2517 1050.4457 1068.2916 1078.5291 1087.5909 1103.0858 1086.9866 1038.0909 983.8245 942.0395 918.9360 902.5125 888.0695 887.1643 880.1194 875.0417 877.9704 874.7374 879.1379 895.6764 911.4032 918.6701 911.5419 909.5497 911.2532 895.5629 877.1622 877.8317 871.9510 857.5892 871.1172 895.9001 899.7642 891.9360 890.3908 883.9081 869.7560 872.0920 879.3306 887.9882 878.5751 862.8465 840.8890 825.4445 823.0647 822.7293 821.8141 820.6794 819.2004 816.2211 815.2263 815.6902 816.1519 814.7122 815.1008 817.0798 814.8572 815.7621 812.9830 811.6125 812.1767 818.0219 820.2859 816.9625 818.7144 819.6663 819.8993 816.7178 813.9108 812.8161 812.8467 813.3813 813.7258 812.5438 811.6313 812.0967 811.4756 811.6957 812.6831 815.3855 828.0922 849.6708 867.8888 870.4848 875.1504 903.5236 931.4146 932.1469 916.2871 885.6307 854.0615 853.4080 872.0417 855.6431 848.9909 864.0042 852.4142 839.0878 855.7802 871.3887 856.4303 861.1065 871.6541 857.8559 839.8211 835.1387 837.2426 844.0686 849.5960 847.7150 842.5151 839.0106 840.5733 847.3369 847.9783 849.7147 850.7077 848.8300 849.4274 848.7228 851.0804
1062.4980 1063.7252 1088.9828 1097.6458 1086.8378 1065.1307 1074.7233 1097.1697 1092.5670 1100.3569 1116.6395 1118.7019 1136.8752 1125.5743 1084.7606 1028.3451 971.3959 927.2202 902.9742 896.8984 900.5726 884.9580 888.5279 904.4001 901.2468 900.8703 914.9564 926.9705 934.0468 932.3442 932.4451 934.6859 913.3901 893.6363 893.8818 885.1739 867.0576 876.5632 896.8297 890.0908 881.2816 885.3101 871.9868 854.9136 868.0906 886.4365 890.6235 884.0114 861.0969 835.9687 824.0506 824.9102 825.8318 824.9725 822.6690 819.1508 816.7925 816.6014 816.1964 817.4854 816.1525 813.8136 813.0784 812.6805 812.3300 812.0622 812.0844 812.0645 817.0605 827.2996 828.6736 832.8031 837.8273 835.5130 823.8192 816.5158 813.4364 812.2180 811.8171 812.0729 812.2009 812.8453 813.3976 812.4590 812.7265 815.0096 815.8914 818.8635 832.5190 840.3363 841.2630 859.6890 875.2137 877.1923 868.8766 880.3197 877.1049 852.3598 838.0574 854.5289 854.8245 839.6718 846.5746 839.2915 847.5416 867.5387 871.3651 850.3607 844.1890 849.2402 838.1317 830.4539 841.6166 853.0977 856.6856 859.8387 863.4140 860.3067 851.2111 851.0964 865.1398 870.0685 871.9231 874.2973 871.9485 869.2690 863.2588 861.6765
1105.1211 1099.7551 1106.0721 1082.4645 1051.3118 1024.5291 1042.0385 1088.8270 1125.1401 1150.3585 1162.1691 1133.1577 1113.8202 1097.4413 1062.4559 1033.4070 992.2134 947.0773 927.5217 923.4690 916.6547 892.8388 906.8433 932.5048 939.9529 933.9408 925.9901 921.1314 924.7353 928.9299 934.2540 947.1952 927.2851 910.0634 914.0266 904.1067 885.2118 887.8726 889.2847 872.6423 856.4565 866.2842 864.9468 850.1351 861.0815 871.6689 869.9119 867.6056 849.7578 830.0231 823.7731 824.5255 824.9299 825.1699 824.1384 822.2390 817.0703 815.3986 817.7779 818.1271 816.2825 813.9715 813.1618 812.2028 811.9435 811.9464 812.0394 812.2884 816.6567 831.2991 846.9047 856.8695 862.1530 851.8766 833.6127 825.7713 817.7071 814.7297 814.5198 813.8936 812.9847 814.6595 815.1630 814.3527 813.7079 815.9507 815.6102 812.4186 812.9737 816.0549 820.0812 823.5323 823.6937 825.0222 829.3739 845.0076 863.7943 861.2402 839.6618 846.3795 857.0398 837.0139 828.8658 837.4028 858.0878 861.9937 847.6757 833.4017 827.3170 827.6988 828.1994 830.8092 846.9919 855.4456 852.4221 852.4572 865.3044 874.4095 869.5455 868.3043 883.6149 891.9153 895.5037 898.5126 896.3130 891.7891 885.9877 880.8730
1085.9342 1088.9202 1066.6086 1040.3082 1015.4741 996.4905 1023.9001 1071.7446 1116.2351 1148.1665 1152.2552 1102.8196 1061.6379 1042.4995 1008.4037 1003.4929 986.3452 965.4245 958.3383 953.6762 926.4006 904.4114 921.4445 948.4602 958.1350 937.5478 919.6072 893.2282 883.1190 886.1107 902.6473 935.4117 929.0449 908.3179 902.3552 905.4304 899.2639 883.2794 879.7156 870.3837 850.7411 849.5176 854.4612 844.8080 851.4795 854.7098 847.4349 843.3195 832.7921 822.8859 821.8583 823.3356 824.1506 825.4617 825.7894 823.8008 819.1230 813.9864 814.1801 816.0787 817.7734 817.4169 814.9850 812.6396 812.1130 812.4134 814.3932 815.5550 820.2089 843.0860 868.3499 884.3701 883.0236 862.6948 848.0079 841.3981 827.1920 821.1562 819.7197 816.6943 814.5323 815.1034 813.9011 813.6697 814.1978 814.7067 813.4431 811.3019 810.7814 811.5744 812.1348 811.7352 811.8901 812.7120 814.2138 819.5143 844.7934 863.3132 840.9396 825.5773 828.2290 824.3516 821.6182 831.9875 841.0903 834.8073 826.0852 825.9012 827.6846 831.9141 835.4427 837.6289 843.9641 850.7252 851.0081 857.8636 872.9313 880.8289 869.6275 874.3569 893.8222 903.9984 913.5524 914.1541 910.1986 911.2361 902.2129 889.6010
1044.2998 1037.4739 1009.7543 993.1053 988.6804 981.3696 1015.5828 1058.9645 1106.2032 1134.9374 1129.5105 1082.2329 1020.8839 980.9507 972.8453 991.6879 980.7135 981.8421 991.5728 974.9203 939.0367 938.5741 948.5796 953.0849 953.6458 925.9686 917.7541 893.9151 862.9788 860.9706 880.1760 909.9803 914.3813 888.5428 871.4266 874.6733 882.0507 864.5077 867.6051 876.9798 860.7286 840.5070 835.1799 834.9780 842.0762 843.9141 836.5919 830.5634 824.8491 819.7715 818.3738 819.5641 819.8636 821.3676 823.3296 823.2568 818.7155 812.5303 811.9250 812.6929 815.7097 816.2682 816.1412 813.5091 813.3580 817.8729 832.1075 835.2070 830.3070 850.6489 875.9187 889.0071 888.7380 875.5778 864.6382 849.4987 830.4962 821.6295 819.3718 815.0211 814.9775 815.2825 815.1760 816.2766 815.3515 814.7587 812.5797 811.4181 811.1087 811.3454 811.3903 811.3932 811.4684 811.6847 811.8702 815.3079 841.2343 850.6679 829.1149 818.0952 817.5576 820.3349 821.0945 821.2366 822.7022 825.6437 829.1054 836.3118 843.8167 850.0772 855.3683 856.7154 861.7667 870.3255 868.8663 870.8964 879.4438 876.0812 855.7538 864.3109 884.8705 892.9160 909.4586 900.0544 893.3482 905.5768 893.6662 882.0934
1011.8531 999.6343 982.8362 968.5894 959.9688 971.5355 1015.6887 1064.0980 1092.8301 1074.4718 1067.0803 1018.7492 970.3257 946.2875 940.9510 952.7285 935.7196 955.3610 977.2092 954.9033 927.3501 954.3213 953.5926 922.6940 931.8319 915.5619 888.9708 870.3682 856.0950 854.9105 876.4178 897.9625 907.3313 887.6926 863.8003 856.4979 871.4319 859.3043 859.6843 875.8367 868.3866 845.3381 830.0764 833.5695 838.0482 836.8619 831.9913 829.6506 826.0875 819.8754 816.7729 816.4346 817.1938 816.1876 817.2016 822.0244 818.2422 813.6115 812.8264 812.7461 814.5430 814.0594 815.0032 814.9010 823.6854 834.0780 845.3296 853.4194 846.0918 860.8860 866.6707 868.6236 879.8045 879.6777 862.8024 843.4670 827.9296 819.6404 815.6407 813.5804 815.4876 816.4666 817.0976 816.5223 817.3729 815.8795 813.4839 812.4249 811.3085 811.4858 811.4716 811.4530 811.4817 811.6230 811.7515 814.6423 833.8683 833.0900 818.9239 818.6019 825.0905 825.3653 822.0097 824.8458 828.5053 831.6129 843.5691 849.9003 860.2185 866.7720 859.7407 854.9272 858.5270 865.2479 864.2432 857.8399 861.0136 852.7028 844.3762 852.5477 867.3343 879.1599 893.4037 880.2708 876.2523 885.2282 871.2334 878.3846
1031.0634 1011.2669 1011.9543 991.0713 965.5056 970.4548 1005.9474 1039.3346 1050.5083 1020.9501 1029.3140 1004.6382 953.1622 921.8825 898.7761 892.9094 895.2886 928.7176 941.7341 915.1845 899.0007 925.1418 930.8270 900.6582 911.5910 913.6559 883.3450 857.4966 844.9236 848.9595 872.9757 894.1889 897.2594 880.7436 861.9539 850.8632 869.3724 861.8544 851.8052 860.7785 854.4866 841.4044 828.5746 833.0670 834.4865 828.8635 825.8250 823.8939 822.1195 818.3450 815.7909 816.3143 818.6123 816.5176 816.2909 818.2518 818.5067 817.2143 816.8574 816.3882 816.2045 816.2399 818.1075 819.7172 841.7723 851.1098 856.0997 864.7664 865.7275 877.1790 866.6937 851.5767 861.4244 869.1425 855.7227 836.0571 823.5506 816.6207 813.5962 812.7415 812.7293 814.2960 812.9567 813.3337 816.4398 816.5994 814.8328 814.7776 812.4578 811.7690 811.5146 811.4041 811.4640 812.5560 814.0300 817.5864 822.6819 819.5219 817.1269 824.4594 839.7208 842.0545 837.3006 831.8569 833.7869 845.2376 855.3510 860.1043 864.4013 863.5029 847.5215 840.4234 836.1759 838.1804 838.3418 835.9603 839.0045 845.3562 857.2715 863.6168 870.5776 882.2573 890.7397 875.5261 861.4003 860.6339 867.1667 887.4182
1066.8855 1057.4380 1043.1134 1011.1096 974.3002 969.0342 1004.8896 1011.6048 991.4745 966.7635 968.4691 967.8707 935.3412 898.4223 887.4659 874.0668 881.6566 911.6735 924.1429 899.3320 883.0862 907.6138 913.6198 881.2773 885.8065 907.8185 892.2708 862.9279 844.5104 845.3447 863.5735 878.0554 882.9664 868.9701 852.8726 846.7476 866.1824 861.1782 845.9004 848.3664 839.8798 831.1892 826.7140 830.0158 828.9338 823.7346 820.0899 818.2754 817.7707 817.1999 816.2367 819.4895 818.9988 817.6845 817.5910 817.2244 817.4532 819.1914 819.3716 819.5854 819.7800 817.5372 816.3599 824.9643 852.2311 849.7422 852.0635 859.0444 865.2255 886.1868 879.8774 847.9872 841.2985 854.8728 857.2413 836.9508 820.6835 815.3470 814.3210 813.1401 812.0371 812.6909 811.7502 812.4114 814.8998 813.3360 812.4936 815.1111 814.3102 811.9980 811.8120 811.5243 812.0243 814.1149 816.3254 817.7589 818.5526 821.6456 817.7894 821.0546 832.2516 838.3304 847.8174 845.7843 840.7186 844.3309 842.3260 843.9614 841.4249 835.8943 829.4495 834.9939 841.0245 842.2770 838.6247 832.6885 830.4376 842.3496 860.9863 872.8438 880.3686 889.1042 890.2863 873.4682 852.7291 857.0803 878.8411 895.5323
1026.7780 1046.4376 1034.7870 990.9502 945.8519 953.7612 998.7491 980.0867 944.4466 922.4078 902.7704 898.4354 887.4752 874.9857 875.3140 870.7328 869.8338 887.2496 896.0787 876.6470 871.1076 894.8762 896.2617 869.2023 869.5356 886.3522 879.7600 860.0695 846.6523 841.3107 853.9539 868.6327 879.4666 871.4034 851.5466 844.5617 864.1533 857.0475 840.9775 840.4612 837.7490 831.5353 825.7184 826.3027 824.6439 821.2609 818.1456 816.3945 816.3649 818.3169 819.6852 818.3602 816.3260 815.6698 814.6241 816.2698 816.7713 818.4149 816.4756 818.1859 819.7751 819.0156 815.6573 826.2295 855.8040 850.3567 846.8768 849.7471 859.8046 883.4789 878.3727 852.2339 836.0156 841.8490 854.1690 841.3538 823.3511 818.0718 818.6016 814.3964 812.4263 813.0880 812.0727 812.5226 814.3390 813.3054 812.2570 813.3922 815.0621 812.5011 811.9312 811.9038 812.7326 813.9419 813.4046 815.6731 821.3630 821.3806 815.4233 814.2263 816.7739 818.1716 826.2286 828.6963 825.6037 826.9734 827.8174 828.5300 828.3218 828.3121 829.1353 846.5499 862.3381 868.6462 866.0949 856.8880 845.8790 837.4702 839.0675 848.5139 855.9518 862.3091 861.6611 852.7977 845.5663 859.1473 878.3992 887.0016
951.5454 996.7535 1018.3229 972.6814 923.5104 928.9536 970.3251 973.3569 932.3522 906.1285 887.2502 876.0960 871.5300 867.5084 863.2001 859.2612 859.8862 863.9970 868.4062 861.1364 855.7116 865.1360 862.2149 852.6588 864.9707 876.5189 869.6328 858.7072 847.9540 837.3940 848.3588 866.1572 876.0947 863.0682 845.8181 840.6555 853.4573 846.9261 838.7632 834.1183 832.6671 833.0006 827.3026 823.3973 823.0104 820.1161 817.5873 817.0613 816.8751 817.1077 817.3495 818.8979 816.1403 813.6276 813.7498 814.6489 817.1371 816.0504 813.1361 812.3844 813.5214 815.6776 816.6603 828.2291 858.7281 850.4815 840.4099 849.2799 864.3118 875.0268 862.6891 854.7869 850.9332 839.2302 838.6100 840.6735 830.5989 823.5202 821.8123 816.9326 813.6761 812.5815 812.4858 812.9337 813.8226 812.7059 812.3871 812.5938 814.6528 814.3836 812.3491 812.1487 813.4970 813.6954 812.6784 817.6349 821.4025 815.0980 813.7054 816.2925 817.1805 816.1303 817.1801 825.2672 836.1457 845.4006 850.4628 850.6937 850.5148 850.6345 840.9962 841.1132 861.8575 880.0963 885.8716 882.1797 871.7920 857.1776 844.5499 836.2903 835.4777 837.9331 840.1692 839.3567 840.0295 846.2361 854.9988 858.3649
908.4186 959.1680 976.3934 940.6393 893.5004 892.8223 933.5925 961.5280 937.1572 909.1154 902.0544 894.0391 891.2706 891.6336 881.7938 862.2499 856.3179 855.2147 852.2062 848.5409 845.4242 844.2513 842.5912 845.1686 854.2269 856.7944 848.8590 839.7711 835.0302 832.0552 841.8124 860.6122 866.2929 853.9940 837.5607 836.0569 842.0623 838.4522 836.7568 833.4353 830.0264 827.7916 827.7209 822.5239 818.5123 818.1747 816.8572 816.3441 816.3239 817.2787 819.1052 819.9703 816.9026 816.0762 814.7816 814.9888 814.4471 814.8444 813.0984 811.8898 812.1245 813.5902 816.5856 830.0641 850.5060 846.6923 839.0861 852.0185 869.2443 869.2061 850.8547 856.7103 867.5481 856.7864 841.4626 833.9631 828.9487 823.4651 820.4017 817.0502 813.8986 812.8300 812.7680 812.7526 812.6945 812.5944 812.4826 812.4135 813.2990 814.5589 813.0641 812.3943 813.1458 814.1398 813.4142 820.3912 821.9353 817.3693 818.2737 818.6954 821.2515 830.2054 828.3428 840.3074 858.9798 869.8389 871.7630 869.3492 872.0278 874.9774 862.2647 845.3196 848.2773 869.2617 887.6620 892.5793 889.8948 883.1246 869.8607 851.5287 845.8059 853.7308 857.7073 857.6946 856.3374 856.2504 855.5059 854.6883
891.9923 928.8331 921.6396 890.9336 865.1767 874.7127 919.6674 939.4907 910.9155 888.6074 901.9550 915.0602 919.6559 919.1545 901.2343 874.1751 870.3992 868.6793 860.6155 856.3592 855.1782 852.6121 844.3114 837.0521 837.1585 835.6830 832.8512 830.7451 830.0386 826.7413 831.9451 842.4910 847.3794 843.5029 833.9541 833.9930 835.7033 831.0896 828.9589 825.1716 825.6219 822.7233 822.4705 819.8502 815.8544 816.1766 816.0485 814.5660 815.4739 815.9559 816.5521 815.8348 815.8751 815.0630 815.0513 815.4564 814.0753 814.0644 812.8562 811.9953 811.8721 812.4872 816.1655 835.7761 860.7961 854.5753 840.1439 845.7592 857.4053 859.1202 843.8671 854.5829 871.2322 871.7443 861.2392 848.1428 838.1914 830.2905 820.3759 815.9246 814.3870 813.5017 813.3151 813.1262 813.6744 817.1875 817.0129 814.1595 814.4246 814.2148 814.8444 813.7158 814.3656 815.1287 812.7261 815.0472 816.5008 816.1434 819.7000 819.8414 819.3085 838.0988 844.2551 849.0156 869.0200 880.8566 868.4858 857.6200 871.3875 885.9957 879.5329 862.0480 854.2649 862.6641 880.6240 893.3513 897.7844 898.5107 891.5435 872.5740 863.4838 873.3200 878.7374 878.7240 880.0570 880.6796 878.6060 877.1829
870.5717 883.6775 870.7794 854.9305 858.4273 882.4088 913.0270 919.6404 892.1528 874.8279 883.8222 907.2308 927.9493 920.2050 900.0637 878.0865 873.0006 872.1899 859.9632 854.3002 852.5310 850.5664 843.8473 837.1408 837.2058 840.7424 843.6472 842.5500 837.8423 829.2559 824.7202 826.2428 830.8682 831.4639 829.7326 829.1886 830.4593 826.9124 822.9055 819.4630 819.4162 817.4233 818.0109 816.3897 815.0117 814.6564 814.1789 813.7319 815.3970 814.7830 815.6412 816.0062 816.4971 815.5840 816.0174 815.7087 814.1566 814.3260 812.9669 812.8082 813.6642 813.1852 819.0024 847.9659 880.6188 871.6089 848.0815 837.3887 842.0145 842.9833 836.4930 844.9500 856.8871 861.4515 862.7258 856.0762 841.2585 828.8320 821.1880 819.6713 816.4341 815.6492 820.2047 820.0200 821.9289 831.4711 826.8952 817.4213 816.5881 815.4263 814.6441 814.8013 814.6903 814.5396 813.5285 813.6082 815.5043 816.5601 816.5582 818.0495 817.5987 826.4343 832.9594 838.3694 854.5463 864.3354 851.5906 838.3912 855.7333 873.8906 871.7350 859.5574 858.9329 866.4697 870.2670 876.7644 883.5731 891.4663 893.7876 880.6716 872.8633 876.6547 878.8112 875.3047 881.0037 888.7729 894.4791 895.0547
850.9506 853.4199 850.7576 854.4810 861.2771 877.9083 899.7280 907.1375 890.5338 877.1584 872.9271 891.7884 896.6284 900.0374 894.3113 876.9315 862.2623 854.4016 847.5838 846.3013 845.1823 852.6635 854.7472 847.8698 852.6017 865.4409 867.5153 857.5348 844.3535 835.2532 825.7429 822.1735 821.9118 821.9957 822.4156 825.6150 828.4259 824.7740 820.3140 816.5961 815.1454 815.9810 816.9787 817.2820 816.0605 814.1111 813.4461 813.0765 813.6859 813.7919 815.9026 815.8094 818.5032 817.1966 816.4775 814.5732 813.8627 814.2256 814.6881 818.2947 824.4822 820.3169 831.2057 856.8538 883.6515 883.6210 860.9474 838.6887 831.2445 830.9401 830.7316 831.5485 836.4645 840.7103 842.5632 841.9758 832.0201 824.3436 826.7940 827.1727 820.1146 819.5050 832.2067 832.5734 835.9587 845.5670 836.4522 826.0214 821.4548 819.8281 816.5189 816.1299 817.5580 815.8663 816.1724 816.6171 815.4965 815.2217 813.3323 813.6537 815.6019 818.9825 818.0463 817.0826 822.1923 829.0032 829.2635 823.1255 832.2139 844.0988 840.6365 831.9313 837.9266 846.8248 845.2660 853.7252 863.1569 867.8716 875.5369 860.4930 848.2192 846.4450 857.0602 858.7037 856.8984 867.8991 884.1276 891.6780
845.3171 842.6306 852.0109 867.4893 876.2667 881.8326 895.7215 889.1780 874.6670 870.8660 859.5148 866.2405 868.3509 881.2772 893.5975 889.1431 874.5457 858.5623 854.2059 858.9687 855.6353 864.5377 859.2554 856.9797 870.0553 886.9226 887.7101 870.1187 853.4088 835.6159 823.9478 821.2697 819.3395 818.5799 819.8181 821.7072 821.5212 817.4283 816.2112 815.6688 814.5746 813.7439 814.6608 816.5643 816.5247 814.5495 813.3636 814.2146 814.8047 813.3615 814.1309 814.4627 816.9596 815.5394 814.3002 813.9870 817.6772 821.7938 822.0631 834.7391 843.3196 831.5540 843.4796 864.5640 888.3365 883.6843 860.0631 838.8224 841.3552 848.9606 848.2034 835.9531 831.2806 832.3022 829.9036 825.9688 824.7858 830.2118 840.8365 842.5449 829.3422 821.5482 835.7444 839.8325 842.9090 855.4271 850.9314 841.2013 834.2949 834.4975 827.2867 825.7818 834.8547 831.3680 824.0489 819.9695 815.9614 813.9274 811.8945 812.1996 815.1272 818.3343 818.4366 815.1169 813.1367 813.7676 815.1011 815.5512 817.7382 822.3466 822.3165 817.6815 820.3967 821.8469 823.3950 841.0461 851.8042 851.8152 853.1085 833.1639 824.5153 824.1495 835.2715 840.2344 836.7875 849.9474 869.9476 881.0037
843.6497 845.9923 859.4391 868.9648 871.0784 873.8782 885.2940 877.2090 861.6397 856.5976 851.9388 852.8096 859.6284 865.1998 877.8614 889.3489 880.3990 866.0712 861.9808 861.9062 861.6693 866.9213 851.8952 853.9995 874.2547 890.0133 888.8843 872.8672 849.0475 828.3779 821.7180 820.5491 818.0403 817.2531 817.3018 817.7987 817.0593 816.1819 816.2318 815.4213 814.6086 813.0060 814.2455 816.4006 816.4370 815.1954 814.6371 814.9971 814.1768 813.3619 812.4282 813.5193 815.7874 813.3840 812.3458 815.0941 831.9707 842.6141 838.0841 855.1689 856.8439 843.2959 859.8561 883.1496 894.0040 873.2155 848.6342 842.2134 860.8158 874.0720 866.2734 846.9604 847.3320 848.0702 836.5972 826.8817 832.7372 848.2455 861.0885 860.6379 839.8463 823.1980 837.3275 847.1204 844.6945 859.1336 867.3528 860.6952 854.5417 854.1746 840.4946 832.7305 842.6824 833.8245 820.7526 816.6421 815.6578 815.5767 813.9915 813.4172 813.7609 815.0503 818.8904 818.3651 815.8802 813.8835 815.2383 815.3885 815.2247 816.6639 820.1758 821.0161 822.6031 820.0432 821.5364 829.4611 840.7282 837.1459 832.5533 822.9030 826.1701 824.5039 822.2205 823.9634 824.6668 836.6729 856.7718 870.0640
837.5245 847.5189 856.4183 852.2445 865.0512 881.9300 884.4475 877.4949 867.3384 853.3344 845.7502 847.0676 859.7133 853.0130 862.4324 876.9775 883.8851 874.9875 873.9601 860.4877 853.2478 865.4036 848.8298 842.0266 855.9766 868.1201 865.7438 854.0947 835.6316 821.8481 817.7665 816.8121 816.1497 816.1081 815.8128 816.1536 814.6598 814.4197 814.4266 813.3672 813.7198 813.8860 815.8272 816.6083 816.8324 815.7066 815.2537 814.2387 814.1636 813.4462 812.0189 813.5853 815.5983 814.3928 813.9617 820.2903 843.7765 861.7212 861.1799 869.5348 862.0142 853.1184 875.1460 897.0349 896.7834 872.6655 845.8749 850.2246 875.5118 889.3633 877.7994 862.7505 864.5869 860.0219 837.0303 830.5776 847.1444 865.2993 874.0593 869.3082 845.2202 825.1665 838.2402 856.7099 855.0375 859.6523 875.9939 880.3292 876.4061 870.7166 850.2212 838.0629 841.4553 828.4760 819.7615 819.0406 820.5024 819.7220 816.4859 816.2522 814.4684 814.8867 817.4927 818.3385 814.9852 815.3232 817.3533 817.0696 815.9127 817.8970 821.5801 820.1884 819.8276 817.8635 818.6252 818.9523 821.7573 820.6777 822.1724 826.0140 826.6731 820.0157 818.8059 821.4125 820.2897 824.3931 837.8307 850.7808
838.4069 840.1132 846.3204 841.7419 857.3390 876.9935 888.5395 892.1968 884.2281 861.8817 842.0873 846.0817 860.5737 851.2308 855.8026 875.4651 882.0497 868.7059 871.2818 862.3438 844.1556 856.7308 851.0747 835.9138 838.1637 840.7435 836.4987 830.8671 821.7446 816.9852 816.1290 816.1844 815.9745 815.5132 814.7679 814.2986 813.6987 813.4274 812.9766 812.8375 813.7599 815.2122 816.2410 816.5849 816.8094 815.8397 815.2393 813.7191 814.4503 812.7946 812.9130 814.4572 817.3060 816.7223 817.1306 834.1266 861.5990 873.2814 884.0138 874.5764 852.4227 855.2370 879.6725 900.6390 899.4008 875.2067 847.1876 852.1525 880.8419 896.7218 890.6978 880.7542 871.4231 853.6930 832.4443 835.5853 857.6226 873.8336 879.2503 871.6507 845.9537 827.3811 841.9564 866.9589 873.8018 869.2515 879.5458 888.9685 888.4471 881.1204 857.9033 844.9427 845.2228 830.1679 819.9690 819.7526 820.8999 816.8335 816.1055 817.6942 817.1634 817.1070 817.5749 817.7870 816.5665 815.6066 814.8304 814.8896 815.6633 817.2612 818.7769 818.2346 818.2995 817.2061 817.5380 817.6837 817.5245 817.2231 819.5561 822.9223 822.4379 818.6929 817.8666 818.0040 819.2034 820.7525 821.7644 827.4319
845.5237 835.3060 832.3029 837.4254 853.1450 859.7060 870.5067 879.1739 882.2781 863.9200 844.3076 842.1287 859.5291 851.2969 844.5679 864.2431 871.0376 856.9594 857.5681 858.0286 837.6886 840.0513 842.2758 828.8010 824.0136 822.1293 820.8140 819.7343 816.9760 815.9077 816.2968 819.2159 818.0058 815.7895 814.0497 813.7134 813.3693 813.1101 813.9539 813.5925 814.5205 815.9324 816.7050 817.0125 817.4979 816.2174 815.6577 814.6782 814.5780 813.2261 814.1622 814.6462 815.0759 817.6292 822.5341 848.7143 850.9677 853.1902 873.2542 866.2860 843.0583 850.0331 872.3002 896.4800 901.6099 877.6591 849.8282 850.5916 878.9518 896.1475 892.8724 879.4825 859.3499 838.2789 828.4534 834.6987 851.4353 869.2574 879.9568 874.3842 847.3367 829.5487 847.9391 875.1320 885.6530 883.9903 880.0013 873.9843 880.1276 884.0833 865.4555 854.1422 851.6945 835.2862 822.7762 819.8513 819.4728 816.9016 818.3846 820.0159 817.7565 818.4075 817.3453 815.9304 817.9647 818.3963 818.1638 816.8073 814.9043 816.7401 816.9769 817.0472 816.1337 817.2950 817.9678 816.8795 816.8271 816.7487 818.2377 819.5887 819.6420 819.1627 818.2429 818.6171 820.7532 823.2269 819.8582 818.5853
856.4161 842.6275 833.2007 842.1473 856.2301 850.2018 852.1178 869.2587 880.6614 872.0815 853.5051 840.4982 851.4119 843.9432 835.6652 847.7460 856.5333 852.4302 847.6040 855.1516 838.9631 825.8938 821.6694 818.7115 817.6288 816.1498 816.2786 816.9794 816.8873 815.3931 814.7364 816.1497 815.9510 814.2751 813.5073 813.4987 813.2775 813.2407 813.8544 814.8184 816.5328 819.7747 819.8123 818.4254 818.9131 817.0135 816.0233 815.6442 814.4158 813.9316 813.4661 813.5636 814.6397 815.4208 818.2082 833.8478 832.1053 832.8612 859.1613 854.4144 835.5064 846.4860 864.9505 890.5899 903.2747 885.0681 855.7039 850.2826 875.1271 888.6024 882.7172 865.7346 847.4676 834.1210 837.3575 845.7478 848.1038 860.0155 878.5328 876.0008 847.6516 829.3444 847.4675 866.9946 872.1933 875.5206 862.3093 856.0118 872.1868 885.1948 875.8211 868.2707 861.4742 845.1711 830.1877 822.3246 821.2169 818.7028 820.0555 820.3923 818.3441 817.8347 816.8235 813.9553 816.1934 819.5258 817.7813 818.5225 817.2452 817.5047 814.8618 813.8566 814.2614 816.6633 817.8727 818.0489 818.1033 818.3002 820.5781 821.3071 821.0094 820.2817 819.9896 821.0706 822.8257 819.8524 819.7706 817.7253
848.2287 839.4078 831.9366 843.1859 858.8451 852.9858 844.1116 862.4733 876.2582 874.8809 858.3452 842.1459 835.4969 828.8040 828.1852 833.5757 842.9919 848.8846 840.6364 845.8384 838.8114 821.3323 816.7988 816.1896 815.9037 815.6712 816.0242 816.6309 816.9266 815.1794 814.5701 814.6123 813.9883 813.6272 813.4785 813.4316 814.1202 817.0458 820.8157 820.0743 821.3212 828.2200 827.9544 823.7210 822.5798 819.7789 817.9603 816.2212 815.5113 814.9841 814.3545 813.6437 814.2451 814.1008 814.0576 815.8041 818.8580 821.0010 837.0149 836.5368 832.2916 847.9904 869.5343 893.0728 903.4193 892.3096 864.3301 854.1363 869.8742 871.0670 871.0696 860.8077 841.9527 839.6721 855.1892 867.9688 868.1247 871.4840 882.4988 874.4703 845.4419 826.1324 835.6627 844.6396 846.0919 845.3059 846.4416 860.7542 878.3318 886.5956 880.9771 872.2183 862.8013 850.9930 835.8106 827.1811 829.2581 824.3833 824.0790 825.3490 821.9401 821.7664 818.1080 814.6862 813.3447 816.4427 817.2924 815.9517 819.1049 817.7610 814.5162 813.5805 813.7601 814.6103 817.7734 818.3599 816.8135 817.5381 820.0253 819.5813 821.0712 819.7077 819.6744 820.4613 822.8466 818.6372 817.4647 818.7607
849.6627 839.1809 830.7626 844.6452 853.4136 849.7985 840.2082 847.6263 862.1833 876.1795 869.3739 855.4033 845.0775 832.5079 822.2025 821.9990 828.3679 831.0452 830.7483 828.1038 822.7476 816.6704 815.8774 815.7547 815.5880 815.3940 815.5917 816.0472 815.6290 814.7128 814.4891 814.3670 813.8831 813.6516 813.5879 814.0439 820.8362 835.4021 840.2515 829.2775 831.8154 844.0269 838.4434 829.9848 826.0642 824.5003 821.1121 816.9335 816.6503 816.7859 815.7907 814.3256 814.5957 814.3113 814.2911 816.0596 818.9888 818.0745 816.8934 819.8192 830.7498 852.7258 873.2576 890.7744 890.1812 892.3938 873.0436 861.1635 872.2865 860.7546 854.6779 848.1398 842.7746 855.9836 873.6992 883.1721 881.0243 880.2953 884.4224 871.7311 844.2289 824.5363 831.6592 841.0762 842.7216 840.7595 847.9153 868.3781 882.8563 882.7510 866.7805 853.2704 847.0308 843.3857 836.0338 829.9421 835.3751 832.9755 826.7512 830.7549 826.0590 819.8999 815.5572 814.0433 812.7651 815.9818 816.9028 814.1542 815.2217 817.8103 817.9408 816.4542 815.6379 815.4468 816.1690 815.8848 816.0192 817.5780 819.1606 817.6434 819.2842 819.5695 820.1867 820.0669 819.0777 816.8354 817.7849 818.1915
859.8363 843.0667 830.4137 830.7306 832.6371 838.6126 844.0211 839.3372 857.0828 870.4067 849.0970 842.1949 839.7767 829.8870 820.9205 819.1812 818.7221 817.4872 817.8367 817.6290 816.8480 816.5040 816.0708 816.3621 818.1492 816.2070 815.2039 815.2559 815.7134 815.5620 814.5075 814.3496 813.9706 813.8926 814.7702 819.6978 838.4701 857.0331 851.6555 833.6022 842.4053 856.4860 844.9494 830.2183 823.4630 821.8946 819.5413 817.8389 816.9608 817.4197 816.2745 815.3416 815.0934 814.6420 814.3963 815.0908 816.6821 816.0187 820.7755 829.6043 832.7628 842.8054 858.7986 874.5793 872.1545 888.4259 884.5449 875.0598 883.8737 873.8943 858.1673 843.9119 854.5674 875.2701 887.0525 885.5133 869.2215 864.0609 873.6572 864.8608 841.7808 824.6747 837.4673 856.5001 864.1636 862.9867 863.1948 874.5438 885.2889 879.1508 858.3220 854.8520 857.8829 857.2017 851.0959 837.0720 836.5432 840.5774 829.7877 836.1796 837.6776 826.7098 817.1600 814.5439 813.5667 814.7938 813.6093 815.0992 813.6431 815.7974 816.8810 817.3869 816.8926 816.8405 816.2122 816.7079 816.7296 817.4772 822.7917 818.8918 818.9874 819.2734 818.7682 819.1387 819.6336 819.5754 816.8442 815.8636
860.1816 845.4552 832.1791 827.9377 824.9290 829.9932 843.3647 834.3845 840.2043 849.1990 830.1137 819.9957 820.3398 820.5664 818.1082 816.9626 816.4950 816.2104 816.0882 815.9747 815.9059 816.0148 815.8950 815.9205 817.0777 816.5535 815.6661 815.1639 814.9567 815.4020 814.6868 814.3992 814.2798 815.5793 821.9010 830.6273 852.0844 867.8852 852.3022 837.9214 853.0245 867.8137 855.5327 832.8890 822.7941 820.8990 819.8414 818.6871 817.5937 816.8567 816.4853 815.7917 815.1475 815.0840 814.8262 814.6056 814.4908 816.6708 834.2472 853.2173 847.8809 839.3832 842.1915 852.0130 862.3544 882.0862 891.3214 895.3469 896.3077 884.4851 864.4473 851.5266 869.5318 886.4890 885.8331 874.2589 855.4627 846.0687 853.3219 850.9799 835.1149 823.4550 829.9888 851.2590 870.8467 879.5372 881.9269 882.6924 885.2286 883.6509 872.0723 875.0818 880.3696 875.7308 858.5341 839.4193 843.2646 850.3431 835.3580 836.1461 850.1082 841.9146 828.2676 822.0167 819.5950 816.7922 813.3032 815.5307 814.7139 815.6834 820.6179 821.5228 818.8501 817.6451 816.8577 816.8915 816.7609 816.3390 818.3849 817.3170 817.0568 816.7977 817.8563 818.6856 817.4796 817.0983 815.4830 817.5729
847.5786 843.4551 839.1144 837.1352 831.4474 822.8282 822.3119 820.5157 820.2946 822.6226 819.5051 817.6425 818.7089 819.5327 818.4654 817.6932 817.0608 816.9868 816.7124 816.7093 816.3505 816.0546 815.8948 815.7593 815.5648 815.9318 815.3756 814.8367 814.5250 815.0922 815.2568 814.8447 815.3192 821.6385 838.7394 847.1778 860.4637 872.1970 853.5598 845.2568 863.8292 878.0906 863.5782 837.6234 824.3078 823.0211 822.7487 821.0516 819.4795 817.5384 816.7208 816.6502 816.5125 815.8945 815.0904 815.1994 815.1370 815.6424 824.9781 839.9134 843.6960 846.8155 838.2317 837.6488 850.4952 862.8817 885.8470 904.8950 901.8641 886.9216 864.2928 857.4896 874.8162 876.6769 864.5223 851.8814 840.4680 834.0612 833.6334 832.7059 830.2878 830.9587 828.0128 834.6348 856.4760 871.4643 873.5681 867.0660 871.8812 888.7390 891.3702 893.0369 891.2126 875.4589 849.4023 843.5005 857.5479 861.6302 842.4650 831.9514 850.3646 856.1954 847.6950 843.1245 842.3760 834.2454 821.7141 816.0361 816.4039 820.2414 834.8944 840.2786 837.9489 834.2463 830.6975 831.1056 829.5448 819.5744 816.4632 816.3719 816.2327 815.1005 817.3471 817.6113 816.3463 818.8566 818.4387 820.2542
846.1055 844.8680 835.7758 833.7918 829.3160 819.7642 818.5339 819.0067 818.8671 818.2042 818.6814 819.1027 820.6750 821.2716 822.9917 820.4643 819.2383 819.7728 818.6278 818.2709 818.3773 820.1161 821.2244 820.4007 822.0430 825.8046 821.5052 822.6703 820.9008 815.9228 816.3771 818.2045 819.6041 829.6951 852.3995 867.8666 875.8048 876.7993 855.7440 850.0032 870.5785 881.9905 867.9378 843.6520 827.4454 824.5644 823.7224 822.1307 820.5052 817.7807 816.9774 817.0052 815.9644 816.1285 815.2888 816.2069 816.2511 815.7490 814.0725 815.7825 818.9246 824.2953 825.0673 831.3433 840.0917 854.3762 879.7166 902.3582 904.1198 893.9535 875.6290 863.2708 862.6865 852.2096 844.4676 843.1377 846.0340 849.0429 839.8821 829.8611 841.5608 855.8142 845.0435 829.8560 835.0209 846.6140 850.0325 853.6246 868.9929 889.3165 898.2952 897.4088 885.8525 861.0872 845.0065 857.6109 872.1570 868.7196 845.3597 829.2398 843.9073 860.6880 867.9476 870.0096 871.0187 862.7842 842.9631 825.6442 819.4471 819.2926 822.1348 830.8156 846.7761 854.1523 851.0294 855.3898 853.8530 838.5804 837.7642 833.9431 828.5406 822.8484 820.1221 826.6609 834.7466 837.7133 831.0640 836.3253
833.4852 825.5516 820.6970 819.9116 819.3770 818.9963 819.4390 819.8630 819.3222 819.1725 822.0376 823.6648 825.1579 825.7673 827.1791 823.9879 822.8505 824.7381 822.4642 820.4286 820.1352 823.6840 828.3376 830.4764 835.0418 836.1193 830.0807 828.1740 822.2722 816.7732 817.3652 822.7184 826.4137 840.3148 861.5116 879.1606 887.4242 884.9508 864.1665 856.4201 871.6345 879.4603 869.1426 847.6633 829.8064 824.5949 822.8931 821.5065 819.9152 817.5120 816.8430 817.7448 818.4758 814.8395 814.1994 814.3942 814.4357 814.2148 813.4716 813.8870 813.9863 815.2202 817.7239 827.4142 846.3137 854.0226 874.8198 897.9702 902.2990 887.4348 873.5896 859.1725 850.2714 848.3071 851.9775 861.9793 868.9624 862.6933 841.9420 838.9828 856.4767 867.6728 860.1220 837.5106 825.6335 833.0057 847.1697 861.5060 877.1257 890.2896 895.7939 893.1039 877.5504 854.4116 855.9907 872.9962 881.7563 871.3386 845.4764 830.5643 839.4323 851.7463 867.5155 880.9947 886.6964 882.4872 868.4489 849.0672 832.3323 831.7851 829.0311 825.3837 837.2000 851.6348 856.3961 863.5411 867.6530 868.3493 871.2920 860.5392 856.4827 845.9225 830.7932 838.9546 856.6995 850.5811 836.7410 848.9869
821.3257 820.7919 820.2776 818.5669 818.2741 819.0485 820.0156 819.2241 819.1310 820.7061 824.0065 824.2930 825.6708 826.0158 825.8555 823.4919 822.3378 824.6915 824.5585 823.1219 824.6386 825.8375 831.6404 842.2929 848.4773 845.0266 835.9500 822.7708 817.4759 816.9192 819.3549 823.0032 833.2318 848.5043 861.2216 871.8700 879.4298 886.6233 878.1637 870.2178 876.3787 870.8094 859.9381 841.4609 827.7052 823.5386 821.7578 820.2258 818.7388 817.1382 817.4200 818.8888 817.4448 814.9219 814.3062 813.9622 814.0557 814.0831 814.0668 813.9754 813.8296 814.2921 814.9880 818.2649 836.5179 854.3116 866.7763 881.7754 896.3350 881.4792 861.4603 848.0901 849.9269 863.3712 874.8513 882.7211 877.7107 857.1465 841.9324 853.6215 870.5784 876.9476 871.0994 851.6306 830.9866 828.6199 839.8846 854.1282 871.5303 887.0475 893.3124 894.5564 882.9929 866.0417 872.7825 884.3301 884.8738 867.5853 841.1378 840.7858 850.8875 849.9973 853.0658 867.9843 881.0785 882.0085 870.0408 848.8109 837.4044 848.6697 845.5185 827.3215 827.9108 838.0431 845.8071 853.8054 870.7710 887.9033 894.5710 888.8663 879.4194 859.1317 836.3334 843.0347 864.0075 862.4916 843.8352 847.9163
820.6949 819.7819 818.5556 818.1890 820.6301 829.7324 833.8408 827.2383 819.2928 819.8321 822.7747 823.5687 824.7842 825.1855 824.4617 823.8663 823.3691 824.3339 826.4490 827.4117 834.2018 834.2469 836.4373 853.1876 861.8270 854.8214 839.7605 820.2674 817.2070 820.3484 824.5840 823.6591 830.2332 839.3642 844.6691 850.5306 863.4792 882.6611 889.8294 885.3349 875.4519 855.3297 842.8888 831.6484 824.9986 822.6068 821.3275 820.2459 819.0469 816.9036 818.0863 819.5038 815.8796 814.2314 814.3959 815.0966 815.2881 814.6689 814.2230 813.7349 813.8710 814.1801 814.4602 815.2629 822.4622 838.8218 856.5807 872.4981 883.4913 875.5109 860.2394 846.0510 855.1938 878.3552 891.8279 890.9725 869.9042 848.8362 850.5204 869.7429 881.4859 883.5459 880.7087 867.5106 844.6038 829.9193 837.7468 851.9278 866.7265 878.1666 886.3412 895.0286 894.0404 884.8081 885.3873 886.2255 878.1908 857.3595 839.0949 851.3859 867.2502 866.0369 857.0284 856.0575 865.4674 873.1710 861.1776 844.1362 848.0277 862.6766 854.0637 828.9384 830.6719 848.1057 858.7872 864.3027 877.8668 891.5087 896.6871 896.0480 887.3615 868.1385 844.8653 846.8060 869.6002 875.0851 854.5345 847.5063
819.7313 818.6746 818.6462 820.0953 825.6873 834.1935 834.6572 829.8593 820.4321 819.7048 821.9315 823.0766 823.2248 823.9974 826.1105 830.2902 832.4500 831.8143 831.8880 833.5469 845.3839 844.5061 841.7294 857.8245 867.7023 851.0815 833.2919 819.4178 819.3094 824.2543 825.0723 828.4747 838.8020 848.6118 848.5767 846.2415 860.6203 883.2700 893.7122 887.6838 869.7902 844.2968 831.0709 826.3420 823.8310 823.8416 824.3043 824.5894 820.4542 816.3284 815.6066 818.5807 816.6996 815.4482 815.1475 816.5599 815.8853 815.0800 814.6985 813.9777 814.1262 814.3597 814.5751 814.8412 817.5449 829.9633 856.3148 871.1868 863.6028 863.2213 866.2161 852.6097 860.3279 884.8473 894.9722 883.6451 855.7712 840.7628 858.9276 880.9540 887.4318 888.0201 887.4825 878.5737 856.7931 833.3552 831.3559 840.9106 852.7460 857.8193 873.4702 891.3107 898.0564 895.7487 889.4222 873.9517 858.6924 842.8884 835.7169 850.2663 871.1408 878.2419 874.3547 865.2988 858.8600 870.5061 869.3799 862.4287 866.4424 868.0892 845.9088 823.5013 831.6388 853.1663 868.5894 873.6658 878.8783 880.4101 881.9290 889.9097 891.7712 883.1235 858.6218 854.8054 875.4467 884.2711 859.7993 846.5022
818.9307 819.4601 820.9213 822.8001 825.4839 827.2415 828.5220 829.5803 822.7272 819.5843 821.5800 823.1223 823.8637 825.0088 830.7520 837.9983 844.6523 847.6560 840.3028 839.5478 855.5123 858.0635 852.6279 863.0712 866.5269 843.8403 823.7380 817.8236 820.5515 825.3592 831.0090 842.4296 854.2893 868.8854 870.4417 861.7473 869.4266 886.4647 891.8802 883.8391 866.5421 842.9470 831.1968 828.2993 829.3159 831.4825 829.5878 828.9161 823.8282 817.2225 815.4880 817.5963 818.3021 816.2595 815.7653 816.4946 817.7473 815.8074 815.1675 814.3962 814.9435 814.9716 814.6899 814.6634 815.0006 820.7491 838.7379 853.5186 851.4832 863.8817 874.4916 860.6166 867.7966 889.2424 893.4426 873.5615 847.7910 844.3010 862.0205 883.3414 889.9730 890.2919 888.7489 875.5464 852.8896 835.7655 840.0739 840.2167 837.0244 841.9755 863.8862 886.2186 895.9796 898.5049 889.9703 871.5525 855.0488 839.2797 841.5880 848.6669 864.6652 879.9580 884.1879 880.4971 873.3893 879.8980 883.2787 876.9618 870.5613 856.5924 832.1119 824.0143 825.9204 833.2918 845.3163 851.1602 854.3529 857.6414 868.2474 885.6236 895.1660 894.3599 874.8379 866.8004 879.8972 892.0098 877.6313 861.7041
820.0355 820.8573 822.1276 823.0795 825.6286 830.0231 834.1103 833.2993 822.5519 819.3112 820.1450 822.9824 825.1632 829.0397 837.1750 846.5388 855.4681 859.7823 846.2320 845.8630 863.4232 870.3409 866.9963 868.0379 854.2231 829.7437 818.5341 818.7296 823.1425 826.4863 834.4111 847.3203 858.1815 868.0007 868.9443 865.4275 869.7241 879.2431 884.7411 875.8607 856.9796 841.3322 837.6187 838.7587 844.0143 844.5490 834.8249 829.2265 823.3727 818.9885 820.3735 819.8481 820.4279 820.2784 819.3523 818.3942 821.9622 819.1890 816.8752 816.6170 817.6625 815.9532 814.9374 814.8300 814.9987 817.5721 831.8538 846.1880 848.1726 867.5657 875.3369 866.8215 879.4623 893.6880 889.5390 864.8065 849.6589 860.3912 874.2763 886.0245 889.9367 883.6133 877.6244 861.2764 840.7038 844.2495 859.8854 861.2598 847.7109 837.8044 850.1659 874.7023 892.4559 899.0080 895.9028 880.3077 852.9247 843.5837 859.9763 864.3339 857.6827 866.8149 882.4045 891.1789 891.4892 892.0482 884.0881 867.5979 855.2733 840.1387 831.8713 841.9160 838.8705 831.2379 826.6167 828.8355 834.0137 849.1874 869.6819 886.5392 894.0936 898.3820 892.2846 883.2764 891.5280 904.3021 898.4117 885.8040
821.5300 822.3552 823.6390 828.3434 833.7854 838.5879 840.6219 836.7593 824.0488 819.6776 819.8906 821.5127 824.4827 830.8792 846.5436 860.5367 868.5067 864.7213 847.8260 854.2604 871.9908 877.7397 874.9146 865.3290 841.7047 820.6201 817.7971 820.2041 823.0715 828.1846 834.8380 840.7678 843.2935 847.4852 849.4365 849.9751 853.1611 859.7512 870.3454 866.2297 851.8130 848.9302 852.6204 856.9969 862.8011 860.1995 841.3549 827.7712 822.1849 821.0894 831.8113 837.2595 840.3165 835.7110 824.0618 817.6269 819.8867 821.8292 817.9300 818.5095 816.2271 814.8080 814.8672 814.9044 814.8210 817.7328 833.0558 842.0459 847.4899 869.8652 879.0044 879.8500 892.1998 897.0208 885.0518 858.2070 851.2297 867.9011 885.3441 892.5148 888.8899 872.7806 857.0482 845.8212 838.0261 853.3090 872.8611 877.8411 868.9335 852.2571 843.1609 862.9353 886.5920 896.9505 896.0550 876.7990 848.0623 850.1575 867.9166 875.8419 867.6417 863.2282 870.1826 888.8983 899.8016 899.7400 889.0792 868.8117 845.8157 832.8364 843.5295 859.6116 860.5367 850.4500 837.2966 830.6996 827.1438 838.0488 856.8279 870.8536 871.7108 870.5744 870.4196 872.5550 878.6705 886.8004 892.0453 886.7407
824.2620 826.2958 827.9678 834.6133 840.4488 845.6751 848.2797 845.9911 830.2013 820.7052 820.1198 820.7544 824.4508 832.4609 852.1377 869.9958 875.9283 863.2637 848.2067 860.8656 875.9427 874.9489 864.1490 840.5761 825.4671 818.2205 819.4045 823.7250 826.2070 830.2353 840.8495 849.9248 849.6558 848.3015 857.4928 869.0251 872.2815 862.0850 869.1431 872.5854 862.4705 857.0267 855.7833 859.5926 866.0261 864.9474 848.3281 828.1926 821.3394 822.0289 832.7133 847.4214 857.1622 849.0677 826.9492 815.5714 815.8368 818.5201 818.2363 819.1602 815.7086 815.2606 815.0067 814.9321 815.0309 818.6727 833.0582 837.8836 844.3872 868.2380 885.1784 894.5582 899.3749 898.4534 878.4130 857.5701 858.1313 869.7855 891.2783 900.5593 892.3740 876.2029 852.2630 837.5601 841.4496 855.1614 875.8195 888.3050 885.8048 869.2007 845.8485 854.6489 880.4683 894.7521 894.6041 871.6858 847.0547 850.4655 865.5402 882.9166 888.5780 885.2595 881.8641 890.3568 904.8593 904.0872 890.3160 866.5274 838.6885 837.8798 859.3325 874.6722 872.1340 860.2923 851.2014 845.1016 831.1547 827.7037 835.5530 845.0673 847.0386 848.6877 848.9548 852.4641 859.3637 863.8226 865.8804 865.3944
827.4720 832.7832 835.1720 834.3908 843.2535 853.8734 861.4344 858.2814 837.2348 821.9830 820.3795 820.4535 823.4343 831.6584 849.0596 867.4445 875.8035 864.8668 852.2581 865.0577 872.9186 860.7235 851.0474 829.1511 818.6570 818.5740 820.3934 827.0074 835.2151 837.5721 836.4944 845.0480 857.1817 859.4907 864.9346 880.0426 888.5517 876.8325 881.1738 881.8210 866.1005 849.7427 843.9847 841.8475 847.3503 851.4918 841.9676 825.7023 826.7180 828.7447 825.8542 837.6868 856.1725 856.4829 834.2388 816.5695 814.3631 816.2119 817.9296 819.6378 819.3766 817.5108 815.7288 815.5692 815.3754 818.1014 825.4761 829.6107 839.9100 865.8491 885.5752 896.8336 900.7504 900.0199 884.2059 876.4136 880.9855 884.4783 898.0580 906.3947 894.5189 876.6655 850.1760 843.1342 859.3928 868.8795 883.2526 898.3424 897.9950 879.4976 851.3640 848.4130 873.6136 893.2310 895.1854 869.8641 852.5610 864.5206 875.5129 889.2123 905.5903 909.3079 903.1686 900.3409 901.9084 896.8331 882.9350 859.0876 836.2882 847.9464 873.1956 885.3508 878.0431 868.8500 862.7523 852.4097 835.1147 827.6967 827.2378 835.8298 850.8387 859.7311 863.0388 862.9377 859.7917 854.9634 852.3394 860.5735
833.1437 837.1256 841.5407 835.1982 845.6879 863.3415 871.1286 863.8750 839.6215 822.7883 820.4879 820.8964 822.5746 827.4072 840.4451 860.4740 873.7878 870.7964 861.9728 872.7313 875.2197 857.3180 838.0993 823.1622 818.9674 820.4878 822.3193 829.7789 845.6416 857.9137 852.7922 844.1695 844.1130 851.0948 862.1843 880.0381 891.6407 893.5740 894.0303 886.3787 868.9259 863.0319 858.3455 846.3977 835.7699 832.6498 827.5029 823.8929 836.0600 844.3195 837.2135 829.8261 840.9398 853.3409 845.1284 828.2673 820.0491 815.6287 816.9423 820.6716 820.7462 818.2876 816.0796 815.6840 815.4876 817.1965 822.2508 826.2499 839.5577 863.9211 883.5234 888.7774 884.6812 894.6332 892.7076 893.0275 898.3762 893.0729 894.2588 902.5121 889.1180 869.5833 847.8763 846.5481 867.8223 882.2041 892.5545 905.6738 908.9234 891.4766 862.8139 846.8594 867.1062 892.0289 901.7728 883.2748 871.6215 884.1775 895.7126 902.4376 913.3089 915.4639 904.0789 885.7224 871.2673 865.5154 857.2046 840.9166 834.4766 856.2263 882.2640 892.3685 886.6193 877.3444 864.0076 847.3906 843.4810 846.4304 834.4518 834.1089 852.7961 865.3031 869.8500 873.3563 872.2849 867.8450 864.8860 873.7097
838.2332 847.9029 852.0541 840.2984 850.5618 867.7675 873.8153 864.5446 840.9514 823.6970 820.9360 822.2214 822.4033 827.4055 835.5233 851.9435 868.2703 874.2781 876.0392 879.3600 877.9259 864.7133 837.6667 820.8005 819.3456 822.7504 825.8513 829.3985 840.5757 857.2910 867.6315 863.8118 849.3198 853.4385 871.3672 888.4207 902.3420 911.5247 914.3593 903.7244 889.8895 884.1720 871.9479 853.6812 840.0703 841.0972 836.1666 825.9468 837.4077 852.9532 852.7841 838.8102 829.2669 842.0518 851.5925 847.9750 840.5052 824.6789 818.9695 817.5536 817.5228 817.2181 816.4142 815.6961 815.7089 818.5794 823.0983 825.9267 838.4418 856.9640 873.2933 871.7661 863.7504 873.4935 871.0817 872.4059 882.1491 874.3695 879.0883 897.5574 890.0484 872.3401 856.6166 847.9513 852.9514 865.8282 876.7890 894.6913 907.9036 898.7850 875.1155 852.0420 860.7877 888.6567 905.0549 894.0609 888.1333 900.2313 906.2517 901.3000 895.5101 884.7769 871.7031 855.0522 846.8696 846.5618 847.9039 840.8382 836.1557 858.7579 884.7091 893.5781 888.1062 873.7145 852.1237 850.9540 865.0223 863.6885 844.3466 830.1202 837.7591 845.6130 849.2233 852.4586 853.5844 854.2947 856.7535 866.6168
846.5914 862.2551 860.4700 847.1830 859.5572 871.7233 874.3524 863.3909 840.8607 824.4692 821.5487 823.1519 823.6639 829.4426 835.0314 842.7190 856.3031 870.1619 878.5255 879.6942 875.3845 865.2990 839.4116 822.6523 820.8122 825.8124 833.5349 834.5494 832.0886 836.2350 849.2549 861.1460 868.9269 867.6146 878.9454 896.0184 909.8656 914.7945 917.8881 915.4953 906.3199 891.4945 868.1636 851.9488 850.1335 852.6810 844.9583 830.0507 834.3574 852.7179 858.7413 852.4581 837.8796 832.9686 842.3898 847.4583 851.1028 846.4313 837.2219 827.8513 821.1225 817.1099 816.5385 816.2120 816.2263 820.6757 824.7330 824.8396 832.6968 845.6012 850.3284 846.4324 845.7062 847.9996 843.7953 845.1842 851.7031 855.4023 875.0823 899.2989 901.8112 891.3342 878.7126 860.5786 852.6534 856.4456 868.4653 888.6278 898.6765 893.8157 877.7419 855.5006 853.5079 877.9637 894.3527 884.2258 879.5532 897.0459 896.0126 880.2804 867.1319 855.6422 848.5790 850.5219 856.3698 865.3127 871.0134 860.4213 841.2797 852.4324 876.7032 885.7018 881.0936 865.2245 850.0171 864.6355 879.0231 870.4239 849.9531 832.2935 836.7318 846.0059 847.8257 846.1691 845.5396 844.5690 844.6900 851.3932
849.0684 864.5378 869.8068 866.8710 874.9199 877.2590 874.3444 860.4035 841.2761 825.4094 822.5885 822.6519 824.2031 830.2185 839.5591 843.6697 848.7739 866.1405 878.5178 876.0142 863.5654 856.1757 837.6572 821.5945 822.1982 831.1324 844.0613 849.8207 842.9800 833.4023 833.1680 847.5772 868.3933 870.2763 880.2585 898.8510 911.3068 917.3115 923.0439 924.5347 917.5222 899.0100 876.7227 867.3530 862.6747 852.3039 843.1696 830.4859 830.9037 849.3704 858.5103 858.2464 849.8715 833.7720 830.3715 837.3107 845.2487 850.8257 849.8476 836.4434 822.2599 817.5953 817.5033 817.6772 817.4955 822.0545 823.6478 821.3982 824.3983 829.6372 833.3929 834.3564 835.8282 838.4374 837.4417 834.1858 836.6638 851.9652 873.3404 892.0343 903.1627 905.8020 895.1068 876.9624 872.0484 871.2321 874.5040 887.5555 886.5473 874.3708 860.6870 849.1154 847.2487 861.4979 874.1851 868.3834 865.9229 886.0392 892.4301 882.8976 868.5241 850.6464 850.0609 867.9601 878.7496 883.4332 883.0388 867.4500 842.8564 842.7945 859.9166 873.8497 875.7311 864.7251 854.4048 872.2969 883.6863 875.1896 855.3981 836.2006 844.4867 862.8845 866.5294 865.8326 866.7529 863.1460 858.3475 866.4681
852.0618 855.2281 871.5204 879.7128 882.0509 881.7618 875.3426 863.8243 842.2440 824.9597 822.4781 823.1600 825.2481 831.8111 845.3477 856.9994 857.8409 868.7888 879.3606 877.1307 865.0856 849.6659 831.5964 822.0645 823.1296 835.7064 853.9932 863.9381 859.3713 844.8498 833.3129 836.2827 847.4787 855.3806 872.8420 891.2580 901.1879 915.4482 928.9329 933.0172 928.2717 911.5831 893.8612 877.7352 861.9998 850.6978 845.2198 829.6770 832.3930 848.4681 858.6405 860.1997 855.3199 840.2656 829.6978 840.9696 856.9963 862.4401 852.0425 827.8533 817.3535 817.2775 817.0386 817.4677 817.0710 818.5083 820.2754 822.6255 824.8013 834.7633 844.9080 849.8077 855.6196 861.6674 858.3607 844.8279 837.3347 842.2101 850.5684 866.9770 887.7448 902.7775 900.1379 884.6342 877.6852 880.4031 885.8729 888.8432 878.0117 864.7684 858.3493 859.0599 853.2009 849.3618 852.7341 854.6436 863.6701 885.1620 897.2081 890.5656 872.7947 857.3425 856.6149 875.1607 884.7807 879.9365 874.2216 854.5207 841.1573 842.0370 846.3661 859.5383 874.8824 874.5631 859.2849 872.7848 884.2913 877.1172 859.6147 839.6389 844.5946 866.6130 876.7497 881.1730 884.8044 882.8263 876.8484 885.9376
866.1066 856.8197 865.9265 880.9568 885.2975 881.8585 867.0598 854.4240 836.6968 824.0410 822.1602 823.6006 826.5824 836.1144 846.6634 861.0763 870.4471 877.7432 883.3852 882.3443 873.3616 853.5716 830.5469 822.8558 823.5342 837.4999 859.0907 871.5037 868.3109 854.0779 847.1677 842.0582 836.2156 840.8693 856.6597 870.0001 882.5864 900.9296 919.0975 931.9626 935.6647 921.5673 899.5124 880.1750 866.0511 855.6445 842.0157 829.3554 831.2560 848.1317 860.5421 863.9313 860.4984 848.7260 834.2189 845.2335 865.1212 869.9077 856.6193 827.6942 816.4813 816.2406 816.2527 816.0590 815.9282 817.4082 820.6763 827.5051 830.5968 835.6761 852.0358 863.5704 871.9930 879.1003 876.5333 857.4208 851.7261 858.4882 854.4111 848.5922 863.7812 883.9393 882.0383 864.0162 862.3362 879.9386 897.9585 901.3118 892.2704 885.1473 880.7427 881.2692 875.7995 868.6690 868.8880 868.8328 874.6274 892.2924 904.7683 897.3271 882.2285 872.3687 869.0296 879.7609 884.7288 868.7323 855.2771 845.5710 854.0206 862.9084 856.6665 849.9987 867.0503 879.1736 862.7391 870.9863 880.8524 872.9848 857.5626 839.8220 840.3594 858.6470 875.0751 884.3873 889.7379 894.6964 898.9371 904.2220
883.4385 871.0210 873.6089 884.1940 886.5966 881.4609 867.9293 849.2294 833.1859 824.5427 822.7175 823.8845 827.8281 840.1111 849.8648 860.1014 872.4478 881.8957 886.3016 883.2913 872.1716 853.7323 831.1257 821.4858 823.1431 838.7144 861.2711 873.9743 874.2169 868.8988 867.1566 859.8080 845.6049 836.8587 840.0075 848.0555 864.7039 884.7631 897.3655 916.6443 924.3448 917.5728 905.4333 891.4491 872.8566 852.1273 846.4587 837.2980 832.2042 851.5179 865.3661 870.2841 868.4232 857.7127 838.9794 841.6288 860.0938 868.9703 853.2241 824.0048 815.9286 816.1307 816.4012 816.7933 816.4265 816.8940 820.7256 832.5659 841.4133 835.7971 846.1890 865.4702 881.6154 892.4141 887.7600 866.5046 865.1884 879.0226 879.4020 859.8680 847.3866 856.4719 856.8517 854.7000 863.9370 889.9221 912.6573 920.7004 913.8457 900.4307 882.0687 877.6335 884.8697 892.4920 893.4497 890.0096 892.0469 904.2020 916.0463 913.3458 900.9144 891.3405 884.7750 883.9282 882.8678 862.1077 850.0235 854.3306 871.5762 880.3843 872.0731 853.4911 860.0805 875.1204 867.9874 872.3522 879.2919 872.0784 853.4459 841.5546 846.1548 850.2360 866.8793 877.4442 881.5884 897.3829 916.7745 924.2845
898.7417 891.9304 885.7427 883.3233 877.2172 870.1290 861.8521 847.1285 830.9186 824.5027 822.9829 824.2464 829.3061 841.8508 852.5679 865.3245 875.6073 883.4003 886.2239 879.8688 865.4373 848.8831 829.7087 820.1655 822.1250 836.2651 856.4420 865.3586 872.2742 878.9776 880.4352 874.8004 862.1858 846.6642 836.5908 837.1180 850.5425 863.1248 870.6205 886.3599 893.7065 896.2183 898.2437 894.2061 872.9933 859.2184 861.8996 847.3032 836.7178 855.8308 872.1865 879.4973 875.4418 860.2125 840.9584 839.9861 846.4030 858.3778 852.9230 823.9503 815.8212 816.2415 816.6606 816.9612 817.0660 818.1589 824.5786 841.0106 849.1411 841.9347 841.6741 860.0649 880.3476 892.3462 890.1315 878.6547 880.2523 890.4362 892.5355 883.4398 864.7417 862.6147 868.1823 871.3362 869.7921 887.6874 913.8063 931.6887 926.4886 898.2001 864.6270 858.7655 880.2847 898.8607 894.2703 883.1749 887.5806 898.0195 912.2298 918.5115 918.9298 911.8135 901.5096 894.5306 882.9467 868.4114 866.9155 877.0846 888.4979 888.1450 875.3841 864.1916 870.5266 880.9562 878.9419 879.8336 883.5377 873.1964 850.8441 848.7916 860.3279 855.6667 854.1797 859.9155 873.0779 897.0015 914.7502 924.4539
900.8307 894.5659 878.3423 861.9915 853.8032 848.5906 843.5541 837.2712 830.3004 824.3312 823.3905 824.5482 829.0460 841.8575 853.6349 867.7484 878.8414 885.7048 885.8097 875.8558 859.0529 841.9889 826.1876 820.3116 821.6203 829.0349 842.2778 851.2926 866.1257 881.3439 887.3931 885.6937 877.0590 863.9881 848.3564 836.4697 838.8210 846.6208 852.9010 860.8085 866.5763 873.9719 887.3458 894.4724 883.7607 878.6462 874.9160 851.9542 838.7506 858.7377 878.1368 884.4241 878.6689 857.7031 843.4392 852.4748 849.7687 848.9695 852.5969 828.0045 816.5753 816.2023 817.5665 817.3997 821.0559 826.3848 832.5743 848.5051 855.7410 851.2040 840.7437 851.2039 872.7562 884.4286 887.7059 890.0996 893.0477 891.1239 883.5286 891.3217 887.2630 884.7582 885.6068 883.0688 880.1425 890.4624 911.3299 926.4036 920.4644 893.2454 857.6514 858.0699 884.4379 896.7239 881.6017 865.0625 870.7479 880.6463 886.9299 895.3321 917.2285 919.7446 903.2527 897.4060 892.9926 887.1754 892.6207 899.0696 899.5100 895.4337 885.8170 885.1163 891.2533 897.7664 899.6216 895.7064 889.4205 870.2123 846.8973 849.0126 866.0903 871.6259 859.8610 854.2347 864.1111 877.9861 891.0687 902.1664
883.0462 867.4705 855.2815 850.6786 850.0550 849.6545 850.0961 850.8011 840.1857 825.5757 824.3795 824.9722 828.2880 838.6453 851.2028 863.6532 876.5162 885.7934 884.9745 872.5696 855.4733 840.1343 824.8018 820.3970 823.4323 831.1019 835.0420 841.0529 860.2186 878.7602 889.5486 891.9785 888.0839 878.4239 862.9586 843.6084 845.5726 858.4101 862.1342 860.5219 858.2744 859.9894 872.6962 888.8775 894.6730 887.6267 875.5119 849.2646 839.5780 860.9655 880.5509 886.3906 878.8427 854.7241 845.1288 863.0255 863.3842 852.0784 851.1751 835.6800 822.8149 818.1453 817.5884 817.9783 822.6053 828.5861 838.6521 852.7489 857.6592 858.8600 850.8925 843.5770 853.3232 864.1698 873.1807 887.1035 886.5455 869.1494 860.7068 879.9161 888.9536 889.0449 883.5931 870.7498 874.6364 899.6616 915.2021 903.6395 898.2451 882.3420 852.1097 863.3374 888.3707 894.1039 874.4769 853.9247 865.3280 868.7699 872.0102 887.2330 904.4675 912.6333 896.9516 885.7302 892.5247 896.0537 897.6312 900.9188 891.3024 897.6414 903.0892 905.2821 912.1465 918.4771 918.1466 907.1179 885.7188 860.0199 844.0315 848.7706 860.1122 877.8878 880.7937 875.9594 872.8416 871.6488 878.9727 897.0609
864.2753 856.7066 863.7020 872.4383 872.6265 872.3051 868.5938 856.4549 834.1796 824.7136 825.0842 825.4193 830.8201 839.0396 847.4131 858.4254 873.6564 884.9852 883.7370 870.4644 854.4098 836.7018 823.3796 820.8036 827.0416 843.1332 848.3295 841.1038 848.1749 866.1307 879.5709 888.7039 894.0213 887.6805 873.1470 851.8998 849.3939 867.6005 880.3842 882.5113 877.3752 869.3829 862.3094 875.1628 888.8471 877.9950 862.2846 842.2138 839.2708 862.5200 882.9857 888.5339 880.0712 855.4247 846.4861 866.7693 874.2151 857.9337 852.6892 856.8581 846.9220 827.3208 816.7433 818.9586 826.5604 831.8504 840.9325 846.4666 843.7676 852.5059 857.8103 848.8142 844.3959 851.6199 867.3250 876.1189 867.1567 844.7079 846.1271 871.3532 882.1071 879.0455 865.4139 852.6685 868.8380 893.7062 887.5529 867.0252 878.2115 867.7971 849.6525 871.2227 890.9705 892.6684 874.5446 852.4277 861.2900 864.8837 879.7700 897.7551 914.7222 925.3182 914.9347 892.2435 876.5278 875.2009 876.2555 876.7512 873.7997 888.5369 897.1650 908.2804 927.8995 932.6580 914.6429 898.2294 868.3580 851.9203 854.9829 865.5197 867.5038 878.4544 895.2685 900.0495 893.0958 890.9464 892.8297 908.4840
868.5446 875.6917 885.0858 892.7832 888.3537 884.6039 871.5565 844.4829 826.7090 825.0546 825.1355 825.2997 831.1519 841.4659 849.3934 861.6644 876.7161 884.9051 879.7159 868.4734 851.8763 831.0526 821.1926 821.1798 828.4183 847.3835 861.6644 855.3668 845.3230 849.9042 861.0135 879.7479 894.7791 893.1725 881.4883 860.5054 846.2064 863.5175 883.9292 895.4507 897.5694 891.2802 872.2335 868.5626 882.5194 879.1769 859.9918 837.7843 840.6653 864.8891 884.7698 890.6144 884.4031 862.3262 848.9996 866.2797 879.4089 866.3021 855.4795 867.2322 871.4931 839.9549 818.5435 818.2225 822.3344 825.3911 829.0461 826.6245 827.3657 838.0629 844.3836 845.4829 855.8068 866.7596 869.1406 853.6766 839.4297 831.9246 851.1718 870.8221 871.6355 858.3317 846.4573 852.2928 874.1785 885.3535 863.4803 849.9610 867.0925 853.5270 852.8870 879.6940 893.1579 887.6165 875.2507 850.4137 853.1454 869.3698 890.8477 910.3919 931.7789 945.1830 934.9292 907.2736 878.9097 862.9675 858.0742 853.8397 857.8099 868.5549 876.2657 897.2078 919.4958 912.5541 894.7111 870.9152 852.4097 862.8568 878.4060 888.0455 883.6959 884.1387 901.4937 915.3394 916.4919 913.1694 909.1410 915.8377
878.7338 894.0249 900.7156 893.8428 874.4949 870.5311 862.8989 836.4863 826.3246 825.8883 824.7919 825.4366 830.2586 841.3613 855.0278 870.9212 883.2003 884.1470 869.9859 855.5250 842.6169 827.4733 821.2371 821.7939 827.9941 841.9147 859.3015 867.9955 857.0837 846.5485 851.8391 873.6064 890.4565 893.9067 884.3293 863.7179 847.0664 855.5878 876.5247 891.0078 899.3937 899.4901 886.8050 872.2502 879.4841 884.2692 865.1714 838.1276 841.0969 865.2420 884.7106 892.5177 890.3843 874.0821 853.0321 860.8103 878.2153 873.1910 857.7241 863.7289 872.7518 844.0437 818.6454 818.4159 818.5496 819.3971 819.4966 818.1639 819.8692 828.5568 829.0768 834.6102 857.4469 873.4908 854.9750 830.2326 822.2584 823.7001 834.7307 849.1102 850.2585 836.3915 842.3698 859.3162 874.7678 870.0107 847.8783 844.4497 865.5629 852.8204 857.7709 882.5397 879.1823 870.3580 873.2350 851.0217 858.8455 882.2229 904.1713 925.9121 939.0500 928.1464 916.2766 899.7883 874.8839 871.4229 861.9551 844.8862 848.7592 857.6909 871.9319 892.7634 903.0536 888.8883 869.0123 857.7470 859.2527 876.5008 895.8516 908.0473 903.7289 897.4371 910.1068 930.4061 938.4282 925.3183 906.8275 897.8503
878.9594 895.6203 895.0247 883.0817 869.6026 856.3748 849.9812 832.1122 826.6904 825.7233 825.2681 826.5670 835.0002 850.2173 865.7547 881.0019 889.4325 885.9854 872.2889 857.5547 842.8749 827.5633 821.7751 823.8600 831.9742 837.7361 848.8708 867.4938 872.9102 857.9755 847.1627 859.6013 875.9858 887.1923 883.8388 868.2299 858.4922 850.6103 859.1522 870.2790 885.3634 898.8726 894.1058 880.9575 883.1386 882.0875 863.2360 837.8298 837.5803 858.2171 879.1133 892.5191 894.1679 879.2270 856.5927 860.5931 878.8311 878.3567 860.5800 855.6717 861.0718 838.8562 819.4548 818.1776 818.3345 821.2484 820.7019 818.0368 818.1835 821.4753 819.2798 825.0381 844.1482 858.6000 838.3661 820.7836 817.9991 818.3497 819.8114 826.6266 828.7447 822.4530 825.3989 836.2932 847.5191 841.9450 830.9060 835.2690 852.1890 844.5690 849.8646 862.7542 853.6047 855.1216 860.0688 848.9180 868.8372 894.6931 919.6446 936.6039 929.4316 902.7627 881.4518 873.2549 857.5667 858.7421 852.9621 844.4719 856.4430 872.7944 884.7631 892.6974 895.7855 881.8503 860.8878 867.9737 885.0080 889.3915 902.5651 919.0934 920.7126 910.4150 913.0786 930.5091 926.2773 906.4255 888.4948 889.0814
868.7986 878.1052 877.1257 870.9988 876.8230 863.6931 846.6447 830.9756 826.8455 825.7696 825.7582 828.0491 840.6166 858.2027 875.0296 889.1959 893.1798 886.8307 873.1007 855.1597 836.7591 825.3182 822.2466 827.1525 843.7850 849.1316 843.0726 857.6924 874.7152 868.3470 850.9880 851.1186 859.9402 874.7514 886.1299 882.6036 870.3779 852.6157 848.6310 852.7771 866.1964 888.7971 897.0961 892.8060 887.9634 874.3622 855.5647 838.9288 834.7257 845.3051 867.6455 888.9282 891.9119 874.1647 862.1599 871.0854 885.3309 883.1151 860.2980 840.8806 837.3799 828.5912 819.8884 817.5584 818.0290 818.6925 819.8029 818.1656 817.5234 819.3391 817.4984 818.9401 823.7520 834.5454 829.6280 820.2239 817.3245 818.4064 818.9333 820.2573 821.7037 819.6368 817.9871 819.7175 823.0461 823.3760 828.6381 833.5747 836.1769 830.7879 835.4760 840.9833 835.3823 839.3104 842.4527 844.5302 866.3007 887.2352 908.9449 922.1589 909.0014 885.8102 871.6828 862.5835 852.1769 841.6068 839.6758 853.5229 874.0909 886.5484 884.3162 878.3347 889.1514 885.1771 864.9347 875.2664 895.7545 895.6911 901.0278 915.0385 918.1948 897.1064 895.8674 911.4630 896.8887 881.1335 877.3900 898.5580
854.4314 856.8235 857.0973 853.3766 857.7422 859.5972 844.1745 829.5790 826.8503 826.1854 826.3948 831.9996 848.1332 865.7592 882.8646 894.0169 891.5572 880.1064 866.2650 851.1243 833.0968 823.9085 822.8724 831.1403 852.8771 863.4064 847.5850 848.3704 864.9418 872.5307 867.9490 864.7905 857.4847 866.7991 886.3943 890.8247 875.2880 862.0200 858.1017 850.9214 855.1351 871.1106 885.4037 893.4462 890.6542 874.7189 860.7604 852.3258 843.2186 837.9575 853.8804 878.4929 882.3376 871.6688 875.6600 885.9248 890.5323 877.8118 852.9174 835.6862 832.9604 827.4319 819.2007 817.4127 817.9762 816.8433 817.3719 819.0896 817.4208 818.2684 817.3349 817.4579 817.3016 823.2241 823.7588 818.0062 820.4235 825.8413 822.3068 819.7452 820.6318 818.0588 817.5945 818.1284 818.6189 821.2932 831.9417 838.8388 844.1639 840.1739 843.9092 854.1645 846.2681 841.1544 849.1759 850.2076 854.8770 869.1948 888.5413 902.7443 892.0255 868.7704 865.6674 873.0565 863.9180 841.7125 848.4403 866.8903 882.9867 886.8874 872.3327 862.2422 880.1835 887.7299 875.2562 868.6423 879.3328 883.3124 891.6084 905.1980 906.5814 887.6078 885.2050 893.1088 872.8157 865.9421 880.4899 903.5527
853.5056 847.5327 842.8809 840.1776 839.4097 838.0297 832.4818 831.9001 827.6792 827.0887 826.7422 832.7507 849.9253 868.2570 887.0275 894.4022 883.2060 864.2140 859.1435 845.5436 829.6289 823.4437 824.3557 835.4884 857.6793 872.9200 858.8156 847.4642 857.1841 873.0542 884.3164 881.8436 862.3952 867.5837 889.9638 898.5035 889.8996 881.9255 867.1046 858.7147 864.2474 865.9155 872.7009 888.0872 897.5306 887.3785 868.7842 854.2620 844.1001 837.0693 842.5283 865.4371 880.7636 884.5764 893.9630 896.1196 881.2819 857.6979 842.1693 844.5682 842.7053 827.0436 817.8732 817.2971 817.8167 816.7127 818.1013 819.7769 821.0022 821.8344 817.8446 816.8931 816.6469 818.5657 819.6952 818.6326 822.7781 837.5900 839.7446 831.3076 826.6945 821.5919 818.4207 817.8414 819.5931 824.4786 821.5204 821.2435 833.2601 843.5253 851.1199 867.9471 865.3280 851.7232 854.8866 867.9608 870.7459 878.1851 885.0169 889.0209 886.1848 866.8507 854.8188 866.7715 861.1248 839.4514 851.8782 872.8787 882.6523 875.8705 856.6222 860.1940 878.6157 890.1194 890.2699 881.8933 879.0889 885.2777 895.5289 894.6759 885.6800 868.8143 874.5508 875.2733 860.9047 871.5353 892.6138 904.8981
883.8815 873.7539 857.1529 846.2940 843.7156 840.1204 832.6893 830.1229 827.9603 827.5045 827.2885 831.3487 846.5963 864.7631 882.7031 883.8223 874.2433 854.9031 843.6592 833.7012 824.1640 823.0680 830.1655 846.9080 864.6933 881.1486 876.1734 862.1718 867.8688 881.4399 892.9252 890.1448 872.4160 876.2823 896.2487 912.3459 910.6823 896.4104 871.5529 868.9500 884.7244 889.3300 890.5681 898.0685 901.4665 883.4451 860.8953 855.1412 859.2577 851.3477 840.6142 855.1047 879.6351 892.1806 896.9099 884.2478 861.3516 844.7649 852.7194 864.2950 857.2303 835.7809 821.6649 819.0923 818.9534 818.7477 820.2125 827.9152 838.3644 841.8357 828.4590 818.2291 817.1490 817.8643 818.8190 820.4494 826.2582 842.5465 864.1736 866.8809 851.3541 838.8814 829.8560 824.2488 831.3611 838.1946 823.3564 818.9346 829.4809 846.2772 858.6980 873.3033 875.5991 862.1918 859.9551 877.9300 886.5995 886.5773 877.2364 870.6226 880.3996 872.5226 852.7471 849.5708 847.6682 841.0339 856.3860 874.1912 875.2297 856.7957 854.9117 874.9140 888.6549 893.9537 896.0720 897.3251 901.6589 906.7430 905.4421 884.3312 863.9229 860.3309 875.6830 861.7979 860.6492 879.2792 886.8087 891.4397
894.3558 875.1035 855.7062 847.6827 848.8037 846.1008 836.1217 829.8550 828.5794 828.0274 828.1527 832.6021 845.4794 860.5730 869.6282 860.9495 852.5036 847.0080 842.9443 834.2300 824.2957 825.6877 841.0999 864.5049 881.2570 893.8369 895.4474 886.3233 888.9207 897.3331 906.6606 908.7756 897.2279 894.6078 902.9613 922.3939 926.9105 902.9218 876.1233 879.2582 897.4326 909.4660 913.8811 913.1631 901.4174 879.0223 863.0314 867.8461 882.1389 869.4038 844.2667 853.0695 879.4860 895.0652 893.0088 872.3117 852.9769 850.2013 869.7703 882.5741 873.0726 852.1500 834.2563 824.7722 819.2788 819.2264 821.8880 838.3290 855.8536 866.0078 858.4523 831.6821 819.8561 819.4844 821.8892 833.4781 834.6171 845.4345 878.0081 894.3735 874.8474 862.6713 854.4276 846.8490 853.6503 839.1845 820.4045 821.0599 838.1939 857.5933 865.1804 876.7330 883.1601 873.5771 870.9434 886.1624 893.2443 886.8349 866.6884 859.2268 876.7039 874.3693 853.3019 835.5063 830.5928 838.0212 857.0340 870.2144 861.1337 848.2354 863.5457 879.8229 888.9517 887.0169 885.4949 892.3299 906.5251 909.7123 902.4266 880.6308 857.3713 858.7987 864.7521 850.4071 855.2874 867.4558 865.9937 867.6583
871.1854 855.3243 859.7844 870.2285 872.8253 857.9255 835.3101 830.5788 828.7095 828.5023 830.6656 840.5486 854.8914 863.3317 858.7202 850.2856 858.2722 866.5008 863.9126 843.6135 825.3113 828.5173 850.2571 877.2925 893.4365 896.2855 888.5853 883.7806 885.4417 890.9849 903.0892 919.8583 922.0639 918.6118 917.9000 931.7892 939.6536 912.1306 885.3937 891.4641 909.6965 921.9736 930.7609 919.4387 900.4594 887.8756 877.9177 884.0640 893.6534 871.9297 843.9187 856.1252 881.8317 898.9768 898.5097 875.5823 855.0639 861.9505 884.2961 895.5468 884.3588 865.1004 849.9531 832.2762 820.8653 819.7578 823.0683 835.9185 852.9867 863.6683 873.8818 863.2847 837.5662 828.0826 832.4783 848.1985 840.8491 847.6360 878.3270 909.3427 901.4929 883.2810 878.2042 874.6033 859.4908 829.8040 819.1119 826.5412 853.0015 873.4913 877.2081 886.3444 892.0218 887.7322 883.8295 889.8160 892.3881 882.0357 858.1559 853.4455 869.8734 855.3156 835.4943 827.0895 825.8165 827.5798 835.4753 844.3128 839.4988 841.7569 856.8965 862.6961 866.3235 868.8047 877.6198 893.1722 904.3741 896.3710 884.9595 870.8438 851.7219 846.3033 847.4036 847.3129 850.0823 853.0754 853.1887 851.7411
857.7029 870.0953 889.7019 898.9874 891.0461 861.8766 834.5302 833.1653 834.0850 833.0720 841.3914 856.0746 869.7484 870.0674 856.9227 859.2129 873.3853 879.5120 868.5543 842.6411 824.8090 828.1935 849.5332 870.6087 869.9892 867.6244 862.1011 858.6248 858.7806 869.7190 893.2553 921.5884 940.0477 945.4344 948.8990 958.6075 960.0817 924.9689 897.9198 906.1188 927.8088 942.7069 949.3577 937.8467 919.4626 910.0859 896.0472 886.4809 881.5331 856.7945 843.2775 859.7527 884.8133 902.5734 901.1398 874.5924 860.0086 876.4954 894.9260 899.2610 886.0383 869.3229 852.6656 830.2119 827.3746 833.7573 830.0599 824.8256 838.8964 853.0250 869.5466 885.7450 885.4454 872.9290 858.2191 858.9765 848.1183 858.1888 881.9065 904.1028 902.1764 871.1757 861.6177 858.7349 842.1723 822.6573 819.6520 834.6780 866.8301 869.4710 868.2488 890.3595 898.1220 891.1925 876.9656 879.8331 885.3655 872.4184 849.0356 849.0842 856.7129 834.8342 828.7127 835.3569 836.9666 833.0895 830.4990 829.3164 830.8545 842.5113 850.6144 854.3799 862.6300 871.5226 882.1848 887.7900 887.7267 876.4877 862.5837 850.2521 844.8099 848.5693 858.9760 867.7963 870.9139 867.7172 863.7531 864.1969
873.0583 895.9171 903.7019 888.8455 879.6785 851.2361 832.2921 831.9629 836.1562 838.8542 856.6845 871.7828 875.7328 863.7676 862.2042 876.1616 885.3251 876.2126 860.9799 840.4026 825.3047 825.9705 835.8143 846.0475 843.0074 843.4302 842.5273 840.1270 845.5240 866.8455 898.1718 921.8376 938.8171 947.9263 955.4070 969.2714 957.1761 935.7479 920.5878 932.2378 947.9108 950.5504 952.9951 966.1292 951.3678 925.4520 902.0374 878.9742 860.0042 849.8740 852.8271 857.2238 877.4924 898.1431 900.7994 877.7034 870.8597 889.9743 894.8251 886.1658 877.6300 863.0425 840.1193 826.9746 840.7787 853.2657 844.6111 825.7518 838.9752 861.9805 874.3043 892.9023 909.1689 916.0882 897.8607 878.0352 866.8021 873.6169 876.9797 877.4792 878.8985 849.2770 836.8039 827.7985 820.7203 820.6743 820.7110 832.2700 848.8658 839.6485 854.6858 890.8965 892.6688 878.7527 861.1407 860.2608 873.2051 863.3347 842.9948 840.8106 835.4948 829.5604 842.6425 856.5085 859.5804 854.7175 847.7174 837.9658 831.6399 835.6215 840.8834 840.3849 842.6337 848.2849 851.8447 849.0544 852.0080 849.1489 841.8924 846.4694 859.4852 870.8970 880.8326 887.1756 889.0735 885.9849 885.4897 886.0162
902.1354 912.4129 900.4413 871.4534 845.8143 833.4049 831.6039 831.5107 836.4307 851.8401 872.7344 884.2440 876.1402 873.8594 884.1758 893.5043 895.0978 879.5842 860.2778 840.8227 826.9625 826.6068 837.0237 845.8964 846.0894 853.0944 856.0398 850.0684 848.0428 852.4026 868.9199 887.0662 907.2540 907.2487 916.4863 926.7759 916.5923 930.0865 944.8958 962.7683 958.8284 930.2057 915.4699 948.1402 966.3285 935.4927 906.9699 876.1393 853.0952 861.9749 868.1554 861.2114 871.0151 890.2493 903.2780 897.9077 892.5374 900.8049 891.5060 870.5964 857.9036 844.7281 828.9434 833.2124 855.2700 868.3877 855.6758 829.6514 832.1161 848.1516 859.8235 876.2449 889.6936 906.3745 914.9968 904.0717 895.0007 896.0242 875.9008 851.7015 845.7403 833.4769 825.4390 820.3630 819.4472 822.7855 823.7708 821.7377 821.9515 821.3646 841.9409 863.4985 853.8140 841.0258 832.2640 837.5331 851.2457 854.8233 842.2664 828.8290 829.7446 845.7868 867.4697 879.1321 876.4617 868.2035 860.9006 853.5363 845.5779 838.4966 837.4663 840.4735 839.7816 836.0988 835.7357 839.5712 838.4625 836.6390 841.6823 860.0874 878.8018 888.0977 889.8427 891.8403 891.3170 891.8632 895.4653 898.4886
909.0098 911.0294 890.0670 858.7659 838.0987 831.2852 833.1760 835.1005 842.9083 862.1710 883.3338 896.1615 892.9062 893.2574 901.4849 906.1197 898.2340 880.6548 860.8389 838.8917 827.2347 832.2832 853.5122 867.4355 866.6403 873.7542 882.3461 876.5297 871.0283 859.0811 849.5627 862.0424 877.8264 886.4761 902.2669 894.7318 904.6841 934.5420 962.3663 976.9081 957.5060 923.4166 899.9189 920.5212 949.9981 925.1712 893.0239 869.3272 853.7557 873.7164 882.4445 875.3114 884.3519 896.4103 909.3150 916.3996 918.7302 916.5125 902.0905 877.7961 856.3107 838.6547 826.8575 843.9734 868.9841 879.9274 865.5135 834.9551 826.5952 841.6379 848.5576 856.0626 869.4952 890.5462 913.5994 928.3054 925.6166 914.5102 880.3354 842.8904 837.7888 843.7349 833.9042 821.0173 818.8680 819.5789 820.6572 821.1085 821.7723 821.6580 820.9575 823.5186 823.0323 821.6906 820.6235 822.3419 828.1357 838.7217 841.3846 827.3026 831.0430 854.2937 878.5054 886.1666 882.2258 877.2258 865.4330 856.0592 855.9893 857.5149 856.3309 856.7822 856.1738 847.7249 843.8276 858.0382 860.2482 851.5659 842.7612 850.1741 869.9434 881.4144 883.5657 884.3152 882.9675 886.7035 892.7198 898.0141
875.3627 879.8641 876.4462 842.4527 833.0604 832.8419 833.2946 838.7700 848.7503 858.9058 871.3959 884.8824 897.7728 908.1343 913.6101 910.0765 890.9727 865.8516 849.1542 837.1224 827.0184 831.7218 854.8719 876.6607 883.5985 887.4574 897.4411 897.7935 893.6836 876.6290 858.4769 851.6190 856.8420 880.6332 893.9486 882.9377 900.7688 930.3925 958.3585 967.8101 946.5280 917.2750 896.1356 901.5475 924.5700 902.8586 873.3088 857.1352 852.4966 874.0893 890.6743 888.2725 897.6175 903.9954 898.6962 897.6326 907.9276 914.6776 905.0358 882.1653 853.1493 830.2157 829.8608 853.6512 876.8421 882.1411 864.5260 835.6136 827.0237 847.2429 862.6092 870.6178 879.1846 898.1529 919.4869 937.1456 936.5163 920.1223 881.7005 848.6698 854.4772 859.7847 841.7877 830.0294 825.8259 822.8442 821.1539 821.1808 822.0427 822.1057 821.8856 821.8247 822.8714 821.4047 821.3925 823.4534 822.0102 823.6432 827.2992 825.0047 826.3154 833.4186 849.1052 854.9417 867.3872 875.4159 849.9589 841.1818 849.0273 861.9113 864.8865 864.5311 864.1484 855.8842 847.5084 864.0850 872.5205 868.0608 854.1057 842.1611 847.8295 858.9241 868.1279 870.8687 865.4233 865.3279 869.7422 874.9788
847.9950 854.4353 857.9493 836.2982 833.4046 833.0296 834.4111 842.1118 860.0594 871.0510 868.5438 870.5021 884.4873 902.7910 914.8941 909.8861 886.9573 866.4409 856.4808 847.5909 829.4386 826.9173 839.0951 865.2289 882.6928 886.4078 894.0629 895.1536 899.0927 891.5347 877.8691 866.4832 857.4962 862.9914 871.0667 871.4626 897.7819 922.7717 940.9883 940.2665 932.9103 911.8632 886.4393 893.0643 900.9768 878.0121 862.5402 862.1626 859.9489 865.8720 887.1429 898.4938 906.7688 899.1757 875.2243 867.4061 878.3988 884.7166 887.0988 880.6359 851.7056 829.0378 837.0791 861.3973 880.8820 879.9203 858.5385 839.3349 828.8085 834.0641 856.9693 882.6199 900.3276 915.7568 924.6172 914.7721 908.1661 910.6161 886.0804 865.3533 870.7352 862.6025 841.7642 847.5635 850.5760 847.6536 836.8521 823.5165 821.1069 819.5120 821.4286 822.2520 822.3405 823.3569 823.5534 821.6707 819.8432 819.4450 820.4614 824.1327 820.8838 818.8727 821.0829 825.9527 844.4570 843.3148 825.3496 828.2996 842.9087 854.4891 859.0704 860.8329 867.3711 863.5431 853.6117 864.2485 875.0864 874.8779 865.2834 847.7873 840.8785 848.0820 851.7820 851.9619 853.3345 859.8763 863.9224 864.5861
836.0592 838.0041 839.3512 833.1377 832.0646 833.1914 836.0722 843.9223 865.9692 885.6879 886.7548 872.8826 880.0599 896.1155 904.7808 906.4765 897.4149 881.7966 863.1358 847.0780 829.8677 825.9635 834.1149 859.4091 871.8054 874.0017 877.8992 881.7318 894.3372 904.0463 901.8676 891.2261 879.6017 864.0052 855.7144 866.5714 890.0947 905.0499 924.7368 917.0638 902.4102 887.3031 872.4565 873.6133 872.1209 869.7451 876.3196 882.9756 873.5369 861.4049 878.4747 900.4756 902.2731 878.4316 850.9720 844.1407 850.6395 857.3433 867.8863 870.5556 841.9911 831.8428 850.9244 872.7631 886.6737 883.6517 867.6421 856.5905 845.6393 829.4959 844.0218 868.7880 896.7103 908.8851 905.3734 885.4838 871.9114 888.7155 890.8284 886.3472 884.3630 863.4792 844.6794 860.9875 877.3226 873.6470 852.0961 832.0270 832.6467 821.5062 819.0711 820.3062 819.8181 820.4958 822.9633 820.5907 820.4952 820.4655 821.5648 823.9761 820.0883 817.7891 817.4923 818.7070 822.6515 821.2754 819.9720 821.8310 832.7426 842.7769 845.6064 853.9368 869.1346 873.4952 867.3752 871.6427 881.3447 881.9785 875.5316 858.5117 846.3960 856.8383 858.8096 854.1505 862.2842 877.3359 886.4431 886.6810
834.1831 833.3565 832.5992 831.8768 833.4755 839.2769 842.9252 846.0889 865.9594 889.2760 902.1961 891.4347 882.9995 883.1663 884.9017 891.3748 891.0988 875.5142 862.0231 848.6476 830.5720 826.6163 832.7821 850.4998 855.4478 856.4822 862.2206 875.8840 888.5865 903.5506 913.3372 910.4886 902.2119 886.7256 870.1566 863.9327 872.1630 883.6110 904.8297 913.3450 903.0548 881.0530 869.4591 868.6094 876.1184 888.8151 897.7297 889.4644 871.6732 861.3683 872.2764 895.5455 890.6734 866.6566 861.5934 854.6868 843.6472 839.9197 850.8567 851.4528 833.2460 844.1251 869.4853 886.4917 896.7337 895.2952 884.4549 874.9103 863.9344 836.1118 836.2718 863.8790 890.3490 882.6913 873.3860 865.8209 851.4833 864.3678 875.4346 889.5709 892.5079 869.7145 851.1776 866.1915 883.2139 874.2245 847.7142 840.1470 845.6773 825.3265 819.2988 822.5169 820.4677 819.3876 822.4200 822.7879 820.2467 818.8846 819.4648 821.0151 821.3997 819.8433 819.0056 818.4600 820.3953 820.2471 819.4555 821.3206 829.5297 842.3947 850.3464 859.4810 870.4678 875.1696 878.5721 885.5170 890.5334 890.2693 886.3018 871.2673 851.7732 854.6072 862.1126 861.0311 867.2495 881.0592 897.8231 906.9918
835.0742 833.4173 834.8770 834.4627 842.1769 855.9261 860.1966 853.2618 867.7521 892.7084 905.8265 900.3179 884.7519 868.7183 866.9474 876.9917 881.7025 868.1014 855.0587 844.7299 831.3425 829.2487 831.5471 838.3372 839.3429 842.2270 851.9516 861.0179 874.2776 888.6294 895.6671 899.4897 905.1754 902.0295 893.2111 883.0201 873.2288 874.3002 886.1824 904.0969 914.1215 905.4266 894.0063 889.2750 897.1694 907.7689 905.0358 882.9067 879.7864 876.8853 875.5280 897.4872 900.5925 892.2703 891.9697 881.9932 864.9772 848.1775 836.8444 828.9512 831.7433 854.5631 873.3630 884.9566 893.5585 893.4258 887.2333 881.5639 869.4266 838.7084 830.6225 851.5374 867.3696 864.5534 848.2784 843.1226 844.7676 854.1063 870.7400 892.2850 896.3021 871.7839 853.8244 866.8000 877.5750 861.1786 841.4089 851.3244 857.0220 833.3240 827.2238 839.6888 829.8313 823.0361 823.1993 823.5339 819.7115 818.0488 818.6938 819.3708 820.4048 821.5921 820.3003 818.9324 820.0989 820.6256 820.5309 820.9918 826.8584 837.2397 844.2519 846.6188 856.0541 864.6653 876.4360 888.3698 890.9219 891.9746 892.1119 882.5767 860.8707 847.4250 854.7328 862.3439 867.8932 876.5211 891.5811 910.9342
835.6022 835.9813 841.9955 841.7458 851.0732 870.1267 875.8560 862.2607 869.1998 892.6839 906.7724 904.7124 891.4131 872.6143 859.5214 862.1005 864.6451 861.4628 852.3334 836.2757 828.0956 827.6060 833.8922 850.1516 851.9315 848.4572 847.2106 849.4612 855.0756 867.5199 875.6278 881.3355 889.0460 893.9118 903.0349 903.0140 896.5271 895.5660 901.1163 915.4785 928.7348 929.8588 920.4249 913.1833 919.3925 920.5516 901.9746 884.8261 897.6805 897.8288 885.4468 903.9051 918.3260 915.5018 908.0873 896.1406 883.7136 866.2900 840.8613 827.1300 834.1529 845.3383 853.6275 868.5491 882.7822 880.5046 868.9810 861.5352 851.6573 840.3120 838.1835 836.5862 835.9904 839.4129 839.7089 849.7961 864.9225 877.9538 891.8506 903.9905 898.4915 874.9476 862.5718 872.2708 873.6197 853.5878 844.9056 861.8303 865.2985 845.4984 838.4078 841.1902 827.4061 823.7639 819.7099 819.3920 818.5034 818.2242 819.2110 818.4183 819.3101 820.2472 820.0507 819.6266 820.0032 821.2250 821.7285 820.4553 823.1861 829.7676 830.4512 834.2322 846.8396 857.1913 863.7652 871.3079 875.1540 883.3302 891.2680 888.7744 869.4172 851.0273 857.8594 870.5974 880.1327 887.4583 894.2078 915.0626
836.4058 838.5531 849.3066 849.2277 852.7583 867.6793 879.2026 869.0189 866.1937 887.1552 902.8670 899.5038 881.8577 867.7339 856.2540 849.4713 847.5387 844.0352 840.3665 830.6721 827.8203 829.1159 832.5953 853.1165 869.1287 871.9598 869.0143 865.7918 862.8234 860.1387 862.4648 866.4480 870.3598 878.1188 893.6967 904.0959 907.7702 913.6917 921.0806 932.6314 943.4671 944.6679 931.0035 924.4516 933.1770 929.2463 902.2078 893.2381 912.6257 917.0216 902.8878 912.0225 926.1927 915.8688 895.7668 881.1722 877.5530 862.6858 835.7092 829.9092 843.4381 850.2015 855.1448 869.9591 885.0603 883.2242 866.3461 845.9507 841.4162 857.0944 864.6370 855.7966 837.8677 832.6043 851.8685 869.1776 881.0109 893.5751 903.8442 899.1412 893.0181 884.2831 878.9481 877.8142 867.4388 847.1576 850.7457 870.0173 871.4030 858.8956 851.8951 838.5151 823.7249 823.6625 819.1252 818.5613 818.7730 818.4188 817.9598 817.4879 818.4249 819.0941 820.2402 819.7519 820.2209 820.5016 821.2169 821.5745 821.3168 822.3971 828.7847 838.4644 847.2996 854.7412 860.2073 864.7379 872.2831 880.2433 889.7126 893.1073 875.0148 858.8511 864.4557 873.0679 884.9348 900.0997 909.0858 920.9114
838.0436 837.8239 852.3751 862.1302 855.9712 855.9050 866.1100 869.8315 865.0842 876.8130 894.8036 894.2507 874.6708 865.6184 865.5060 863.0606 852.3065 843.7963 842.9556 830.9649 829.3101 831.7104 830.5655 843.3683 867.8563 878.7294 884.5732 889.2549 888.8116 883.9537 878.7385 876.6451 876.1681 874.3502 879.1476 889.3505 904.3928 920.4717 931.0089 934.1301 936.4070 930.2190 909.5544 904.2140 927.1403 935.2416 915.8475 913.4306 928.5714 932.9993 922.2860 921.3784 917.0688 895.6678 880.2202 867.0016 859.0432 845.2341 829.6852 834.0292 851.7018 863.6320 874.2282 884.9828 893.9006 894.5374 877.5082 851.8777 853.9793 873.6356 884.7662 878.8762 859.5405 836.6497 846.6339 865.0383 873.8494 889.5024 895.5710 879.1138 878.7660 879.2003 875.4377 866.4546 851.8257 846.0007 861.0385 874.0812 874.3209 867.7738 859.1475 839.5942 824.4122 823.7474 819.8898 818.6871 818.5596 818.5358 818.0677 817.5536 819.1025 823.8124 827.3985 823.7450 822.7458 820.9227 821.1897 822.0196 821.0205 821.8455 831.1067 845.5529 857.6544 867.6229 874.5201 875.5229 872.0698 876.5259 891.5995 897.8707 883.9244 873.0399 878.3732 884.4480 896.1562 913.7640 927.4747 930.6854
838.9366 840.4659 860.2518 876.5535 874.2932 865.2382 862.0606 863.5641 867.9287 876.3649 894.3131 899.2291 891.4673 886.0328 876.5874 865.1668 855.9432 855.9227 849.9575 833.1768 831.2864 834.2556 832.9949 834.8141 851.1766 863.0797 878.6857 896.3614 903.5681 903.9175 904.8962 904.1311 901.1936 894.3271 892.2204 898.1669 911.8530 920.0834 919.1516 913.9057 906.1189 898.3129 880.6100 889.8666 917.7402 929.7483 932.0650 934.9366 936.0081 932.2936 926.5345 925.1015 912.8243 889.2905 871.0449 856.0265 842.4539 834.3063 830.4916 836.8905 856.6974 872.9396 885.1697 895.7743 900.7473 894.0472 871.8748 857.5964 871.2401 886.9055 895.3310 888.7355 869.2513 839.9265 832.9235 849.0762 866.6102 884.6749 888.8810 872.6561 861.1733 856.4758 851.8182 846.4373 842.9490 853.1384 870.6559 878.8234 877.4829 868.4619 845.4499 827.4620 823.7833 823.8213 819.4825 817.8790 818.4192 818.6870 818.8735 820.7230 831.0317 846.8150 853.0406 838.0264 831.0576 824.3774 821.1462 821.1271 823.9957 827.9166 831.4664 836.6968 846.7716 858.1564 867.9523 866.0385 863.4843 877.4176 894.4335 900.4060 896.0173 892.7276 893.9778 898.5251 908.4300 920.3718 934.1109 927.6028
837.3814 842.7170 860.3010 882.4558 892.0075 888.7699 879.9475 865.6371 871.2292 888.1573 897.6924 894.6892 893.7718 885.1840 871.6406 869.1755 869.1537 862.3143 845.0901 833.9719 835.3419 840.6968 840.2007 835.7806 837.6832 849.6859 871.7084 892.3629 900.2481 903.8996 914.0142 913.2490 897.1979 897.4061 908.8856 907.7534 907.5300 904.1699 894.7059 888.3181 874.5408 874.1250 880.0468 899.5430 911.7435 902.5562 911.8041 922.4586 913.6029 906.8752 905.7629 905.1263 895.8420 876.9977 863.4774 844.4575 834.7734 842.0058 847.6370 840.8492 848.9692 871.4919 889.3175 898.0902 895.0204 877.8090 858.7448 865.1592 885.6866 897.5876 895.7629 879.3011 854.1439 834.3018 828.2499 839.2147 859.9605 878.0272 891.2902 888.5869 877.5870 867.2075 859.7115 860.9496 858.4412 865.4411 877.2899 881.7491 874.1270 854.2721 832.6137 831.0908 827.5563 823.9583 820.8244 817.7155 817.9149 818.3730 819.2321 826.5737 848.1660 869.2634 865.4803 843.8005 836.9782 824.4655 821.1968 822.5616 832.1414 846.4708 851.9644 846.7856 839.4894 839.2494 845.0875 847.8826 855.0144 865.5770 878.4311 887.5610 895.9403 903.7197 904.8076 902.0893 901.3701 908.7362 923.0686 915.3924
844.8839 853.1466 857.3369 875.7341 892.1860 899.1526 890.3771 871.8726 876.7739 895.7802 893.6030 878.4926 874.7909 870.8389 872.2560 873.3046 871.8970 854.2360 838.4227 833.8003 841.4619 850.0909 852.7272 844.7164 836.7823 840.9961 858.9356 876.9234 881.2909 890.7388 905.4344 901.1747 879.4653 882.5278 901.8393 897.7527 886.6810 881.8632 871.7750 868.7714 870.3912 884.8632 901.3788 914.4021 903.1282 877.4495 886.7858 898.7930 885.5428 886.2578 885.7755 889.1276 891.5367 869.2181 848.2390 835.3297 843.0621 861.4810 867.5988 852.0469 840.4039 854.6514 875.9792 889.7365 885.1995 865.8471 858.9344 872.8159 886.2662 891.0012 879.8383 859.3707 847.1040 846.4541 837.1566 832.2448 847.1915 871.1793 891.9888 899.4627 898.3539 890.2769 881.1293 879.2489 876.9581 877.6735 878.5197 872.9333 856.2970 837.1996 839.5486 850.0559 836.9635 822.9661 821.4634 819.6339 817.6913 817.9840 818.9897 828.0641 852.1626 874.6292 872.0398 854.9267 842.2723 824.2283 821.2640 826.1750 845.9501 861.2963 870.4362 869.8310 860.4462 852.9833 850.6616 845.8599 848.7743 860.8907 869.9448 876.8293 891.4955 901.8909 898.2951 889.4379 885.0642 895.3582 913.7161 909.1490
855.4575 870.1829 864.5490 864.0817 884.8845 902.7598 899.2630 886.7831 894.0548 903.0245 890.9982 870.0766 861.7194 858.0634 856.8727 857.6471 857.7861 846.3171 836.7778 836.7907 849.5668 858.7365 865.2460 859.0369 844.1590 837.5444 844.8059 858.4857 870.0298 886.7513 894.1821 887.2199 866.6945 873.4288 894.2390 886.8098 872.0637 863.7939 860.3054 866.8419 881.7363 899.7040 916.6201 920.0063 895.7581 864.2978 871.9767 881.2044 868.4784 866.2488 865.8238 878.7685 885.0725 865.7101 840.9763 840.7371 859.5872 876.2505 873.6467 854.8464 843.8678 842.4845 855.0352 874.5671 884.6006 872.6476 872.5076 874.9468 871.7061 869.3785 858.0573 847.4677 857.5247 865.6091 854.1616 835.1682 840.6743 862.5513 879.5351 893.8527 905.6763 898.5167 885.7268 879.8580 874.6603 869.0939 863.5504 849.9601 839.0588 845.5092 857.6217 862.8123 846.8729 822.6939 822.7245 823.0743 818.8214 817.8132 818.8859 827.9860 853.3446 876.4236 882.3570 870.5395 848.8893 826.5026 821.1587 829.0133 854.2114 871.9916 880.6045 886.5314 882.8474 876.8767 873.6743 865.5728 863.5808 879.3771 890.2515 893.4489 898.4049 891.0319 877.5748 870.8731 876.1058 894.1208 906.5847 888.4775
863.2031 879.7357 877.6248 863.2038 874.5082 897.1935 907.3253 909.7632 911.4008 904.3679 883.0250 868.0860 869.9641 872.6534 863.7874 852.3753 843.7762 837.2778 833.2808 838.8771 856.6441 865.4980 872.6506 873.2094 860.8094 844.0778 837.9177 844.8464 868.1471 879.1128 874.6669 872.0574 856.5960 861.2527 871.8277 863.2705 858.4604 863.2968 869.7601 874.7105 882.7487 903.1169 923.6090 918.9294 890.1965 862.2441 856.6086 858.5672 857.1852 851.6030 857.0875 866.6875 860.2698 845.9022 837.7031 854.6399 875.7996 884.1749 872.8029 862.9778 864.5137 853.3791 842.9495 857.8248 881.8899 885.2238 883.1917 877.1272 869.2362 858.0704 846.2086 848.6576 865.0080 876.3651 870.0484 845.4894 835.1697 850.4117 866.1325 884.2047 894.6445 889.5713 875.1812 861.7876 851.9465 844.9061 839.0176 835.8149 847.5003 862.2183 869.1098 868.4095 850.6651 823.0156 823.1536 824.2014 821.2364 818.3015 818.7806 826.3181 850.7114 876.7300 886.2941 875.2818 855.2472 832.6891 822.4083 835.0560 861.8943 885.4602 888.7391 890.4591 891.1371 888.8625 889.1478 885.3510 881.5836 891.9445 904.6837 909.2096 903.0593 880.6339 862.7332 869.0497 884.7722 903.8203 900.5023 879.1255
882.6130 891.0803 889.9084 874.7942 865.9020 876.2416 896.9139 919.8316 928.5672 910.8986 883.9014 878.0204 884.5187 883.6636 875.8693 866.0012 850.7297 836.0360 831.7117 839.2473 859.7180 872.2928 880.2125 885.7181 878.5284 861.1048 843.0070 839.2548 852.2981 858.1285 855.8665 853.9412 846.6177 849.4645 858.4685 863.9689 865.5687 870.6767 886.5027 896.5790 897.4747 912.7125 930.6364 924.0508 900.4952 884.2993 871.0986 859.1126 849.9490 843.1599 844.7872 843.8938 840.6221 838.0380 839.6432 857.4504 877.3653 884.7404 880.2450 880.9285 884.4521 873.5592 851.7431 853.5357 876.3383 885.8184 884.1365 880.1886 869.6666 852.6622 854.2995 865.6348 875.3430 884.2867 881.5533 856.1369 834.8571 843.0703 860.5936 880.8332 887.1756 878.3579 858.9413 847.9907 850.3043 849.9063 839.6263 843.3561 861.4564 870.6635 872.7449 865.5710 841.7634 821.7349 819.5325 821.6610 821.2391 818.1440 817.9399 821.4656 840.9778 869.3211 878.7866 862.5767 842.6198 827.4117 824.1674 843.4246 871.5647 886.4915 882.1285 877.0201 882.7078 887.5653 893.0552 895.6568 893.4956 887.5744 886.6239 900.1693 894.6144 871.8808 863.3524 880.8643 895.7385 907.1336 892.8115 867.4155
897.0428 900.6629 901.7762 895.6140 881.5135 875.1522 893.1897 930.8022 950.4268 929.7679 905.5786 895.3248 883.1073 868.9763 861.2006 856.6676 847.2277 835.8154 832.6403 839.6879 860.3101 875.8359 887.9856 895.1453 892.1685 878.9460 858.7506 841.7930 837.9640 841.0346 844.2132 843.5276 844.6302 859.4579 873.8807 883.1781 885.2108 884.3755 896.8185 913.0806 921.8633 927.1750 923.9655 909.7499 903.1619 900.7439 890.5339 877.1416 861.6669 843.8449 839.6450 847.5643 854.8625 854.7866 843.3503 844.7248 857.8111 875.1486 887.5950 896.3846 898.9507 887.4214 864.6626 851.3088 869.8587 884.1155 883.8636 877.7434 860.7225 854.4067 870.5252 883.4874 891.1201 895.2284 887.5031 860.7219 837.2986 849.0939 865.4664 879.8370 879.4744 863.3661 851.1182 859.7438 868.6316 863.7604 844.6776 848.9837 865.1028 871.4291 868.6560 851.3738 837.0991 835.0896 828.6377 822.9643 820.9422 819.0694 818.3978 822.1910 838.4987 862.5804 867.2474 846.1612 828.2014 822.3340 822.8658 842.1812 870.7423 879.9448 865.4079 854.3062 861.6761 872.7496 885.8694 894.4742 885.0995 867.4195 867.1678 886.8168 882.5743 862.9455 866.2596 888.9558 908.8705 914.2490 893.7100 864.2673
892.5350 896.7126 911.1101 910.4838 901.0327 894.5312 908.2081 934.8057 951.6640 941.4508 921.7051 893.7806 871.1287 862.7391 861.5646 859.8632 850.2193 836.8574 832.1810 837.8474 857.4152 876.5949 892.2809 900.7466 899.5013 889.5236 871.8585 852.8671 838.3491 837.6687 850.1456 859.7285 854.5556 856.7372 871.9532 881.1373 882.7525 888.7592 904.4575 920.8603 929.6705 928.6610 912.4929 885.5683 884.7703 894.5948 888.9872 880.9033 863.7358 844.5787 851.2054 869.2357 876.5902 866.2722 851.5082 853.1423 850.9053 860.9458 883.4194 900.5051 908.3749 898.5246 874.4566 852.6245 864.3735 880.6227 879.3707 869.1673 854.1404 862.4998 880.9854 894.7321 903.8593 901.5588 882.9181 852.8818 836.9096 855.0504 876.6853 884.5302 874.4280 858.9963 861.2347 871.5095 870.8836 858.2798 841.6348 852.1960 865.3754 867.5515 858.7980 849.3469 853.7850 858.9078 850.4763 838.0616 826.5950 820.1317 822.9275 836.0260 854.0305 868.3232 863.5361 844.1901 836.2977 831.0609 825.1296 829.9994 853.4783 864.0258 847.5270 847.3834 860.4100 875.0599 891.3058 895.5579 876.0839 856.3257 852.5582 863.4122 861.9014 853.4277 864.7100 886.0805 910.8121 916.4435 886.9833 858.1745
877.1566 891.4927 906.2402 910.4980 897.6744 892.1824 899.7233 913.3422 912.1913 912.3038 918.6189 892.6013 875.1506 874.0023 873.0201 867.2308 852.7497 837.2680 831.4443 838.6882 857.0890 879.6736 897.1476 905.8301 899.8597 887.6919 867.5868 853.0294 843.8334 837.9880 847.2589 868.9942 873.0995 861.2387 857.2336 860.2565 864.4459 873.3311 895.4106 913.4386 913.6757 912.3409 910.5693 882.1010 867.1332 871.7009 870.0884 864.8884 851.3947 842.8998 859.2756 882.4259 887.5156 867.3290 859.7784 872.5970 865.3225 853.6660 869.2263 889.4032 906.8804 902.8533 880.2170 855.6401 863.7792 877.3011 870.5955 857.1965 855.5490 873.1382 887.8227 897.7972 904.6766 893.4556 863.2103 839.9640 835.8070 847.6808 866.4507 880.6511 876.8374 866.3741 873.3242 873.0374 861.5870 849.3024 841.3098 856.3843 870.0429 870.9119 863.0314 862.1807 859.6047 843.2108 826.5535 825.0148 824.4484 821.6580 832.2269 854.4752 871.1329 878.2059 869.9051 856.0070 854.2139 848.9613 834.5148 825.1951 838.1003 842.1848 837.6595 845.8245 855.9763 875.8975 898.2684 893.4950 869.1274 854.3053 842.1573 839.3873 846.4846 859.9559 869.4427 883.1064 907.0430 910.8635 879.9882 848.9714
872.3661 887.5131 891.1249 898.4020 890.7964 883.7300 891.2227 892.3411 883.8339 901.3818 914.9730 890.5200 869.0523 863.0219 855.4722 849.1562 843.6492 837.8290 833.1110 836.0899 850.0261 879.2698 900.6213 904.7488 889.8516 871.8051 860.3207 860.3078 858.5134 847.0919 840.8876 859.0845 877.4029 874.8006 859.1458 855.7093 865.0399 867.0758 879.7081 891.2483 889.2675 900.5165 907.9903 892.5435 870.4689 856.6634 850.3254 845.9661 842.9892 844.7217 855.0945 875.8408 888.8925 871.0898 869.0154 886.0836 878.2804 863.2616 876.1183 893.3522 905.1614 896.2937 873.9628 854.3924 865.5253 877.3626 870.4879 858.8912 858.6035 874.8530 883.3022 880.7817 877.4599 865.6370 842.5541 841.4661 849.1953 847.7516 848.8426 865.2163 879.5875 879.9579 882.0731 877.9995 872.2482 861.7053 846.8930 860.1299 876.9200 881.0859 873.7163 858.0575 836.1129 821.7499 818.7980 818.8773 822.8265 821.2448 832.8611 861.4266 878.8024 879.4310 876.9007 873.0861 871.3054 864.0778 842.1758 824.6846 824.9885 830.0184 834.9368 829.2207 838.5823 868.2913 891.8817 879.2714 854.1170 852.4073 841.6123 831.8348 849.1677 873.4047 885.3016 893.1497 907.1250 900.5820 867.1058 840.8994
864.7407 870.2009 876.0601 878.6574 874.5991 873.1945 877.5148 872.0300 875.8291 899.5963 904.5870 879.0302 853.3239 846.9858 852.7548 857.9470 857.1890 849.5448 837.5771 835.4117 845.0309 872.6992 892.5219 893.9705 877.4799 864.4344 865.7003 875.0472 873.3149 858.7231 843.1417 846.7725 867.1921 881.0135 872.3311 857.8594 863.2858 873.7371 879.6721 885.6851 893.0356 905.0521 906.5104 892.7287 872.0663 856.1193 850.0262 844.6418 855.3831 861.3673 854.3908 860.2861 881.4153 879.3022 878.4030 893.5558 889.5020 881.0511 896.8262 907.4210 902.0555 884.5168 863.6198 857.8875 875.2160 886.6000 884.8271 874.9608 866.0760 867.6845 863.8697 853.9324 846.7873 839.7243 840.3480 856.5979 869.0769 868.1967 854.9886 851.6354 872.0825 885.0939 887.7866 887.7681 885.6824 872.7606 851.6825 864.0745 885.0178 889.4235 870.1396 841.2682 822.8511 819.4614 818.5603 819.9084 822.0829 820.6096 835.2272 860.1723 866.2421 859.4423 867.6011 878.9552 878.6282 866.7347 839.9625 823.8738 822.0311 826.8463 827.9610 824.1495 835.1070 863.0845 881.0718 865.6826 842.4308 843.7255 837.9972 828.1998 843.9083 867.4178 888.3446 903.7090 910.5637 887.1658 853.0612 839.7486
857.2679 855.9273 859.6574 861.5555 866.8121 873.0870 878.5268 870.7555 865.8813 876.8720 879.6322 861.9130 852.5955 860.2128 874.2350 881.1951 877.0651 859.5103 841.3885 834.0233 839.3568 856.2756 873.8839 883.2528 880.6562 876.9923 883.3348 886.9654 878.9324 863.8837 850.8683 842.9724 861.6866 886.9454 888.4973 874.0222 861.2506 868.0045 886.1594 897.9900 904.4375 906.9442 894.2050 877.1844 865.6898 865.1137 852.7584 855.5477 873.3136 880.7491 869.0827 857.6624 870.9710 887.4090 893.9120 902.5975 910.7155 908.8007 914.9277 915.0653 898.6173 875.3481 862.6655 872.8409 890.9408 899.3776 895.0223 880.4504 861.3879 847.7889 842.1583 841.0784 847.7986 848.3823 844.6849 860.6075 876.4885 881.4835 868.9412 850.7025 866.5188 887.4020 894.8883 897.5102 893.9010 880.6747 858.6464 874.4633 894.7203 897.2167 869.4354 837.0114 820.5256 818.9800 818.6312 823.3212 822.8470 821.3170 834.4712 847.6196 843.2726 841.7507 858.5710 878.9107 876.0333 856.1723 833.4440 823.4218 825.9071 826.9636 829.8155 828.4633 829.6817 847.1802 859.7333 839.5042 826.6439 830.6902 830.9918 824.9718 829.4229 845.7458 863.2625 888.4931 895.8389 867.2966 839.1865 846.4542
877.2949 873.3464 871.1781 864.0383 874.2341 890.2385 900.5619 894.3439 874.3297 859.3696 855.9247 857.5963 868.6840 884.6187 892.6310 893.7839 883.6771 860.9225 842.9411 834.3941 834.7679 843.0234 857.3748 873.9267 892.0432 903.4310 902.8840 891.4703 869.8743 857.3065 853.8596 843.8669 859.4406 884.4329 893.8253 890.3257 878.4620 867.2585 872.4979 888.0971 899.6272 906.5770 895.8325 884.1967 878.3311 867.6976 851.0928 865.1622 884.1392 891.4123 883.9188 863.7568 862.8300 888.1253 908.5713 920.4163 930.2166 932.8376 935.0338 930.9423 913.4492 895.0388 886.3087 893.6249 901.8737 900.5920 886.8113 862.3967 847.1021 846.9656 847.8002 846.9020 861.3274 865.5352 852.1882 853.8899 871.8914 884.4835 878.5727 857.7513 865.2682 889.9367 903.1819 908.1017 903.2526 883.6085 869.5756 881.9022 890.6931 888.8907 865.2684 835.0138 820.1163 818.9606 818.8655 823.4089 823.5051 822.8366 832.9291 842.9894 847.2782 847.4107 864.4111 883.6235 878.0697 856.5833 834.1803 828.1905 844.1543 853.3755 854.5014 848.8362 833.6022 828.6656 834.3384 829.0529 824.2552 825.8976 829.6151 829.8936 830.7366 829.5422 836.0955 861.8954 867.0720 841.8359 833.2536 844.0115
889.4340 895.1401 895.4218 881.5542 876.4199 893.4744 907.3623 901.2776 878.7218 857.3388 857.0377 872.7751 888.2337 894.2308 887.4036 881.9226 874.9821 854.0978 840.1631 835.0647 834.5967 841.9780 864.2172 888.3020 914.3624 929.9379 922.9152 898.0721 873.6389 868.9747 864.7960 846.5749 852.1494 868.3459 878.5427 892.6752 894.7800 882.3424 868.7377 877.2366 896.0826 911.5254 910.5454 898.6132 880.8408 860.6276 854.1451 871.9879 889.6991 896.8345 891.9119 869.1544 857.9291 882.4694 910.9866 931.0018 945.9324 954.1145 955.0653 947.4827 923.2068 906.5209 903.6376 904.2327 900.6578 888.2651 865.9454 847.7300 855.4422 865.9763 862.4619 850.2576 863.8997 875.0679 865.9038 861.3829 875.0994 887.9987 885.9296 867.1621 866.9032 891.0762 908.1177 914.3080 910.8481 892.6299 878.1735 870.2419 863.2055 856.5695 845.6082 829.3359 820.5858 819.3446 819.0097 820.3951 822.3718 828.6960 848.2447 863.3344 864.8404 855.8653 869.1424 887.2855 874.7064 850.8024 832.0396 831.0103 856.1063 877.5215 884.7215 877.4573 848.9457 829.3030 827.7350 828.1154 824.0533 833.8813 849.5400 851.9299 840.9156 830.7061 828.9854 842.8181 840.5137 830.3732 833.0746 829.7609
889.9246 899.8293 903.1495 894.7930 885.3751 894.8521 900.6328 886.7858 865.4536 858.0821 874.7756 890.4406 890.4731 877.2019 865.6527 861.8463 856.0512 846.5042 845.5241 840.0814 835.8223 841.3472 865.6436 899.8249 923.8021 925.4334 924.0156 909.7783 893.9686 885.6665 870.9114 848.0661 844.2119 861.1249 878.6597 896.7230 905.0028 896.6166 884.0800 889.5330 905.3513 919.5573 917.7064 896.6215 871.5112 856.9990 859.4810 878.9434 891.6793 895.7222 887.4507 865.9617 852.2653 871.4623 902.3957 926.2079 946.3806 958.8700 961.2605 944.7215 914.4031 891.7155 895.5223 894.3279 883.5436 866.0955 847.5072 849.3971 866.5495 876.2665 871.7472 855.5034 859.4083 878.8076 883.2955 884.2404 891.5036 896.7797 890.6207 872.4957 870.7962 886.3473 897.2518 904.2697 908.8270 898.6257 881.6457 863.2014 848.0624 842.2317 839.7793 826.5347 820.7198 820.0914 820.8848 821.4830 822.8136 828.1422 854.5212 876.5917 879.8329 870.1866 877.5295 890.7191 874.7841 854.3579 838.2747 830.0332 845.8191 863.5604 877.2805 880.4963 853.4611 841.5878 843.6380 833.6348 825.3500 839.5676 864.8284 864.9527 841.1894 833.2269 832.8699 829.9163 827.8513 826.5388 827.3454 827.2760
877.2878 886.2891 893.6146 902.5860 904.6569 906.9957 899.0634 874.4489 856.5155 866.6848 889.1398 903.0186 897.2119 875.2603 862.1495 852.0519 846.1711 852.1082 857.7539 847.5310 836.8773 838.1156 861.6702 894.1213 899.2430 886.4484 904.3470 907.9279 886.5664 876.9445 866.6853 851.0904 843.3740 861.7389 883.7203 898.0032 906.4279 904.7521 900.6406 905.0565 916.0871 924.3049 910.9651 885.0450 874.0024 867.3527 865.6587 884.7219 893.0372 887.2974 873.1607 865.1704 856.2823 861.9769 883.4321 907.5262 928.6620 936.7322 938.3152 922.8586 893.7030 870.1466 869.8233 866.7267 856.5927 846.8950 843.6827 853.9924 873.6378 883.4979 880.6447 864.0733 856.6372 879.2197 895.3134 902.1660 907.4628 906.1487 893.8419 877.2062 876.4866 871.8918 874.1878 892.9548 909.5416 909.7875 898.8038 877.4321 857.4962 853.5914 843.0147 825.5955 820.6466 821.5958 823.7887 824.5917 823.0020 827.7983 853.8230 876.9214 886.8937 887.8269 891.7238 901.1969 894.0791 875.9464 853.1497 833.7957 837.3581 859.9395 880.9197 880.6371 862.1674 861.9454 867.6132 849.7090 832.6237 843.5756 863.9962 857.5364 836.1467 840.1785 845.8499 839.3502 832.4628 825.9683 827.0599 828.6848
863.3611 872.7745 884.1373 902.4678 915.5375 912.9312 896.7001 870.9487 862.7388 881.5926 899.2125 909.7704 908.9446 887.1067 867.5441 851.7257 851.9760 865.2998 868.0883 853.7332 839.1225 837.0864 853.3976 867.1465 864.9762 874.3984 898.2080 893.6805 871.5303 859.4547 854.4777 847.5650 841.4271 854.3423 872.3893 882.8300 896.8332 903.4116 905.2073 906.1093 912.2578 918.3986 901.0426 885.3461 887.4008 878.0477 875.3470 890.2148 888.8377 875.5751 872.3994 878.1682 870.4789 863.1309 875.1168 894.7600 905.6133 904.7567 909.2739 909.4709 891.7546 871.2689 858.4008 846.8387 844.3738 852.6852 856.8816 856.5764 876.2090 890.7390 888.1885 871.1768 857.4648 879.6155 902.1501 912.8575 917.2147 911.9241 896.8829 882.9072 877.6039 860.0779 866.2217 894.5957 915.7098 924.8179 917.4323 895.5149 878.0565 873.4561 852.7501 830.6346 820.9501 820.9116 823.6788 824.5854 822.3920 827.0003 845.5577 863.6599 883.7355 899.1682 911.1573 920.9943 913.0343 890.6021 864.8393 840.0486 841.7200 863.9451 890.7332 906.2159 899.5309 889.1295 886.9645 868.2833 850.0599 856.2975 869.4594 859.5730 837.6924 844.6616 858.7837 862.3389 843.7846 830.0846 837.2650 837.5248
869.9976 890.6929 905.5303 918.0035 917.0350 900.9813 885.5428 871.4910 878.6829 890.2963 892.8893 904.5184 906.5588 885.8215 862.1736 848.3754 860.7657 875.0836 873.8524 857.9301 842.4328 836.7115 840.9878 849.3105 861.7380 887.8300 910.8077 907.8923 891.8071 876.3842 868.7407 850.4612 842.3481 849.6196 857.0662 867.0444 882.1785 887.2027 885.8079 884.8363 893.4498 908.3105 908.8147 902.9991 901.2610 889.8503 890.2084 895.4704 882.4567 879.0327 890.3235 895.4780 881.9165 871.4355 887.4617 901.1713 889.0629 880.7274 886.8158 899.0890 900.7823 883.4107 859.8420 845.4210 853.6094 867.7328 872.7808 866.6623 882.3806 900.0724 895.9576 875.0250 860.1036 882.2312 905.1309 912.5422 909.2463 910.1606 896.9582 872.6312 860.4830 850.3982 864.6846 890.5581 911.4579 928.3179 927.8255 905.5960 883.5119 875.9396 861.1267 831.6249 819.9796 819.9797 822.7047 823.9475 820.6710 828.7348 854.3315 878.4936 899.1916 913.7712 924.1071 918.8303 902.6725 881.5148 854.7880 838.5660 844.2576 862.4471 885.5385 914.7395 943.0936 947.9441 926.3585 903.7333 894.9116 886.1256 878.4989 861.0342 842.3007 848.8395 864.3039 858.5906 845.0067 847.9996 855.7925 853.3824
871.9519 899.3912 922.3642 929.3004 916.1434 889.2835 873.2344 876.2004 888.8871 886.5399 879.4453 893.0485 899.0966 886.2930 862.8395 851.7377 871.4546 884.0250 877.4310 862.1865 847.3472 836.7555 840.5481 859.8274 879.7552 896.7560 921.7623 931.2492 918.0179 902.4094 880.0972 852.5886 847.5137 860.6520 861.3447 857.4174 862.5014 865.4360 866.6837 874.5201 890.6479 906.6053 906.1644 900.3008 893.4888 895.5762 902.1816 903.2101 892.8506 896.7070 909.2790 911.9554 893.0390 882.1861 895.2034 903.1598 885.3315 869.8815 871.1256 874.8509 875.7322 865.9628 847.7927 847.5837 861.9620 875.5272 884.3817 885.8638 898.6130 909.8090 901.1893 880.3827 871.7345 892.1976 909.5502 907.6699 890.7069 894.1812 896.8748 880.9891 863.4308 846.2180 856.0817 883.0017 902.3521 916.5460 918.5792 893.3549 862.3502 849.6237 850.6899 829.0554 819.6483 819.4731 821.7080 824.1332 821.9677 827.9646 856.8651 878.6967 878.9578 889.5078 907.2135 897.2779 876.8519 856.6255 839.8301 843.4935 853.4485 863.2089 885.7830 917.9745 954.3966 982.7840 993.3587 971.2548 944.8355 897.1418 867.7985 848.8225 846.1058 860.2730 869.1865 849.6169 849.9556 868.7845 876.0612 874.5841
870.5309 886.0984 915.4810 924.6591 903.7711 882.8120 882.6545 895.5049 901.8502 885.2559 868.9684 882.2371 890.0214 873.8192 854.4675 854.7631 876.2183 889.1189 884.9372 871.5417 853.5031 838.3530 844.0499 873.0153 899.7424 913.5556 933.0536 945.4147 931.9212 909.8250 880.6979 851.5229 849.4990 867.4265 878.9160 873.3058 866.4721 868.8315 877.0389 888.8588 895.8737 895.2919 884.3411 876.0608 878.0270 890.8375 909.7073 917.0327 916.0369 917.5984 919.9260 918.9367 906.0078 893.9136 889.4191 887.9866 876.5991 860.5848 857.1235 855.2314 857.4785 857.5061 849.2845 849.9627 861.8597 870.8179 885.9266 902.1178 917.7993 921.6317 906.0118 887.5844 889.5063 907.2228 912.5205 900.8088 882.1451 874.5498 889.5998 887.8977 872.4019 847.8476 846.7052 875.4661 885.4680 881.4724 895.0609 885.7907 850.0107 834.4847 842.3992 834.3320 822.9473 821.0496 822.0262 824.8929 824.3843 825.7667 848.4464 854.9915 861.4033 876.7396 887.2620 871.5233 860.4821 843.8290 841.2253 861.1852 874.9579 883.7073 898.4671 910.3035 928.9567 968.3563 1027.7467 1025.0162 957.9288 899.0580 864.6309 843.4657 851.7948 875.1573 878.5060 853.9502 857.2109 881.3094 895.4416 889.9934
878.0847 876.4919 902.7615 912.8701 902.1372 898.8730 907.3376 913.9586 903.4405 881.7715 867.0585 863.8568 864.8456 859.0262 858.6164 862.0415 873.9193 877.0986 877.0128 862.8020 846.9453 838.2643 847.0836 876.8015 902.5758 917.8350 936.5676 947.3732 937.0162 910.8034 877.0553 849.4537 846.5327 858.7052 875.8804 885.2943 885.4924 886.4390 887.9102 886.3975 880.1635 872.4930 868.0838 875.8318 893.4785 902.4910 920.8209 933.6725 936.8662 931.9858 913.2368 906.1769 904.5944 883.8011 868.1573 861.9695 857.5702 854.9376 855.9336 864.6713 874.2307 876.5417 861.3843 856.1447 873.2140 881.6573 888.1486 906.2522 924.3232 927.1858 915.3613 904.6166 907.6449 913.6876 898.9140 885.4438 878.5323 862.5054 875.9031 884.0424 872.2887 848.8384 842.9582 867.5127 872.3278 854.7150 863.3364 861.9913 835.5422 826.8657 830.2828 829.7008 825.7051 825.3918 825.8795 825.6974 822.5198 821.9479 832.3909 839.9401 855.4360 877.1033 885.9780 868.2111 851.5513 837.7939 844.2252 871.7605 881.2691 876.8649 879.9744 888.3152 910.7572 953.6982 1002.0819 1014.5354 955.9233 900.8360 867.4158 842.7460 852.9635 881.8364 881.7665 862.0650 869.9753 889.5743 894.5006 874.3525
877.2217 871.2863 886.3455 896.7139 916.7247 925.8029 928.4471 924.3263 912.7372 895.9268 880.7627 865.2280 863.2963 866.6599 870.9612 873.6346 875.6841 861.2511 852.2924 842.4846 838.2526 838.1873 849.3550 875.4863 891.7136 901.6392 920.6497 923.1404 921.3459 900.8709 868.0209 849.6260 852.7241 852.0739 861.1617 875.5759 888.7449 887.8475 876.6487 866.3696 864.2670 863.2822 866.2037 879.4561 896.7725 910.9533 930.5059 946.3583 946.0591 930.9979 903.0425 887.2495 885.1771 872.0880 872.5211 870.2699 866.3181 873.6378 877.8235 886.8346 893.4106 889.8126 868.0514 857.3407 879.2712 898.7583 907.0610 910.7705 914.6962 911.8646 905.5583 900.2487 902.5504 900.5045 876.7607 874.4673 884.0267 866.5458 862.7050 878.3637 871.8607 849.6309 838.3842 861.3018 867.6746 844.2289 833.6970 832.4527 828.1124 825.7305 825.4495 823.7379 822.7553 825.3547 822.5153 821.9882 820.9128 826.6263 846.3652 861.1622 862.9345 874.2090 886.4064 877.0801 854.4794 840.1276 841.9766 858.8519 862.0132 862.3193 873.6398 890.1998 914.7071 941.8368 962.4062 974.8914 929.8726 888.3864 858.9201 842.6338 853.4062 875.1934 882.4438 882.7023 905.1435 896.1266 871.3794 852.4552
888.6118 879.8526 877.4430 897.3314 921.6072 932.2568 917.2399 905.2590 913.4160 903.0287 881.9589 867.9422 866.2118 860.6658 864.8702 875.2604 867.2255 847.0945 841.0669 840.1500 839.3195 840.4637 854.9660 876.4711 880.1606 886.2122 901.8934 893.5277 888.9276 876.8171 856.1848 853.8118 865.2814 861.0934 854.4985 858.9386 867.2753 864.7433 860.0771 866.3399 878.1626 885.9976 886.4468 885.0709 890.3123 905.2279 925.9881 934.2649 918.7900 919.2158 905.8002 881.5936 873.3214 883.0257 896.8570 892.8568 881.3662 891.8328 903.1593 904.7336 898.8015 884.4197 865.4651 854.9404 872.6432 897.2085 918.9234 923.0474 906.1380 891.5279 880.5345 873.6904 876.2939 879.1145 861.7519 870.5073 883.8353 873.9310 854.3076 865.9729 868.9194 851.0633 832.9253 841.1732 841.9617 832.3022 826.3745 825.8486 822.9297 821.0634 820.9565 820.2870 820.1379 823.5741 820.7905 822.6378 829.1639 834.5869 851.8787 878.2294 892.9831 900.1031 892.6802 874.5844 855.8448 851.6478 843.6759 848.0439 859.7292 873.1713 886.9698 898.1160 904.2916 917.7144 940.5968 931.0657 890.3589 865.8583 847.1776 847.7565 857.9431 880.1135 907.1741 929.7762 934.1425 892.9249 858.6712 854.2868
904.2525 891.2227 879.1771 888.8824 906.3677 913.1622 890.4692 894.1747 906.9429 895.4224 883.4138 860.5748 848.5629 844.4961 848.1891 852.8337 849.3745 843.3634 842.2068 844.8210 841.4921 843.9040 862.5941 880.9683 876.2584 872.9376 882.4209 873.7170 865.4742 859.1016 849.5727 858.6583 876.0513 876.9155 866.0122 857.4583 856.0421 854.2923 857.6337 874.4974 892.6777 904.2637 911.3432 910.4166 910.1475 914.4592 920.9763 908.0440 891.8578 906.7785 914.8211 899.5738 881.4801 898.2305 917.3612 914.5137 901.8806 909.3239 921.3957 915.5411 896.3395 878.6545 870.3487 859.7976 861.7864 884.4700 910.1044 928.9743 921.0369 906.7172 892.3796 876.0901 860.6135 856.1732 851.0505 852.3190 852.9414 856.9775 843.8212 843.6726 845.4971 837.5049 825.6746 824.3271 825.3159 826.4402 822.8638 822.7626 821.5783 822.8549 825.0599 825.9676 823.7666 823.9824 823.9651 834.6445 849.3468 851.9158 850.3912 859.4901 895.9655 911.1864 891.0085 869.7527 859.3245 852.0818 844.7053 847.2445 854.3091 873.9007 895.4547 896.5988 898.1016 919.2787 921.6243 883.1931 857.8729 849.9463 847.0002 856.8940 876.0231 894.8961 936.5013 959.1180 923.6421 881.0731 859.9053 869.1068
905.5347 896.8586 899.6204 904.3257 910.0333 902.4367 880.2908 892.6913 897.8718 877.7130 864.0168 850.5984 849.2808 849.6434 844.4856 841.5067 842.8029 846.8030 850.1815 854.2899 845.1753 847.5945 868.3972 886.4603 882.8408 868.6309 865.7563 866.5567 870.4263 866.9630 853.0014 866.7930 885.7965 887.1285 873.5660 866.3763 874.3035 872.8190 863.6351 863.6127 880.3198 900.0529 915.2956 925.6661 930.2103 918.1304 906.9469 892.3771 880.0895 902.5529 919.0551 912.9346 898.7490 911.1935 931.5038 936.7330 935.7993 937.4843 937.8165 927.8334 910.8645 898.1668 885.2659 864.3099 860.2350 876.1179 902.3893 919.0613 922.5355 913.7783 897.5967 886.6489 874.0313 859.4985 854.1459 848.6950 842.7379 837.8116 829.8039 830.4626 837.2846 835.6345 826.8741 826.0917 825.6528 822.9492 820.5046 820.9017 824.8077 837.4857 846.5391 847.8370 837.2322 829.6802 828.6464 839.1677 858.0564 870.4208 868.9013 863.4540 893.0010 912.7598 893.4288 870.7159 857.3878 856.2735 855.4575 854.1189 856.3254 862.1657 878.3320 886.0195 905.1476 916.4867 897.2555 864.9613 846.4435 849.2783 859.4244 870.4639 906.9169 948.2773 967.7935 946.1760 896.3387 879.3252 881.4620 893.8315
907.2150 918.3881 927.6859 930.6693 930.2466 914.3224 885.0034 874.5185 876.8018 864.3488 850.2199 852.9921 862.0974 861.1009 848.0753 843.4097 846.4871 852.9252 858.9818 860.6949 846.0090 851.7556 873.1784 891.5944 892.5071 879.9123 869.2780 879.9457 888.0731 874.8821 856.1380 873.1331 891.7470 893.1201 878.2602 873.8728 890.6624 894.0970 883.1483 868.0344 865.7917 880.8835 899.1410 926.0454 937.2007 918.3795 896.0813 879.0652 871.1179 894.5800 917.7369 925.6138 922.1306 928.7147 945.2022 954.0087 952.6038 945.3531 935.5340 930.3585 915.2244 895.5985 875.0358 862.6054 865.6258 878.3281 893.9787 890.9513 902.9724 887.2628 868.3621 869.8605 883.4987 880.6373 872.2261 866.6627 864.2698 847.7015 827.6157 826.4470 830.4230 829.1572 827.4430 826.5790 822.0555 820.5648 820.8849 823.1171 832.3330 852.6498 865.4166 853.1011 837.8352 836.2206 842.3287 842.9222 849.0472 865.1865 878.4487 878.4110 894.7386 913.5621 890.4097 865.6838 860.7455 872.7596 867.3731 858.5622 871.9806 875.7849 871.2047 878.3264 902.0306 916.1083 900.2589 870.5797 849.1384 859.9545 880.3678 895.8610 942.6188 988.0696 996.2962 952.1853 914.9944 909.7779 908.2043 903.6302
901.9374 929.2358 946.9839 947.1803 938.9398 924.4568 899.1261 872.6450 862.0066 853.5155 850.3250 865.7111 872.6298 864.3306 848.2227 848.8046 856.7244 863.8431 867.0410 863.9568 846.4028 852.9228 876.8350 895.5906 900.6942 890.6049 882.5012 891.9811 894.4404 875.6144 855.5825 872.4229 893.3486 897.3636 882.9997 881.7233 899.1393 907.2518 900.4984 883.9683 867.1583 877.0249 895.0145 924.8719 941.6710 934.3088 911.8785 882.5714 869.5556 888.5043 908.2627 922.2978 926.2458 930.6818 941.7571 945.8535 943.2918 927.9241 911.3454 906.1877 901.3737 880.7645 866.5357 873.3940 883.7403 886.4319 883.3105 877.1945 898.3364 889.2076 860.9700 856.7123 875.0628 880.6625 859.2543 851.4317 861.7225 838.9411 826.9730 827.7784 825.2317 822.8221 822.5875 823.9510 821.0534 821.4742 824.9065 831.8028 845.3554 864.9490 869.4532 846.1562 832.8427 842.2082 858.3323 859.1230 849.3447 854.7026 875.6477 892.3527 902.0319 902.6404 876.6539 863.7240 873.5660 888.3058 872.6973 862.3608 882.2716 896.5389 886.2007 884.3663 904.6085 926.9799 915.9826 882.6608 854.4386 860.0045 887.8009 899.6868 923.0269 944.0168 964.1652 977.1531 966.5949 936.3531 901.8788 879.9589
906.4303 929.9378 940.7689 922.5125 906.7119 901.8038 896.1887 875.8339 859.3181 852.4163 858.0784 872.4907 876.6756 861.8453 851.1830 862.1857 868.3611 871.6329 872.0696 866.9650 848.4233 851.3812 872.0231 888.7762 900.5599 899.0186 895.5942 895.9451 890.5337 870.2072 855.5859 876.1260 894.9171 900.5460 894.5410 895.7935 907.6772 916.5107 912.7192 895.6512 872.9036 884.2719 907.2497 929.1250 930.9874 922.2037 903.9515 878.9313 867.2667 882.3476 890.8176 894.4438 895.2535 903.4097 908.6949 923.1329 922.5377 912.0401 906.6382 891.5548 879.2502 866.9929 872.9323 888.2078 886.8174 873.6631 863.0109 865.6157 884.0784 883.5425 856.5797 838.9653 844.5370 847.6819 833.7832 828.2158 830.3803 826.3444 825.6270 823.0453 822.4475 823.1906 824.0628 823.6513 826.4586 831.6650 839.0792 846.8208 864.5565 879.9339 866.3099 841.6169 831.1953 840.2797 857.9874 871.0304 864.9659 857.0294 863.9881 886.2482 907.0231 904.4362 879.1399 873.9493 888.3806 898.5383 874.7872 863.4019 879.7985 902.8515 904.2475 908.7936 936.1746 954.4456 922.3220 881.8809 857.2366 852.9175 860.7838 867.3093 880.5072 904.0813 937.9561 974.0078 972.2105 944.3248 900.3901 874.2449
925.6973 933.6182 925.6106 900.2971 880.1573 874.0193 867.1254 857.8282 853.5118 859.0665 870.5718 881.4966 880.5204 860.4639 855.0659 872.4107 878.4075 878.5871 878.2704 869.7750 849.8465 847.8678 860.7951 872.2283 887.9062 896.4930 893.0146 883.4146 874.0778 860.1276 856.6816 879.2445 894.6973 902.1511 907.2498 912.8815 921.9520 928.5184 920.9029 898.3145 874.4537 878.5778 902.8508 919.4886 904.2973 884.7206 875.8784 863.0716 862.7888 873.6792 869.4585 869.8943 881.5889 890.2333 898.7240 920.5280 923.6447 907.7355 915.9521 904.7978 879.8561 870.8132 888.2804 892.9699 873.0701 852.2814 846.1865 857.7714 863.2065 857.9479 838.2457 826.7032 824.1228 823.9813 824.7393 822.8041 821.5720 822.8599 822.1862 821.2576 825.9321 838.2673 838.1508 828.8617 835.4671 846.9114 862.1653 868.1921 882.6833 889.9833 862.1164 835.2336 830.0472 844.3309 862.4285 879.3115 884.6616 872.8351 863.9596 871.6374 895.6643 907.5573 887.6782 887.4941 902.8310 900.4816 876.0060 867.5298 875.3320 896.6067 922.2040 941.2263 970.2053 977.1321 928.2802 884.9249 872.0773 865.0394 852.8797 862.1311 880.8235 907.8545 941.6280 975.6766 953.7309 924.7891 902.8202 883.0724
916.4825 903.5598 891.4286 879.0096 864.2706 859.4537 859.9653 858.3763 860.7804 874.7586 885.4158 890.2852 883.5293 861.3717 857.5509 876.6631 885.3329 886.0620 883.9100 871.4649 850.1182 850.0566 865.6038 876.6337 886.9290 887.8445 876.4070 868.7355 865.0812 856.9153 854.9146 870.9879 878.6135 886.7911 901.4359 915.6741 928.2176 931.5180 917.0063 891.8632 878.8946 886.9545 904.7333 914.6490 898.1732 877.4227 865.5112 855.0704 858.2072 861.8710 867.8185 885.0012 906.0647 916.4830 921.7352 936.5044 931.0364 904.0007 909.5334 899.3459 877.7137 882.6995 902.9478 902.6019 878.6741 855.1083 844.1348 841.9540 840.5496 834.5687 825.3618 822.5394 821.7079 823.7626 824.5709 821.3817 821.1774 822.0049 823.5275 828.2550 841.0391 856.9933 851.6225 835.2289 844.5687 853.7289 871.3853 887.8804 895.8644 884.7951 855.1797 833.9769 829.6130 845.8457 869.2808 888.2107 899.8342 891.6960 879.8093 881.6784 906.7839 925.0390 911.1091 909.8813 917.2164 898.7386 880.5389 872.9687 874.5134 892.7582 921.3436 955.1266 984.3228 971.6817 938.4925 913.5188 896.1865 878.0989 858.5933 864.1999 889.7692 929.2009 965.1701 994.3589 967.7708 921.9287 895.4199 879.6255
890.2961 875.4781 863.7518 860.8713 864.2974 875.0089 882.8740 872.6273 868.8048 887.9471 896.8875 894.4190 880.7051 858.7030 857.3643 878.6080 889.3008 890.5845 886.3018 868.8604 847.7425 851.0610 867.6819 883.5843 891.4880 887.8150 880.8809 880.7221 878.4713 865.0131 853.4658 861.7394 869.3367 875.4493 886.4993 901.9318 917.8666 918.9489 908.0185 899.7082 900.0078 905.6843 909.0154 907.6817 902.8483 895.4818 882.7689 861.1152 852.9195 866.2162 881.8642 900.0546 921.4229 928.3824 924.7360 925.3607 931.0960 907.9443 893.8004 879.2224 878.1042 897.6898 918.2691 917.8132 898.8610 875.9026 857.7167 844.7364 832.8856 825.0046 822.3003 821.8934 822.3796 823.0306 824.9012 823.6605 823.0473 825.1240 833.8625 848.1865 863.0247 871.1299 856.4297 839.4473 856.2984 867.3967 881.4100 902.4739 909.2603 879.8475 847.6279 831.3715 830.6643 844.0799 862.4424 880.8725 903.4260 917.3560 913.6942 917.9244 947.1058 960.1265 950.9708 944.2663 938.6687 911.0833 893.0579 886.2849 885.0793 891.9572 922.1012 966.5781 982.4420 952.6828 921.1367 917.3043 899.3600 869.9857 872.3129 885.3617 896.3425 927.5085 962.5831 990.1154 967.2223 937.5703 903.9537 880.7737
870.3985 862.6002 863.2490 873.6307 884.6339 899.8251 905.2244 884.1009 872.1628 894.4758 906.7301 895.3215 875.0195 855.1496 857.2865 878.9173 890.7314 891.8090 885.3039 863.2363 846.8912 852.3246 857.7092 872.0349 886.8007 893.1797 891.8929 887.0355 876.8873 862.9142 854.0724 863.9481 879.0002 889.0491 893.6707 897.5471 901.7517 895.8351 889.9960 901.1108 912.3245 911.6627 896.9615 888.6808 897.2762 903.7508 892.9636 869.1357 853.1177 865.1195 883.5775 904.1631 916.5532 906.2058 892.9622 906.4411 929.8618 925.7281 897.6170 880.4557 897.3073 921.9379 928.6475 916.6009 909.1110 886.7201 861.9896 847.3464 832.5049 823.0330 823.2089 823.4717 824.6540 825.1257 827.4509 834.8067 829.5657 836.4485 849.8411 866.3632 878.7407 878.2870 857.7565 844.6277 864.2220 880.5947 895.8520 914.6761 917.5526 882.3467 846.0935 832.1310 837.0063 846.5132 860.4572 883.9323 907.9348 938.2167 960.9057 980.5518 998.9716 1011.8972 1008.9507 988.5720 961.2007 937.5703 917.5955 913.0731 917.4900 913.6431 938.0565 968.3774 969.0286 948.6123 912.5707 879.4642 865.0349 859.9576 881.0674 900.3575 918.9683 945.7517 971.1360 978.8001 946.1037 924.5506 910.3749 910.2888
881.0143 869.3763 873.3478 896.7119 913.9390 921.6500 920.5645 893.8522 875.3345 891.5787 897.0026 887.2966 865.3479 852.1642 856.4969 870.4003 884.7693 889.7653 882.6808 859.2720 852.7653 866.4443 862.9897 860.0499 872.4550 887.6587 888.1566 876.1388 869.2614 861.1403 857.1984 860.4261 870.8493 886.7222 891.5665 885.1326 880.2426 878.8383 889.0612 904.2630 912.2593 909.8467 888.6823 875.6461 890.5571 895.5775 878.5704 864.2728 850.5483 856.5091 884.4031 903.4780 891.2314 873.3350 883.2131 908.0071 935.1274 939.3196 909.2454 892.3355 912.2156 934.4885 927.0603 894.7768 887.8723 879.6472 871.3248 862.2092 838.9120 822.9515 823.4042 824.0080 824.2534 824.6462 828.2352 844.3265 837.3437 844.8588 865.2670 878.2214 883.7292 873.6614 849.9264 843.0494 858.1666 874.1508 894.7571 915.3063 913.2361 880.9751 847.2834 835.7416 856.5925 879.8022 894.2530 921.9896 950.2144 971.3730 994.7587 1023.6587 1041.4384 1059.3602 1074.1035 1054.8413 1008.5423 982.8375 950.9354 950.4077 958.2230 938.7208 927.8636 923.6590 926.8342 908.1796 886.6064 863.1724 868.1943 876.2236 888.3512 889.4417 910.3257 943.1830 972.5621 979.6990 946.2292 928.6425 938.6525 968.1384
903.5701 876.7060 875.7850 901.4518 928.2214 933.7183 917.6639 895.3730 887.4903 896.1436 883.4630 871.5042 857.7396 859.7709 867.5540 866.7573 872.2059 885.2666 877.4627 854.5301 860.7717 879.9020 881.1424 869.0138 863.9766 876.3260 885.7560 881.9824 881.3872 868.0063 865.0044 870.6023 863.9484 865.2573 868.3545 870.8791 882.7968 894.4419 904.8030 908.7693 903.9734 901.9662 885.4700 871.9033 890.3509 897.6166 883.5532 875.1025 860.1848 855.5149 882.8429 898.8250 872.8348 864.6160 891.3733 919.7484 941.5718 939.2971 922.4312 912.2881 923.1066 937.2854 921.9423 885.9750 866.1702 854.7734 856.5283 860.7866 837.7225 823.5923 822.6042 823.1778 823.2280 824.1346 839.1114 856.4363 844.0715 843.7925 867.9648 880.9642 879.1264 859.0291 843.4208 842.9959 849.4564 866.7656 889.0513 903.2434 886.0856 857.6674 840.5674 841.3569 861.0550 888.2159 911.9278 933.1902 952.1841 970.9537 990.2684 1024.4573 1047.8148 1074.8163 1096.1990 1080.9248 1047.1196 1020.5307 985.2853 987.8803 975.0348 922.1566 893.0605 884.1755 885.4419 872.4835 862.3856 870.3499 896.3371 914.1365 914.0057 892.9686 900.5443 930.5775 959.6636 979.8215 968.9938 955.3914 955.9254 990.5334
905.6140 875.6321 871.8304 891.4031 920.4106 933.4364 913.7305 901.9447 900.6119 900.1236 875.7971 859.1173 857.2053 872.7443 886.0624 889.9935 890.5430 890.8500 875.5383 854.0423 867.0316 887.2097 898.8967 892.4960 878.4347 877.8211 891.5089 894.2322 886.5361 867.4462 871.2083 883.0155 871.7719 865.3394 863.9937 877.4543 898.4260 904.6940 902.0284 900.5069 895.8475 886.5008 874.8073 868.1566 890.1259 904.0721 901.9398 893.4885 874.3107 854.1083 868.0281 878.7097 858.6196 864.4178 890.0826 911.9544 917.0902 909.8318 921.4700 927.0985 924.5730 926.5148 916.7228 896.1906 870.2511 849.0570 838.0267 833.7668 827.0406 823.2735 822.1682 822.0119 823.4384 834.5061 860.4845 871.1642 852.0519 844.8469 866.9686 879.8766 869.9373 851.4379 855.9914 862.7108 855.3699 861.6969 880.9732 885.1217 861.8948 840.1451 841.6074 863.0781 875.6802 891.4703 914.5015 929.6447 944.8007 956.3594 975.4683 1005.1199 1028.0952 1052.8002 1074.3969 1058.7872 1020.4966 992.3278 981.3233 980.2651 962.3298 912.0921 878.7548 868.7130 865.0754 867.9284 876.8961 884.2255 913.3884 938.3746 929.0421 900.9312 902.0599 923.4890 946.8331 972.8696 996.7837 994.1570 978.1650 1000.4761
887.4864 871.2803 872.5838 895.5533 929.0635 944.4648 928.0784 900.1427 886.7924 886.0348 866.2460 856.5900 863.2132 884.5419 898.3483 901.3899 896.2714 887.1765 872.0160 854.4148 869.4108 887.6281 905.5117 907.1180 896.9710 894.9848 900.6128 898.8915 882.1743 866.4071 878.4142 889.6371 878.3302 874.9633 873.7828 879.3741 898.6497 904.3325 895.2610 881.9258 878.5892 872.7164 859.9999 863.0992 881.6715 901.3945 910.7634 899.0055 877.3461 854.9681 850.4066 856.5164 860.8012 873.6469 885.4172 886.1722 877.3238 886.1806 911.1221 912.8666 887.9301 884.1014 897.8785 895.4627 870.0861 848.4381 836.2283 825.4897 823.8391 823.0455 822.4172 824.5403 833.5748 853.0642 879.1440 882.1104 857.9847 845.7139 868.6870 881.7170 863.8782 854.1004 872.7643 882.2175 874.8908 867.5967 876.2672 871.1510 847.2012 837.3315 857.7292 880.3043 891.5312 902.2896 904.3569 913.2645 935.1843 952.7004 985.4617 1019.2521 1058.1755 1084.8003 1057.4672 1011.1039 984.3853 952.6006 959.0436 952.9722 936.7688 908.7478 892.7597 880.8464 871.1606 886.9550 902.8551 907.7571 936.3731 955.2203 939.7202 913.2023 918.4025 937.2910 944.2806 973.3326 1005.7962 1021.5634 1023.4684 1045.9690
876.5951 872.7124 871.9776 884.5679 912.2374 929.6315 922.4409 901.0096 877.0736 864.6722 862.4194 869.6319 870.1904 886.9619 902.4808 896.0250 880.9597 869.4384 858.9996 850.5859 862.2646 875.2846 888.4106 901.2791 906.1300 908.1873 908.3182 898.8194 876.5102 869.7375 886.4506 895.3533 885.4488 880.2655 888.8734 893.3475 904.1325 908.7346 900.4487 882.2830 862.9741 857.3195 864.1655 875.2536 882.8077 898.5859 914.9617 904.4019 885.6688 869.1254 849.2641 853.6551 878.9794 897.4341 896.5042 871.4489 858.4355 877.8467 903.5359 899.6065 869.9074 859.5764 878.5337 892.1274 877.3536 864.5414 843.8766 825.5878 823.2404 822.9878 823.0869 831.7098 855.0092 877.7729 895.2628 888.8079 859.8075 849.7569 874.2812 881.6501 861.7518 856.3917 878.4686 890.7526 893.1812 887.5923 882.3747 868.1771 841.9457 837.9124 865.2977 884.3062 881.7749 881.1706 888.9276 904.4722 916.5723 930.8718 969.6201 1020.0036 1087.2521 1090.1277 1030.9554 983.9624 957.3820 934.7267 956.2733 965.1260 944.9850 920.1478 907.6631 895.6537 876.9898 894.4512 920.4292 935.6060 964.3276 976.3864 953.4672 918.6774 926.8506 951.4103 962.1431 972.5167 992.4488 1016.8113 1043.3832 1095.6093
884.1756 888.4799 882.2839 889.2297 917.6066 911.4924 895.4694 882.1646 867.7462 859.9367 871.6038 887.0306 879.7722 883.1531 900.6262 895.9141 881.0405 871.0326 859.3305 850.4721 854.7763 860.1536 871.4839 887.3116 900.6333 907.7300 907.4851 895.4385 875.9135 878.5208 896.1718 903.6671 895.0743 887.3644 900.1362 902.5721 900.1902 901.6072 895.7380 875.5884 857.0454 863.7750 883.2847 895.6409 903.9585 915.1196 930.0624 925.7344 910.4619 890.6088 858.1885 851.9089 882.4890 908.3440 905.7165 872.5280 852.6821 868.5576 896.3779 898.6921 873.1190 854.5643 860.6589 874.4171 861.2493 860.0875 835.6491 824.2515 822.8358 822.8452 824.9431 841.9923 872.7007 894.6464 906.6415 887.8378 858.1632 856.6277 880.4826 880.3784 862.0706 854.9810 869.7375 892.3851 907.6109 897.8592 868.4128 852.3179 837.3179 836.0713 850.8624 858.4414 857.0312 865.1767 875.8060 889.6426 909.6780 946.5057 998.8826 1049.0847 1082.3990 1045.0115 1004.9535 968.9730 946.4331 927.8726 938.2224 956.6737 948.9437 930.0101 923.1522 906.9369 880.8333 883.1266 899.2502 914.4719 948.2958 989.0898 961.8780 923.0531 917.6634 942.0469 972.3557 985.7117 1000.7521 1025.4875 1056.2053 1116.5991
911.4494 910.0619 893.9139 891.3189 914.6906 919.6525 898.3969 882.9982 870.9756 861.6573 873.2522 895.6996 894.9772 885.9556 898.1542 904.4401 897.7135 885.3868 863.4928 858.5882 869.1816 864.1636 861.2708 867.9069 880.6613 892.0007 897.3645 890.5848 878.9835 890.5333 906.0460 912.7966 905.9392 897.0156 897.9935 898.7012 882.9661 882.2682 877.6986 860.3051 861.6407 876.9118 893.3425 902.4335 907.0217 919.4121 937.2250 936.3695 919.0040 899.6902 865.3184 846.8265 874.5914 905.5466 909.5642 878.6132 850.5109 865.7353 894.1689 903.9525 885.0585 857.5671 841.0950 838.9002 833.0403 836.8342 828.8351 822.9800 822.7234 823.9164 829.1103 849.2723 876.0919 901.0939 910.6183 883.9915 856.7094 866.3808 889.1182 886.9417 872.7290 861.6171 866.5262 892.9221 914.0875 902.2803 862.3090 839.8926 836.9850 844.4962 843.5518 842.8046 850.2967 866.5630 881.4677 895.9653 931.3381 984.2431 1044.0701 1081.8782 1069.1530 1020.2604 983.3649 950.0232 937.4963 929.1700 911.9531 927.0579 945.7599 951.1789 947.9364 921.0797 885.6448 874.1411 888.0176 908.2542 939.9873 983.9346 971.7197 937.4691 918.2446 931.2377 959.3245 973.7212 997.4651 1041.1539 1087.2520 1140.6604
928.1331 919.6862 905.2430 906.0844 920.3504 931.7249 910.0447 887.6071 874.8139 866.6503 874.3998 900.3606 908.6076 899.3894 900.9732 904.8935 898.9642 882.3445 860.1465 866.2413 885.0223 885.7705 875.1666 864.0103 864.9898 872.7146 879.7777 885.3558 887.0935 900.1218 913.6264 918.5554 912.0903 899.2551 884.7332 884.7294 878.6487 864.9133 858.6336 858.0002 872.7034 882.6487 897.9499 894.1868 890.9568 911.3489 932.6963 922.5748 894.8071 881.2418 862.3874 843.4636 857.6964 882.5771 896.9077 873.8035 849.0350 870.5978 897.4188 908.5885 886.9504 849.5217 828.8247 827.3229 826.8603 825.3661 823.9161 823.2674 823.7264 825.9803 835.1428 846.4570 864.7540 886.7921 900.2394 879.6965 859.3687 878.1552 899.1635 900.7272 892.7864 875.9604 869.5767 893.9412 904.8223 889.5576 866.0141 843.7861 848.5532 864.4250 862.0135 849.1981 845.5158 854.4849 870.9631 900.4377 957.2887 998.0928 1025.0098 1060.3243 1048.9034 1020.5084 980.0591 942.0321 924.5251 921.5941 915.7892 912.5348 922.2321 933.1097 940.8278 917.7451 885.5653 882.4393 904.5975 929.8333 958.9748 978.3697 979.7401 943.6576 920.9224 930.1873 945.6081 956.2179 999.7127 1066.8533 1123.2466 1187.0415
929.1555 934.1117 928.3873 939.1367 939.1856 925.2214 905.7839 895.9392 892.7375 874.1483 877.2109 905.3954 918.1777 908.0027 898.0132 894.9731 888.4048 870.8489 857.8221 873.9062 894.7953 899.0438 889.0048 871.0684 869.3399 873.1315 870.3917 874.3641 890.8915 907.6783 915.9412 910.7860 904.1388 898.0748 878.5965 866.7916 866.3529 862.9717 852.7455 859.2514 868.7074 873.1502 888.4111 878.3679 880.1435 906.4903 920.8805 908.2588 877.9711 861.8682 854.6341 844.4525 842.6338 859.8619 880.8497 863.8357 847.7170 870.8568 892.2295 891.3953 860.0392 831.5023 826.1574 826.5851 825.4470 823.6939 823.8376 829.6038 829.8661 829.8864 847.3420 855.9553 856.9843 868.0358 881.5839 871.2994 860.7482 881.9056 900.3472 908.8030 902.2098 880.1490 874.1810 896.6898 895.7274 864.6934 843.5396 845.7230 865.5421 884.2950 881.8350 861.2731 849.8439 852.9158 872.4269 910.0219 957.6071 992.2992 1015.5037 1040.9277 1032.0536 1009.6290 972.8005 942.6091 925.5699 925.6239 934.5251 919.8433 907.1751 899.6852 917.6953 925.2541 894.0469 883.0970 905.7534 924.7920 943.7714 963.9786 975.6125 939.2545 923.7151 932.5667 954.6863 981.6831 1015.9936 1061.6355 1110.5984 1171.1685
930.3013 952.3096 951.5261 958.0211 938.9087 919.0927 916.4224 919.0135 910.4480 877.8982 880.6108 909.5970 919.6100 898.9907 879.5626 873.0121 867.3218 858.8541 858.5818 878.6773 899.7200 905.6288 896.2921 877.7191 881.7861 895.6329 891.7239 885.2695 898.6727 915.7594 918.8031 899.8328 883.8953 891.8116 888.1770 874.5286 862.7689 856.0207 849.5846 856.8995 859.3643 871.3828 885.2221 868.7626 869.0728 890.4125 895.7716 902.5568 892.9857 882.9054 877.8305 861.5283 844.2219 843.2724 855.1160 845.7100 848.7435 872.9140 883.7997 859.5450 834.2261 827.2546 826.1404 824.1414 823.2956 824.4936 830.0945 844.6733 842.1769 831.9100 849.5139 869.6319 875.1650 879.0975 884.5486 873.0593 861.3044 878.5502 898.8627 906.1536 892.9116 878.1393 886.5603 901.0475 890.4471 854.8326 839.6373 857.8072 885.0711 902.8398 891.6898 868.3469 862.8718 863.7748 892.8281 934.8551 963.1005 988.6049 1015.5523 1049.1827 1045.4064 1008.5956 981.0930 974.2449 946.5135 940.8193 937.1950 913.3358 900.2909 890.2704 891.9498 896.2692 886.7475 885.9593 890.3815 905.2376 935.6327 963.8051 973.3701 939.0809 936.4378 940.5488 955.4724 991.6807 993.7631 1000.7932 1048.7787 1106.2764
943.4746 963.3082 960.0862 936.0443 910.0129 893.9404 900.0082 912.4969 896.7406 871.6291 881.6373 909.0461 919.7176 898.7552 877.7171 871.3159 869.9868 866.5526 860.4296 880.2941 901.4061 909.2674 903.2607 887.8354 890.1564 903.2399 906.0345 904.7386 913.1890 923.2485 917.2146 898.0201 873.5865 879.9080 895.5425 894.0822 881.6677 866.5768 850.6171 849.0007 859.4877 879.7498 889.4564 871.8718 856.9852 867.1078 881.0812 894.9113 900.4094 899.8928 893.8250 879.9866 864.1175 850.2599 841.0930 834.3430 846.2421 869.0198 872.5558 849.6225 828.5906 827.2681 824.7495 823.6911 825.5613 831.8080 840.8373 855.3069 852.9855 837.8500 843.3539 865.9520 877.2451 885.9562 893.1577 885.6899 872.0150 878.3558 898.0057 903.5613 885.6662 888.8062 904.3518 897.2079 870.8491 844.3246 845.2918 871.1427 896.6943 907.2584 900.0737 890.9002 903.2096 893.6963 895.8665 937.7914 971.7331 997.6625 1027.1823 1052.2621 1042.9324 1025.3638 1028.7662 1032.0370 988.1555 959.4493 941.8294 930.4702 915.2307 914.2755 901.1832 893.6271 894.7624 904.9445 902.2869 906.9650 941.8263 971.3594 980.8493 954.8234 947.7152 962.5845 977.3692 982.2401 944.2616 937.2898 963.7331 1021.4271
978.4893 983.1895 959.8068 927.5748 907.9782 893.6771 884.8739 881.7726 871.6006 868.9583 883.3756 908.6571 920.7718 911.2663 897.3993 891.0106 886.7737 876.2550 859.6437 875.6785 899.8080 911.1518 909.8770 902.2150 900.6727 905.4588 908.5878 912.8934 918.9587 918.1245 902.5289 890.6703 874.6946 871.3318 895.8975 905.6130 895.8144 875.4225 853.9092 853.3355 871.4545 889.1185 891.0986 873.0838 854.4871 861.4337 881.0781 882.2446 883.7115 894.7098 903.9168 900.3190 887.2855 878.2295 863.2735 841.6042 839.6024 855.5967 861.0717 849.3397 828.3102 826.0013 824.0200 828.6672 832.7990 843.2964 856.7292 869.0453 866.2181 846.8008 836.9391 850.6770 863.4747 879.1855 897.0446 902.5203 897.6610 899.9108 913.2490 917.2474 903.6931 909.4161 914.5333 894.6834 861.6345 840.1299 849.7635 872.0259 878.8237 889.3960 919.3137 947.7362 959.2446 930.8745 898.1701 919.7635 965.9755 1018.4425 1040.3998 1029.9520 1014.8583 1014.2676 1045.7336 1072.5991 1027.0077 982.0446 965.4490 958.4931 943.2563 941.9621 919.6749 914.8153 916.5013 924.1738 931.4996 924.0389 926.9230 953.6052 982.5287 981.5231 959.9384 959.3998 984.3765 992.2900 934.3454 902.0665 909.9789 959.4586
1004.1168 982.9856 967.8947 948.5570 935.3397 922.1498 905.5344 885.3294 872.0991 873.2847 888.4996 908.6688 905.8663 896.0131 890.2044 885.9965 880.3246 868.2085 858.3690 876.0435 896.9349 908.6714 910.7675 906.1952 900.8381 901.0380 904.4550 909.4058 913.8974 901.0937 882.4512 871.4512 863.2816 861.0870 881.9294 897.6829 897.3928 877.9133 854.5961 858.3771 878.5630 894.8974 895.4670 877.4756 856.2119 861.7314 877.5772 868.0500 870.2374 890.8611 911.5917 916.9904 902.7114 893.1243 885.3760 855.6943 834.7043 835.7975 841.7939 833.9928 826.3252 825.4816 830.7033 845.6106 846.8096 857.9622 876.1502 885.2003 877.8155 853.8582 838.8693 855.8766 874.9349 885.2691 901.2256 912.1708 912.4363 912.3911 924.6951 934.2427 930.6673 927.1054 905.5257 877.4453 852.6664 838.8677 842.9335 855.2358 867.2701 893.7762 947.4545 997.5739 1003.9786 964.0793 920.4448 927.7598 975.7734 1027.3977 1028.1050 1003.2398 1004.7353 1038.7426 1068.7003 1097.2609 1069.7631 1043.8541 1017.3622 994.1331 986.5793 959.3805 939.8120 937.9905 941.7391 954.7391 956.7991 938.8566 925.2634 945.7285 977.1131 999.8934 990.1740 975.8343 991.9424 1005.7485 946.7441 894.5193 884.3015 922.9551
995.3878 958.6545 939.6545 927.6425 933.3864 927.7702 906.8820 882.2659 881.9584 887.0931 892.8813 905.1902 891.4105 876.4052 871.8016 868.7361 864.4740 860.3148 856.8461 869.0345 881.8661 888.9279 892.0729 887.1442 882.6245 886.4771 893.9157 903.7546 910.9632 898.3293 887.3657 879.9816 872.1077 858.5909 865.8316 878.7314 884.1628 871.8336 850.6302 852.3305 870.6932 885.9369 883.0570 871.2638 854.0924 857.4761 867.1755 855.3890 868.2695 891.5663 914.1335 912.3969 894.4833 877.1707 865.4047 852.5455 839.1322 833.1022 827.0288 826.2067 824.9346 827.9118 845.8943 866.8555 864.0082 869.9901 890.0307 898.5424 886.6390 858.4850 842.0240 862.4453 882.8481 891.3670 900.6954 903.5995 892.6040 892.3369 916.5809 938.6375 940.6919 928.7736 895.4054 860.4415 841.7576 845.0063 843.7684 846.2328 866.8907 901.6708 954.8049 1012.5161 1031.3335 1007.4434 970.7244 939.9709 968.7525 999.2397 993.9756 990.6918 1018.1093 1083.1206 1118.4474 1138.0782 1133.9281 1098.1776 1067.4042 1046.8857 1014.0585 971.6180 960.4516 954.5679 964.8144 980.5112 972.7374 942.6176 935.5957 947.4066 966.9511 998.4745 1017.2647 1008.3066 1016.3821 1003.6568 951.4070 899.6356 873.0710 896.4565
983.2008 944.7573 925.4930 911.7245 903.9405 900.0172 890.1865 883.2216 895.1713 909.6100 911.8589 909.9979 894.9657 889.2177 883.0458 878.0837 877.3393 873.9238 860.6598 860.1786 867.2564 869.2925 869.8558 873.9332 884.7763 899.2372 902.1710 905.1956 911.2955 905.6193 895.3402 887.3907 874.8408 856.9144 848.9391 854.4204 857.6347 851.6700 842.9711 842.8357 854.4321 863.3394 855.7356 852.6075 843.2787 844.8113 849.1746 845.3279 863.5897 887.8577 908.8558 896.2184 874.6671 861.4413 855.2123 854.5610 855.2713 846.3173 827.7197 826.1920 825.0606 833.5008 861.4904 884.9442 886.7508 887.9516 900.8247 902.4142 885.4316 858.2576 840.3301 851.8518 867.3193 876.6306 886.7758 883.0212 868.2648 880.3356 912.9426 929.5844 912.2261 893.6834 870.1671 846.7979 842.2838 858.4610 862.6198 851.9927 855.8556 877.3147 924.5850 989.5153 1031.0706 1037.8972 1016.4786 964.5499 959.1890 978.6485 991.6758 1001.9547 1027.0298 1096.9075 1142.3726 1174.4562 1191.4510 1154.2318 1122.6140 1075.1202 1018.8308 986.6181 970.9048 962.7280 980.7184 995.5995 975.2612 943.0984 929.5027 935.1157 951.5336 977.7106 1006.3923 1030.0677 1040.0288 1001.7842 948.1726 905.2536 874.7390 884.9166
974.2383 941.3961 927.4717 916.8024 895.4360 886.7181 890.8361 906.4370 915.1234 925.1742 922.6952 917.8878 914.7556 910.9742 902.7393 895.8557 891.9236 884.0985 865.4153 865.9967 881.4872 881.0613 874.2248 885.9052 902.2059 908.9235 901.6982 895.4987 898.9706 893.2512 879.7032 871.4562 858.8393 854.4326 852.8813 853.0019 859.5920 858.2901 852.2438 841.2829 839.8599 839.4814 836.8149 839.2748 841.4546 842.5430 840.2933 838.0657 848.5365 875.2057 901.6345 906.4656 891.5792 877.9514 871.6230 862.5933 846.4253 832.5489 825.0372 825.7448 825.1070 836.9090 871.4440 896.7997 906.0520 906.1445 902.2327 886.7994 866.4753 850.1402 843.1931 843.1282 845.8942 855.0291 863.6080 861.2563 858.5214 878.6982 907.5909 925.5036 909.5244 880.8762 855.4138 841.6404 844.6190 862.0273 877.4576 868.6781 857.8718 865.6992 907.7073 965.0091 1018.2913 1052.6410 1024.4093 978.0939 967.8162 999.6241 1022.5009 1031.2922 1040.8621 1081.2388 1124.8643 1180.9758 1217.7296 1167.3888 1116.5084 1075.3940 1044.3698 1025.1915 997.3217 981.9417 991.7587 996.0600 971.4333 955.3704 935.1620 936.7925 952.9767 963.1005 985.6215 1015.1750 1020.6506 980.2021 925.6924 884.2358 865.2731 873.6480
993.5202 969.1117 945.1143 922.3460 901.6640 896.5363 897.3671 920.4615 935.0463 919.5361 899.3038 897.7197 907.7093 912.2738 906.6345 898.4810 891.1121 881.4964 864.9647 867.7742 892.4321 898.7594 889.3676 893.7350 908.4548 908.0018 894.3027 880.1561 876.9681 873.5932 863.1070 857.1534 860.6652 870.0648 866.2250 865.5093 876.2852 871.8914 856.8699 848.9586 847.2742 840.0660 843.8688 852.3843 857.8440 860.7542 856.9863 847.2373 836.9966 851.3871 879.8658 901.7823 900.0189 888.2571 872.2116 844.4625 827.6990 824.1264 824.5565 825.2220 825.6958 836.9543 867.2869 901.2110 917.3243 914.5648 895.7748 870.3182 852.5541 856.8718 866.3020 864.7699 855.3521 846.2568 843.5894 844.6042 857.0338 879.9126 889.9418 903.4371 909.5070 887.7930 855.0665 842.7315 853.4915 876.3808 899.8267 904.4404 889.5823 880.8369 916.1058 969.8953 1022.3688 1057.6400 1026.6917 983.6181 985.0046 1011.3539 1043.2100 1068.3552 1064.1309 1083.2255 1120.2025 1189.8717 1219.0880 1162.5723 1133.2065 1127.4427 1110.7889 1079.3293 1041.8214 1012.0464 1001.3242 995.4269 967.6037 956.3113 942.0428 941.2382 949.2488 958.0727 982.6902 1009.3072 997.7275 953.5429 919.9801 886.5032 862.1994 870.1556
1031.4611 1004.3840 956.3531 933.2720 924.3542 923.3574 911.9683 916.7579 929.1152 921.2565 901.5493 885.8987 884.0250 891.0755 889.0636 879.9816 872.8560 866.6328 859.4560 868.9151 895.5119 908.1836 906.3651 903.3026 909.8845 902.5667 881.5406 867.0876 863.2068 859.2885 854.9774 865.0609 879.3132 879.4097 870.5535 878.5002 884.4605 869.6012 858.8835 863.9882 860.2732 845.9766 855.3690 867.5947 877.0927 881.5106 877.9216 865.8020 844.7651 837.9359 857.6315 881.0237 883.3907 884.6492 867.6827 833.6255 824.9047 823.9498 824.1761 826.7568 834.5751 841.6191 864.2377 895.8188 910.8962 903.2449 884.1810 863.4311 862.2587 874.1033 888.4620 890.9952 880.8369 867.4089 855.4935 847.8885 854.7026 870.7332 868.7842 878.3747 887.7791 872.0449 848.8504 847.2666 870.4942 904.7845 933.3036 930.6107 932.0492 924.5425 943.7491 991.5117 1036.0297 1072.1794 1043.5192 1003.3945 1023.7891 1045.6952 1077.3228 1108.7062 1111.6548 1126.6226 1170.8101 1221.9047 1230.3250 1191.4779 1190.1847 1194.7290 1190.4398 1132.4183 1088.8951 1050.7772 1022.1511 994.1284 956.2117 947.3943 941.9667 957.7661 964.7458 958.7328 987.4257 1014.2550 1026.5875 1003.1204 960.3458 907.5738 871.7361 862.6355
