565.4405 567.8240 567.9198 564.0462 558.3282 557.1928 557.6049 559.1669 560.8267 559.9036 559.1447 560.2566 564.9631 575.9040 596.0284 606.5524 600.0888 591.9825 595.6166 600.9550 601.6345 597.2453 592.6600 591.8610 592.4272 592.1506 590.1698 591.4373 595.1408 603.8707 607.1033 600.2880 593.0556 589.6043 595.3427 599.5259 596.2701 582.4022 566.0910 560.7520 558.0807 557.1738 557.8777 558.3452 557.3636 555.3936 554.6813 552.9846 552.8549 553.0266 553.2925 554.5108 557.1959 568.4196 568.2248 561.3059 559.5332 560.6132 564.3605 576.6870 592.5184 601.6057 602.8281 602.6403 603.4926 602.5746 600.5494 599.8757 600.9229 602.4935 602.0423 599.5915 590.2341 583.2268 588.1156 597.0353 600.3062 600.3945 598.9917 599.1953 603.3413 604.7119 604.4601 605.4217 605.0189 605.6657 603.4310 592.5413 581.6556 573.1556 568.9289 569.4921 566.2845 565.9335 576.3101 594.3447 602.3165 601.0224 604.6078 605.3590 603.8726 608.0536 593.1920 583.0865 587.2906 595.6545 599.8729 618.8041 620.6865 625.3534 622.9818 620.4421 622.7518 628.1609 631.1858 633.8964 635.7877 635.9203 637.5163 630.9207 607.0518 604.1742 602.8995 587.2758 577.0544 588.8621 596.9050 608.3814
567.9777 571.2634 570.8693 567.5600 561.1877 558.5980 559.1959 562.8359 562.9260 565.9885 569.1603 570.9515 576.6240 590.5300 606.0028 607.6211 605.1935 599.6437 596.5515 597.9532 596.9847 594.8030 594.1581 594.9651 596.7152 597.5029 593.4018 595.9371 602.8970 605.2776 598.0497 592.3418 595.2988 587.2822 578.9647 579.3781 579.1664 571.4187 562.7773 557.8900 555.3265 559.2503 558.2979 557.5901 557.3962 554.5744 554.0750 552.8991 552.8427 553.0380 553.6392 555.2776 559.4247 565.7140 563.9413 563.3055 562.1323 561.2791 563.0314 570.3660 583.9646 596.1266 602.4413 603.1353 603.1486 602.0863 598.7610 596.4453 599.1703 601.0815 600.3311 597.8580 591.8533 586.1116 587.4333 594.0903 601.0021 601.1724 599.6012 601.6598 604.6375 604.6841 606.1223 606.0917 605.3532 606.6995 607.8683 603.2553 590.2652 576.7046 579.1557 579.0499 573.9706 567.3458 564.5915 572.7354 586.0368 586.4726 602.4681 616.4991 616.4261 613.6041 602.6920 587.2953 580.5540 582.6746 585.3867 594.2212 593.8248 595.3967 595.0299 592.8655 597.3391 611.5321 625.2676 632.5364 634.7499 636.2091 638.7308 641.8392 631.9332 623.0352 609.1633 589.3454 577.7272 584.4109 588.2676 597.9551
572.0142 572.9551 572.7807 568.9162 564.0679 564.8342 562.5367 562.8643 568.3712 580.4376 587.7730 594.9360 600.4641 605.7189 605.8890 604.0488 601.5089 594.7647 593.9346 593.5042 593.4306 596.9230 599.1053 599.7687 604.0594 607.1265 601.8735 603.4793 607.3257 599.2665 594.3204 596.6884 592.9519 575.8239 565.2222 562.6422 564.1737 564.5823 562.0001 558.1407 559.4016 558.3272 557.6549 557.4467 556.1629 553.6555 553.1723 553.1497 552.8809 552.9618 553.6346 556.6510 562.0091 563.5454 563.8373 565.3165 568.4563 569.4833 567.9203 564.8867 573.1564 589.7482 602.2775 602.9149 599.7958 598.8262 599.6428 598.1750 599.5801 601.1255 600.9443 599.9169 597.8519 590.9435 588.1146 596.3121 602.6596 602.4879 600.2339 601.4020 603.1380 604.9097 606.3081 606.8860 607.0935 606.1706 606.6082 606.1292 596.9841 586.3483 589.9415 588.9650 582.9957 573.9122 567.2357 565.5206 567.6061 574.3837 585.5983 596.5946 606.8802 617.9270 609.5435 594.8101 583.2691 587.5250 595.4705 595.5434 595.3352 591.2354 585.0244 590.3443 591.8224 590.8824 600.7646 617.0616 627.2892 638.4135 641.4278 646.4200 649.2346 632.3561 611.5872 589.7953 577.9578 590.3439 597.1334 605.0626
572.2154 573.9988 577.2522 572.1589 567.5201 572.2960 568.5157 566.7339 570.0717 586.2117 596.8266 611.0613 613.7507 606.8478 606.0240 605.1071 597.8290 591.4734 594.1737 594.1655 597.9772 602.4895 599.6367 604.6448 611.3047 614.3074 612.2993 610.3121 599.7382 594.7227 602.9390 606.1875 594.8547 570.6630 558.9415 556.1119 558.0952 557.8694 556.6810 557.2169 559.1124 557.8561 558.7146 556.4656 554.8351 553.2545 553.3868 553.6500 553.2383 553.1406 553.9290 558.1367 562.3521 562.1201 563.7818 566.7408 573.5469 578.5382 571.9390 564.1432 568.5104 589.8190 603.0735 601.5109 598.2516 597.3018 599.6777 600.1393 599.6890 600.1228 602.1611 602.1647 599.5981 593.6556 588.7155 595.3662 607.5492 604.1453 600.0001 601.0797 600.7272 604.8826 607.4163 606.8847 605.6187 604.7203 605.2240 607.0352 604.2188 601.6698 602.4799 598.7324 590.4185 580.2973 571.3829 565.7921 565.5885 565.4567 568.8651 576.0035 591.9647 618.0201 616.2262 601.3871 588.8257 585.5901 595.8245 607.4049 609.6758 604.9005 593.0792 598.2520 607.2596 600.0685 587.9578 594.9789 611.2364 636.2102 642.2903 643.7143 647.4325 633.3936 610.8980 592.9661 579.2202 585.2435 597.8493 615.3175
574.3036 580.7604 584.5340 574.8957 573.7993 578.9155 575.0161 567.5314 565.2462 571.4877 579.0019 597.1146 606.5619 607.5715 608.7312 600.0002 595.4773 597.3090 591.7271 591.6099 602.8511 602.7551 593.2902 602.2198 601.3649 597.5081 593.7490 591.2898 595.7496 606.6790 609.4377 593.5707 579.0827 565.6683 555.8120 554.5533 558.3725 555.4312 557.1907 556.8620 557.3725 556.6761 555.8367 554.4432 553.4470 553.3518 553.6777 554.1354 553.8589 553.5096 554.4539 557.0194 560.3985 561.2981 563.4013 567.6399 576.7709 584.5878 577.9794 567.2485 565.2946 575.4659 591.8066 597.6306 599.1400 599.0847 599.5319 599.3872 598.0783 601.0825 604.0363 601.3372 597.2238 593.6805 593.7079 597.6083 600.8315 598.2868 597.9046 596.7911 597.6359 600.7366 604.7643 604.0911 605.4305 604.8510 605.5627 607.1152 609.0388 612.3605 611.0057 607.1824 598.3467 585.6556 573.2803 571.6418 571.9272 568.2189 567.1613 576.4776 590.6553 613.9058 622.4944 611.3561 602.0391 596.7880 590.2880 598.3789 614.0977 614.6147 606.8450 610.9987 619.0125 610.3272 594.2756 590.8320 603.4219 623.2426 636.4841 641.8934 638.6086 626.0968 608.5529 591.7482 580.3481 589.5886 598.5448 605.2044
578.8382 583.6430 580.9918 575.2937 580.2271 584.2087 578.5364 570.7612 565.9940 571.0165 572.2855 578.4063 588.0219 598.9190 603.4294 600.8353 605.0953 609.0357 600.3442 588.8483 598.6775 595.7018 586.3636 587.1635 582.5873 580.3058 578.7244 589.4703 605.8608 616.9519 617.4328 599.1277 573.2809 561.0715 555.9407 556.8461 559.8858 555.8510 556.9215 556.0257 555.0093 553.6912 553.4318 553.2794 553.3093 553.5737 553.8961 554.2258 553.9320 553.6840 554.1277 554.8016 555.8975 559.7731 563.6112 569.5179 581.3435 592.0469 587.6590 575.1683 567.4684 564.8205 571.4089 580.2933 584.6610 586.8013 587.9982 592.7938 598.6281 601.7366 600.5406 598.4509 598.6962 596.5985 597.0718 599.6258 600.4057 603.3934 602.7017 599.3192 597.8855 601.4207 605.0570 603.8210 605.1517 602.6064 601.6132 607.6388 615.7593 617.2729 613.7258 610.6238 600.9909 585.6823 580.8165 579.7494 577.1544 571.7520 568.3823 570.6997 577.3492 588.0674 610.3389 620.7676 617.9534 614.6105 606.1547 594.9965 607.3268 623.2659 624.9492 627.7138 628.7114 616.7697 599.8220 592.7004 594.2842 595.3011 610.8669 634.0884 624.0115 610.2287 601.6572 589.3263 580.0594 586.5538 601.4054 604.4721
583.1602 584.9874 580.2155 583.3802 590.5757 588.7292 581.7892 576.4252 569.3082 580.8433 583.9827 574.4292 579.5162 595.7500 604.3936 607.1147 608.1045 610.0049 604.5774 584.8336 582.3810 579.0679 574.8923 572.6617 571.3880 572.2538 575.6770 588.3730 593.0568 595.9752 600.1385 582.7153 560.5939 555.2548 554.8473 555.9423 556.6744 558.7798 558.3820 555.5515 553.8749 553.3177 553.3339 553.2922 553.5183 553.8073 553.9482 553.9440 553.6482 553.5824 554.2225 555.1263 555.9879 560.4580 565.1440 572.7305 585.6874 596.8146 596.3494 586.7413 576.5266 567.9708 564.8816 567.1192 566.7171 568.0181 569.1037 574.8770 585.6732 591.4971 594.8167 599.8389 601.8448 600.0261 597.2561 598.3303 599.8691 601.4147 603.4918 603.5383 600.8179 601.3814 600.4873 601.9166 604.6122 606.5429 605.4730 611.9882 621.9922 624.1685 620.3774 613.5234 596.8638 589.7896 593.0055 587.8290 582.8325 577.5181 570.4669 570.7052 582.8712 588.8082 589.8661 607.0950 627.6317 630.5716 626.0055 608.1326 597.9821 613.7607 632.6141 636.5255 634.5858 623.4860 604.9077 601.9958 605.3752 595.3909 597.0170 617.5164 621.5394 611.9952 599.8701 593.8710 585.4009 583.5349 596.5135 597.5865
585.6045 586.3115 581.0272 587.5737 599.4556 602.0562 599.7414 589.3868 575.5964 579.2136 593.5328 587.0024 573.8865 582.8144 602.0573 608.1411 604.7450 610.2679 606.9240 581.0319 571.7415 569.9362 567.8344 566.6653 566.5358 567.9695 570.4677 569.8077 567.6934 570.5338 572.9480 562.6240 553.7936 554.1740 556.0778 556.2358 558.4543 559.7540 556.3812 554.2471 553.6694 553.2746 553.3124 553.5019 553.6898 553.9130 553.8600 553.7531 553.6823 553.6988 554.2115 555.6281 557.6836 561.8738 567.9575 580.2830 592.0861 598.2996 600.5092 598.0065 590.3002 577.8425 567.4598 570.4246 572.4810 573.2891 571.5820 570.0248 573.1230 575.6365 582.3614 596.1125 601.5856 602.2733 599.2776 597.3167 600.0994 601.9304 603.6120 603.7472 600.1245 598.8322 599.7776 602.4854 608.8955 615.2468 617.7497 622.1613 627.1131 627.9766 625.0269 618.6499 602.8143 595.0222 603.9199 601.6396 592.2062 580.0328 570.4452 570.1959 585.7906 603.4973 600.4453 594.5712 613.8049 630.6966 635.5761 624.9855 604.6163 603.4034 624.7229 639.4457 639.7233 630.3235 614.5598 610.2196 614.4169 603.4717 594.0320 605.5287 616.6957 609.7786 606.5059 608.6725 595.7548 584.0407 582.3096 587.9713
587.1277 584.8058 583.0408 588.2571 601.6114 609.6130 609.6459 600.8069 585.3294 576.6812 588.5565 589.6592 576.3455 576.6967 594.2657 602.0963 600.0072 606.4476 604.4652 580.4227 568.0835 564.5663 562.4484 562.4677 564.5748 568.4150 565.0025 560.4295 557.4711 558.1057 556.9521 556.7199 555.3986 553.5270 555.9338 555.6569 555.6133 554.5089 553.7308 553.6949 553.6187 553.3755 553.3554 553.6121 553.7982 553.9695 554.0482 553.8419 553.9083 553.9986 554.5933 557.3182 562.8611 568.8671 578.8168 591.5912 599.6437 600.3062 601.3262 601.1732 597.0790 586.7466 572.2876 574.2852 583.1245 587.6172 585.7645 583.2153 583.5244 577.5197 570.8901 577.9650 590.8021 601.0865 602.2589 598.8256 599.7832 602.9420 604.7928 602.5182 600.5874 600.9592 602.9473 602.8775 608.5107 623.7401 628.8779 627.7639 625.6067 628.6557 628.3282 624.2331 614.4114 598.6578 606.1456 611.0267 604.7117 584.2811 571.1389 571.6489 580.4073 589.8643 607.0159 600.0006 594.0942 605.3327 626.0916 633.9702 621.3663 604.1684 611.0609 636.4697 643.2909 639.9918 630.4470 624.1132 622.3907 611.9248 596.0666 601.9744 614.6699 610.5714 615.7412 619.9240 605.2639 592.8163 585.9025 581.5444
590.1186 589.4530 595.5503 596.7825 603.9010 606.2642 602.3139 593.8864 583.6720 586.0425 596.3259 594.2438 582.7497 576.1512 578.1249 584.3469 592.5565 599.3605 597.0076 577.7238 567.0496 564.5372 561.9272 559.3262 559.8547 560.9983 559.5140 556.1926 553.4285 554.5931 556.9286 556.3231 554.2868 554.4111 554.7648 554.2838 553.8842 553.7764 553.7426 553.7477 553.6700 553.5385 553.4926 553.5947 553.8798 554.0997 554.3424 554.2046 554.1871 554.1630 554.6708 558.8026 569.2160 581.4920 591.6108 598.6332 602.0832 601.0724 601.3240 601.4388 598.2363 587.9966 574.2703 575.5029 585.7925 594.5638 595.3979 594.5785 595.6730 590.8266 579.5966 572.3999 574.6027 592.8069 604.0387 602.5590 601.0286 603.0424 607.5499 607.0601 607.0083 606.1611 606.0237 606.5493 609.1753 616.6298 623.3783 619.0314 617.3814 625.1820 630.3192 628.5305 620.9509 604.8295 603.0870 610.8068 610.6068 585.9233 570.5176 574.8646 584.1683 591.1694 607.7886 616.3051 606.8721 594.4355 613.1862 634.7304 635.6655 618.7805 606.2616 622.3815 635.6273 644.8591 642.3771 635.2404 630.5482 621.7534 603.8737 596.4588 606.0434 615.1417 622.6779 627.9747 616.0786 603.6704 594.9330 588.3543
594.2852 600.0740 608.5056 606.6547 606.2222 593.8459 593.9458 594.9701 586.1932 595.8392 603.9470 593.8747 582.2023 576.6122 580.4045 588.5403 601.0268 609.7650 595.6464 574.9274 564.8757 563.5824 562.3276 559.6019 558.0437 557.3683 556.0682 555.5388 554.6037 552.0192 553.9689 555.6658 555.5405 554.7048 554.1967 554.0781 553.9550 553.8793 553.8771 553.8367 553.7538 553.7285 553.7342 553.6971 553.7695 554.2239 554.3469 554.4951 554.4316 554.4838 555.3515 562.8656 572.8829 589.0906 598.2964 600.3070 600.8041 601.4781 601.8153 601.7434 598.4413 586.5076 574.8564 577.0174 586.1346 594.0231 596.7359 600.0158 602.0005 601.3223 593.1238 581.2693 571.1454 580.2617 598.9983 606.7363 606.2158 603.4308 607.5746 611.8192 612.1499 610.3763 608.6876 608.4006 611.8450 614.0190 613.1555 613.0959 618.8798 625.2422 629.0040 631.4863 629.7056 622.5334 616.7634 612.6069 609.2004 583.1857 570.4280 573.4544 581.9163 592.1574 611.7398 632.5662 628.2528 602.1873 606.9742 628.3994 638.3543 630.6287 608.2376 620.1602 635.4017 647.2834 648.9199 644.4368 639.8427 632.1016 615.9525 600.8051 602.5272 615.9377 618.8733 627.9515 626.5684 615.1184 603.9969 594.7635
597.8681 608.9002 619.5685 617.9563 617.4856 607.1388 603.0474 606.6970 596.2546 600.8241 604.2026 588.4763 583.5786 588.1298 586.2015 599.7061 612.7484 618.6725 599.4499 574.7839 563.3759 560.7267 560.1223 561.8403 559.9771 555.9980 554.3545 552.3780 553.2521 553.2183 557.9526 561.8118 556.0142 554.2844 554.0380 554.0535 554.0367 553.9911 553.9057 553.9144 553.9100 553.9543 553.9973 554.7974 554.3242 554.2060 554.3482 554.6345 554.9907 556.5523 563.4792 578.7367 579.8773 588.4317 599.0627 600.5676 601.2544 603.6564 603.0371 603.4700 599.5179 586.6253 575.0397 578.2673 586.3058 593.2401 597.8851 599.4172 600.6871 603.0211 601.2077 594.4453 581.5737 572.9483 580.7527 601.1995 611.1240 607.3709 604.9138 608.4332 611.6426 613.1383 612.4983 611.3222 614.3880 619.1442 620.1315 621.0098 623.4622 625.1317 627.2371 631.3267 632.3572 631.9587 627.6990 618.0521 601.6716 578.5078 572.3970 583.1712 580.9368 588.5759 603.9012 628.1193 634.8704 609.9199 600.7488 611.2843 628.6670 637.4710 618.0215 618.0798 634.3661 642.0004 647.0808 649.9802 647.9304 640.2123 626.0152 607.7333 605.4597 614.2610 613.9650 626.7056 634.2055 625.6553 613.0749 601.9093
612.7212 618.1953 630.5249 633.1567 632.3975 625.2517 613.5125 613.8597 605.6979 607.6390 598.5326 585.9968 588.7936 599.4327 598.8820 602.4348 622.0043 625.1719 602.0099 575.0346 560.5120 559.4991 560.0278 560.1541 556.5787 554.3718 554.0874 553.5365 553.9542 554.6228 556.5510 560.4147 554.9689 554.0505 554.0552 554.1072 554.1055 554.0551 554.0195 554.0076 554.1018 554.1017 554.2138 555.0760 555.3224 554.4002 554.4341 555.0469 556.6847 564.7339 579.5898 592.1937 590.7394 590.0502 599.0857 600.3477 601.0472 603.1544 603.4073 601.3378 596.2889 584.9437 574.8636 578.0621 581.4355 590.6701 599.1813 600.9448 600.6951 602.5699 606.3560 606.7421 598.7094 583.7524 573.6362 580.1080 594.0666 608.1929 606.1873 605.7317 611.6561 616.0844 617.8704 617.0817 618.9077 623.0278 625.2285 621.9138 621.1541 618.5565 623.0073 629.8256 633.1506 633.8383 630.5522 614.7855 591.2974 575.7609 574.6696 596.4483 589.9963 595.5634 612.4535 629.4034 635.3862 614.4511 611.5264 617.7879 629.3989 644.7307 637.2042 623.7386 619.7328 628.3125 633.4619 645.1412 653.3949 646.9633 632.6066 614.9208 601.3458 603.1514 616.9567 631.4565 641.8865 634.8619 617.8588 613.8757
629.8929 631.3113 641.0633 643.7250 645.4328 634.7392 624.7731 629.7381 621.8917 609.0532 592.5026 591.7496 599.8342 604.1573 615.3646 606.4560 619.9910 630.2047 605.3372 579.4015 562.4507 559.5131 557.0848 554.3824 554.4423 554.7150 553.4785 553.9575 555.3696 556.6562 556.1871 556.4252 554.6069 554.0909 554.0272 554.1903 554.3129 554.0663 554.0654 554.1261 554.1804 554.2024 554.4037 555.2223 555.9695 555.1559 554.5445 555.4891 558.3345 569.2532 586.7919 597.3702 597.9251 593.8563 600.3824 601.5757 601.6722 604.2969 603.8339 601.9582 596.7454 584.1536 576.3926 580.3080 577.6373 579.5070 592.0543 597.4374 599.5231 603.7953 609.0173 613.1675 611.6511 601.1924 584.6992 574.5549 581.2797 603.7684 609.4102 606.5130 612.1522 616.7484 619.1724 620.5692 621.1073 624.1212 629.1892 625.8869 622.4609 616.6996 619.8502 629.0668 633.2315 633.4965 622.4802 603.4642 586.5754 575.6422 572.8033 589.6320 596.7487 591.7408 601.3000 617.4688 631.8767 629.4656 626.2504 630.7569 638.8793 650.9328 653.1856 646.4935 630.0248 641.2485 646.5266 640.7472 655.5385 650.7360 631.9222 618.4498 611.1578 599.2672 605.5597 620.0323 639.9237 641.4952 626.2953 623.2240
630.9960 630.9336 626.9966 622.2268 642.0334 638.9883 624.6025 616.0146 610.4635 594.1473 587.6115 599.1225 614.8223 614.5421 624.7670 616.1796 616.8148 626.4182 604.9475 582.2161 567.3098 563.0781 556.8702 552.1980 553.1285 555.5909 554.7328 557.0774 556.5937 555.0716 554.4702 554.1710 553.9924 553.9458 553.9899 554.2119 554.2418 554.0760 554.0834 554.2012 554.2532 554.3143 554.4951 555.4536 556.4366 556.7815 555.5474 557.7331 564.6338 578.6204 595.3558 601.6678 600.0729 595.3537 600.3707 602.9342 602.6250 603.1761 603.3198 600.4220 596.8102 585.3870 581.9874 589.2083 588.4590 579.1151 580.9155 589.7739 595.2894 601.6965 608.2934 614.6983 617.1176 612.2722 598.9734 583.5185 575.1274 587.4052 606.6686 609.1392 609.2590 612.6580 615.6035 618.9252 622.3723 623.8884 627.3994 628.0080 626.0345 622.9665 624.6373 630.7178 634.4697 629.3824 607.3170 593.4166 587.1353 580.7897 574.0137 575.0728 592.0225 601.1725 601.2692 603.2722 619.6819 640.7029 644.2303 645.4789 650.8636 657.4322 661.9094 653.3035 632.4803 638.4300 655.1412 646.3905 653.8483 646.4974 630.5760 625.3525 612.9235 607.0308 603.0486 607.1198 626.5059 635.0521 639.2018 633.3405
610.2307 609.9031 604.3751 609.6506 634.9849 641.7494 621.0568 596.9099 586.7537 580.8049 589.9996 611.1122 631.2306 626.0265 636.1549 626.8374 616.5647 609.1555 594.7808 576.3810 563.1227 562.3637 557.2787 552.7489 553.3749 558.1407 558.8129 559.2278 555.5527 554.4963 554.1721 554.0444 553.9537 553.9686 553.9867 554.0585 554.2150 554.1729 554.1757 554.2560 554.2720 554.3729 554.4322 555.4188 557.1200 558.8036 558.3628 565.6877 581.8347 595.0615 601.9661 603.4661 602.0174 596.2067 595.0229 599.8495 602.2658 601.3181 601.5072 600.3286 594.0145 583.4679 585.5707 594.6694 595.7543 587.6656 579.2725 587.5546 598.7799 601.8821 603.1334 612.4406 618.5473 619.0988 613.0102 600.7234 582.9937 574.0604 587.0190 607.1932 612.5920 612.3299 611.8851 613.3964 620.0964 624.5770 625.9283 627.1825 627.4567 627.6726 631.4141 635.1979 637.4878 633.5272 608.1475 598.0057 599.1003 587.8049 577.6791 572.9163 579.4827 591.6902 595.8454 608.0596 617.0286 641.2143 653.7557 654.1819 658.6536 664.3433 668.0708 651.1143 635.4239 644.2155 662.2243 657.7232 652.4962 652.8595 636.7643 617.5632 613.4302 624.1367 619.1365 605.6903 612.9340 621.0813 636.0725 645.3391
622.5914 617.7031 607.5143 602.2126 606.9194 620.2468 612.8799 595.2375 581.1820 579.2641 592.5543 613.6768 638.9025 645.2247 650.1958 637.2651 622.7438 609.9744 592.9930 571.7897 559.4421 557.0253 554.5515 556.2573 557.2266 558.0979 556.8435 555.7201 555.0061 554.4819 554.2177 553.9941 553.9735 553.9117 553.9564 554.0363 554.2819 554.2996 554.3121 554.3355 554.3985 554.4705 554.5227 555.0156 556.4499 560.7083 567.5922 583.9427 597.5818 602.2879 603.4390 603.2994 603.3433 600.3335 593.6481 594.8439 601.2150 603.1494 602.6212 599.1244 590.1532 582.2529 588.3973 596.5233 597.7953 593.7966 586.6332 586.1005 601.4229 608.3879 604.8481 610.0602 616.8562 620.7511 619.7750 614.1224 602.5186 586.4127 576.8969 591.1943 613.5531 621.7272 618.5943 614.9072 616.1517 623.8013 627.1660 627.6695 628.7364 632.7690 636.4626 635.5536 634.7309 631.8854 615.6033 595.7566 593.6848 588.6787 578.6417 574.4417 580.2773 595.5165 602.9784 620.6873 630.9953 643.9671 656.1127 655.5729 660.6829 667.9137 673.2930 664.9582 650.5355 658.1678 674.7273 659.9072 656.3746 656.7611 628.8219 612.4645 620.1021 638.1954 631.6227 611.6548 609.0629 619.3376 625.0704 640.7090
627.3019 637.0850 616.9029 599.7986 593.4855 592.9356 598.7980 587.9373 578.7609 584.6215 597.7504 607.1562 621.0251 634.4976 647.2880 645.2266 631.3753 620.9434 599.2914 567.7745 555.2723 553.8933 555.4417 557.0866 558.2280 557.0779 555.8929 555.2737 554.9988 554.6759 554.3942 554.3017 554.5442 554.3889 554.2141 554.1720 554.2376 554.3671 554.3669 554.3950 554.4540 554.6354 554.9066 555.2125 556.7659 568.9562 587.7408 598.9502 603.0292 603.6218 603.8457 604.0623 604.2806 603.3738 595.1400 594.5473 601.4253 603.8604 601.8809 596.4833 586.3618 585.2341 592.0366 598.4506 600.8505 600.4454 594.1110 584.5450 598.4502 610.0264 608.7648 609.0516 614.9362 619.5026 620.2625 619.0344 615.7542 601.6305 580.3663 586.2430 612.9748 627.7444 627.0082 619.1572 615.5778 622.7021 628.0997 629.8708 630.9744 636.8090 639.8273 637.1195 627.7347 610.5029 600.6625 594.6620 604.0872 594.2120 578.7010 577.8448 580.4061 586.5005 602.0059 615.9673 625.1181 649.3558 658.3698 659.4850 665.4583 673.0070 679.3015 681.6505 675.9734 679.5259 685.6533 663.1522 663.6178 653.9061 626.5679 621.8640 622.5251 639.8558 641.1431 623.2017 609.2620 609.4468 621.7961 644.4397
632.0306 642.3427 620.5203 609.0660 608.8314 597.6668 585.8787 582.2542 587.5747 592.0348 605.7762 618.0331 618.2326 625.8986 645.4331 638.4145 623.5793 607.6625 587.1582 560.9163 552.0038 552.1323 553.4861 556.7413 558.3943 556.9169 555.8676 555.1974 555.0484 554.8585 554.5855 554.8372 555.0151 554.7112 554.5739 554.3793 554.2523 554.2960 554.4455 554.4984 554.6837 555.0787 555.1224 555.4879 556.6091 568.6636 593.6923 603.9938 604.1595 603.9069 604.7019 604.6084 605.1934 602.3901 593.8309 597.5144 603.6501 602.5590 600.5130 590.4036 586.3647 591.3220 598.2888 602.9221 605.7942 606.7159 601.7066 587.5628 593.9048 609.0895 611.3898 609.6606 613.0902 618.4323 620.4887 621.0923 621.3821 610.2048 584.1302 585.7417 606.9822 620.2463 627.6762 624.0123 616.4003 619.2154 625.8714 630.1483 632.7236 634.5681 639.2827 640.1432 636.0478 614.0399 597.0071 607.6968 605.2773 593.6006 580.2016 580.6610 592.6269 592.9616 592.2914 600.3124 613.9760 644.9844 664.5486 671.5388 677.1564 675.3485 677.0157 673.4361 677.4747 689.0589 694.7472 673.2631 666.7650 650.0099 637.1966 630.8879 630.0170 645.2435 647.3607 632.4745 617.8981 608.4461 620.1230 644.4023
643.7728 645.0669 637.1306 636.7476 627.2734 606.6288 586.8549 592.0257 608.7621 611.1945 604.8072 624.2565 635.7112 632.6086 632.3317 616.4188 606.2667 587.3966 567.8658 554.9200 553.0031 552.7714 553.6169 557.4942 559.6934 557.8104 556.1450 555.2487 555.0010 554.8512 554.7519 554.6919 554.8707 554.8660 554.6335 554.4455 554.3044 554.2916 554.4211 554.7066 555.0474 555.2900 555.2846 555.6039 556.7936 562.9883 591.1518 604.1385 604.6544 604.5809 604.9559 605.1117 604.9437 597.8807 593.6556 600.0906 602.6807 602.6892 595.5182 588.2292 590.6839 597.7358 604.0377 608.2871 610.9547 611.3812 607.5250 595.5659 589.5989 606.4658 613.6178 613.9473 614.5823 618.8907 621.1786 622.7245 624.0660 613.1402 585.0462 579.6450 591.3771 602.0927 621.8364 629.0050 619.1174 614.0552 618.8533 629.7019 634.8046 636.0154 637.0932 639.8990 645.0516 631.7253 609.8903 625.2634 615.8361 603.4924 588.0736 587.3427 604.3845 611.0997 597.4487 599.5069 612.4193 629.7285 652.9492 674.0775 666.5089 658.7982 668.3162 666.6871 662.1339 655.3166 683.6060 684.9037 676.2637 665.5435 658.1100 636.4039 634.6537 653.3318 654.1530 639.6292 626.3583 615.2420 609.3810 621.8380
638.9993 639.9447 630.9260 633.7642 615.0865 594.6050 584.6423 593.4247 614.7373 625.4921 611.6681 622.6588 643.4714 642.0802 616.5638 596.4003 578.8547 564.9978 559.2605 555.7302 555.4612 556.0378 557.1891 559.2398 561.4855 561.5939 557.5372 555.4062 555.0366 554.9252 554.7843 554.7293 554.8450 555.1057 555.0051 554.7211 554.5734 554.3439 554.3257 555.0367 555.1937 555.3759 555.5214 555.7170 557.1974 564.3684 593.4150 603.3383 604.2674 605.0331 603.9745 605.2724 604.2393 597.4617 597.4775 601.9879 602.7046 597.7839 589.4232 591.2794 597.1705 602.9190 607.7694 611.5775 613.5529 613.8947 611.6284 600.9380 590.2584 604.7863 615.9994 618.2297 619.0133 621.0667 622.6647 623.5389 624.8187 613.9910 588.9305 578.2617 591.5237 602.6059 611.5387 626.3914 621.9373 615.8467 618.8877 630.3256 636.4829 637.8299 638.8823 640.0950 644.9390 644.8204 636.6522 635.2322 608.2203 596.6699 589.7234 596.9131 615.4166 619.3267 606.4277 607.3421 608.7840 610.4749 620.0073 638.2986 638.8254 649.9712 665.5590 661.2217 644.9970 639.0239 660.9989 685.7099 684.4122 679.9244 668.3513 644.0671 644.1573 652.5942 655.2941 642.4103 637.7657 627.0124 611.3301 608.7340
617.1062 613.5701 605.6582 603.4592 593.3463 585.1163 589.5018 597.9207 601.5050 614.2944 622.4578 624.4318 638.2991 623.8589 598.9421 580.6664 566.6398 562.5638 558.1285 554.4639 553.2513 554.2942 554.9598 555.3113 558.9944 558.0708 556.4922 555.2191 554.9067 554.9172 554.8063 554.9240 555.0103 555.2671 555.3699 555.1564 555.2236 555.0269 556.0936 557.2798 556.2464 555.5225 555.5023 555.8089 559.7921 577.3328 600.3633 602.2195 601.6686 604.6414 605.5059 604.7639 602.0481 601.0876 602.3850 604.0048 602.0933 592.9687 591.4023 599.4021 605.1984 607.4030 610.2655 612.5403 613.4373 614.1663 613.5468 605.5150 591.8751 604.7700 617.5043 621.1168 622.2629 622.7684 623.2281 624.0686 626.2640 617.1664 593.3091 578.1346 585.2068 592.0466 603.1903 625.1394 624.2119 619.9879 623.2417 630.1658 635.0793 638.2070 639.7286 641.2592 643.1709 646.0236 649.0815 646.1804 624.9119 613.5292 596.3239 596.0344 613.5532 624.7677 619.5186 626.9249 629.6268 624.0092 621.4874 622.7524 631.9457 647.7764 658.7430 645.5601 633.5042 637.1131 649.6536 673.7194 681.1121 679.3809 678.1049 658.5773 646.8051 638.2755 636.7589 633.4744 631.7768 622.2492 613.2231 608.5712
615.1996 598.0867 594.0746 588.7160 588.2352 586.6012 598.0573 615.8793 612.3152 613.7438 632.3124 629.7173 628.1266 606.8293 586.0948 577.3193 563.1046 560.9619 561.6141 556.6714 554.7081 556.3604 559.2092 556.7446 557.9611 556.9989 555.8312 555.2644 555.0080 554.8803 554.8748 555.0949 555.3082 555.3108 555.4055 555.2030 555.3053 556.6873 559.8987 562.0223 560.4323 557.8334 556.2509 558.4198 570.3889 588.1621 603.8249 607.6144 604.1103 606.9492 607.6774 604.7567 602.9160 603.7791 604.4039 603.2234 598.0911 591.3282 596.0818 605.2010 609.4879 609.8199 612.4166 613.2731 613.1652 614.2463 614.4774 609.4055 595.0870 605.6938 618.5601 622.1584 624.0258 623.6956 622.7453 625.7937 627.7993 619.2740 595.1061 580.0281 588.8717 599.7174 610.0908 629.6761 628.3107 622.5913 625.7435 630.9766 635.1639 637.3427 639.0219 641.2750 643.4347 645.2507 648.5998 652.2083 641.9843 616.8308 594.5002 601.6729 620.2878 630.8369 631.4843 640.1038 640.0574 631.7168 634.1188 633.9304 637.4424 648.6755 645.5238 634.4299 630.5052 642.8354 661.6280 681.2421 682.4288 681.7024 686.5125 669.9103 655.5635 639.8802 640.5832 635.8152 624.1187 623.0405 622.6507 611.9126
611.0461 593.0594 591.4880 603.2432 605.3520 593.3891 599.0121 622.8394 628.6562 620.0257 632.5938 625.3143 610.5886 605.0413 602.6666 589.0981 569.1479 558.9056 558.4395 557.3079 554.8278 553.8624 555.2924 557.5786 558.6586 557.0788 555.7876 555.3788 555.2857 555.1713 555.1594 555.4387 555.5768 555.4547 555.4321 555.3357 556.1359 559.8073 563.0451 564.7133 565.8857 565.0409 561.3600 566.4193 580.6798 594.0740 604.8151 608.7063 606.9864 607.9961 606.8773 604.2933 605.6447 604.9802 603.7606 601.0626 595.9338 593.7594 597.8085 605.3703 608.8118 610.6893 612.3796 613.8661 613.5657 616.0485 615.9056 607.0353 595.8527 609.0081 619.8726 622.6625 624.2327 624.0807 623.5565 627.0944 628.5468 617.2363 592.7069 581.2923 585.4490 595.4833 611.6405 629.8152 632.1510 624.5095 623.9180 630.8436 638.5054 640.9817 641.3508 642.6310 644.3956 645.6660 647.1240 651.3633 640.7113 613.4905 594.7148 600.2446 615.9460 626.8454 626.1863 624.9924 619.5159 620.9634 635.6844 643.8494 639.8356 636.9630 628.4695 623.1017 630.7365 645.8895 673.3392 688.1200 688.9335 686.9799 690.0884 683.8979 662.0424 649.5429 650.1584 639.2501 628.0747 636.8546 628.1113 612.9200
602.1011 589.9346 596.7147 614.7353 614.1019 601.4520 598.8133 614.6448 625.8641 633.6405 637.8425 625.7867 612.6962 603.8751 598.4949 596.1701 583.9539 580.8816 577.9995 565.6718 556.7200 554.4284 555.2466 556.7983 559.6113 559.9193 556.6000 555.7596 555.5668 555.3311 555.2632 555.4771 555.6363 555.4462 555.3844 555.5848 557.4816 561.0898 563.9713 566.5663 567.8923 568.0981 568.3189 568.1071 582.7390 601.4559 609.6290 609.8414 607.9495 606.8956 604.9178 605.9268 610.7435 605.3970 602.5242 601.9357 600.3069 598.1454 597.4409 600.8058 606.9351 612.1702 613.9749 613.6100 614.6086 616.5078 616.0526 606.0367 596.2086 610.9843 620.7939 623.2574 623.9868 625.0000 626.2343 627.8761 626.5723 611.4893 588.4686 586.5228 595.2484 592.5128 597.4261 616.7430 632.8455 630.7620 625.4463 629.4586 639.1467 643.3160 644.2974 646.2093 647.5092 647.8000 648.0021 649.0098 639.3118 612.1564 593.9249 597.1558 609.4626 608.8769 603.6123 606.9604 613.0529 623.5569 629.7127 633.2875 630.2372 623.0732 618.4968 622.1589 630.7210 638.9025 661.4152 674.5808 681.9084 684.3916 683.8016 690.1613 677.5603 656.8148 640.1608 631.9438 636.0399 644.6754 631.9312 614.5703
594.7173 592.2530 601.5551 612.2714 622.7755 615.9700 599.4299 604.3762 621.3615 640.5930 649.8749 638.5518 622.3016 613.2275 591.0808 586.9515 592.6127 599.4251 592.8100 572.1899 555.8074 554.9837 555.6501 557.0751 558.9409 560.0414 556.9778 555.8842 555.6284 555.5406 555.4071 555.4034 555.7648 555.3987 555.4932 556.4642 558.1900 559.8809 563.1345 566.4913 567.6981 573.3886 580.6342 574.8185 580.7117 603.9980 612.5173 609.9509 606.3566 605.0570 604.3589 607.0264 605.2451 603.2495 604.9345 607.6636 607.6276 604.1012 601.4931 602.2035 606.1197 613.1699 614.0542 614.6334 617.2100 618.6487 618.7946 608.6789 595.7064 605.4538 619.7141 624.3118 625.8542 628.5421 630.3972 630.0353 619.7665 599.9794 585.3544 590.1197 605.5703 599.1554 596.6945 608.9532 629.0847 633.9122 626.9189 631.1053 640.3306 645.1932 648.0795 651.3755 651.8190 651.3153 652.0178 649.6095 632.3206 610.9547 595.5806 592.0692 593.9057 591.8472 594.5793 605.6414 618.0142 624.1142 615.6611 610.3710 614.6136 614.2497 610.8290 618.4763 623.0920 632.2307 645.8273 644.3211 646.1266 653.4586 655.6560 669.7536 684.7515 660.2382 645.3699 640.9330 642.9162 639.1255 634.5010 619.8552
595.9521 599.2578 614.0752 630.3411 620.3623 609.0465 600.6381 598.6176 608.3872 623.6183 640.1842 637.9168 618.2071 605.6320 593.3463 581.2457 582.7319 581.9983 572.1686 560.2917 555.9605 556.4871 556.5352 556.2575 558.9532 559.8669 556.5461 555.8925 555.6519 555.5760 555.4664 555.6682 557.6606 557.4658 557.0387 558.5551 559.3409 559.6169 561.7629 565.6113 572.3965 586.8511 596.1755 588.3002 579.5347 594.3565 610.9951 609.6914 603.7043 604.1822 605.5213 604.8063 602.0187 603.8104 608.5222 610.3484 610.9927 611.6998 609.5474 605.8520 606.6748 611.5174 615.3713 618.0589 620.4821 622.6772 623.8237 617.1015 602.0074 600.8032 617.5589 625.6568 628.7755 632.1119 634.1056 634.5171 622.4254 597.6890 586.3644 593.9675 610.5016 609.7288 600.4088 605.3537 626.3755 632.1880 628.0073 633.9102 642.2555 647.3159 651.6095 655.0399 654.7375 654.1736 656.2686 655.1748 636.3770 615.8401 601.6132 591.7830 590.4211 591.2587 592.1108 596.2747 602.7587 602.8920 599.8151 598.2986 602.2034 605.2305 608.8821 620.3431 628.6603 636.4169 636.1191 623.5767 627.4559 637.4494 650.8224 665.1562 664.5253 649.4815 651.8677 652.5809 641.9799 633.1499 631.1428 619.4236
603.6058 610.4464 617.1468 633.1431 620.8057 620.8329 609.0201 601.8902 611.6079 622.3444 624.2086 618.9428 618.4288 614.3337 610.1840 589.4604 584.3591 572.1984 560.3960 559.4348 556.4377 555.5695 555.8641 557.6943 558.8205 557.0738 556.3514 556.0323 555.7455 555.6732 555.6237 555.8280 558.9244 561.0663 559.0099 559.4409 559.9082 559.9304 561.4149 566.5991 578.5482 596.4564 604.1588 598.3817 585.6934 581.4309 595.7626 598.2711 600.2482 605.5060 606.8913 603.5369 600.1100 603.6050 609.0510 612.2300 613.6893 613.0009 612.1345 608.6398 605.4354 611.0841 617.2706 619.6758 622.4344 624.5988 625.6425 622.4689 609.4916 599.3765 614.4139 626.7466 632.0963 635.8766 638.5090 638.7771 620.6085 598.6440 588.0839 593.3998 605.9536 613.3262 607.7839 608.4969 628.2087 634.2476 631.4741 635.4493 642.7631 649.1766 654.4067 657.7729 658.1091 659.4337 662.0869 660.2441 646.3594 629.5873 615.6888 601.1725 595.4583 595.5359 594.3474 593.7911 595.9455 598.3372 600.8035 601.3098 599.0922 598.7783 609.1600 624.2126 632.7128 638.8923 628.9620 619.3353 632.2486 646.0054 653.0474 660.9869 649.3956 640.1613 646.8110 660.9056 656.4349 645.8300 631.9178 616.4312
614.8564 629.7231 632.3973 639.9076 636.0081 633.2996 612.1027 611.9156 631.0188 628.3549 617.4478 606.8926 611.8770 611.3206 606.5499 588.8269 576.1523 565.5120 560.4326 558.0659 555.5000 555.5000 555.7036 559.5863 558.4191 556.7751 556.4219 556.2097 555.8719 555.7111 555.7455 555.9084 558.5851 561.5486 559.1793 559.6624 560.3521 561.2211 562.9307 567.3448 581.2616 600.5104 605.9805 603.5407 597.2094 582.2830 583.2882 586.7413 594.3544 604.3362 606.1154 605.8114 602.4985 603.4835 606.4340 609.8947 613.9606 614.4407 613.0807 608.9941 604.2080 610.8331 618.2489 620.7248 622.9124 624.1901 625.0346 625.0963 616.4106 603.6027 609.3926 626.1450 634.5841 639.4933 643.1780 639.5229 619.2614 601.5939 586.9847 588.4785 603.4730 611.8285 614.1529 612.4491 620.5038 636.1246 638.8537 640.4288 644.8237 650.8514 657.9147 663.7158 667.9748 671.6540 670.7239 655.4980 642.0838 633.1614 617.5325 607.7740 602.5869 598.7648 595.9915 596.9223 603.1982 607.6079 610.5542 611.2824 608.2581 601.2692 602.0811 611.3572 624.6219 629.9067 617.4048 621.9192 640.1300 646.7579 638.4440 637.8199 639.0406 631.7821 646.1803 657.2075 654.2573 637.8773 623.1162 615.4749
610.7379 622.7072 633.3964 655.8943 652.2736 631.3989 612.2971 617.0073 642.1702 626.9617 597.3106 591.3292 592.0701 590.3458 587.6099 580.5368 563.7210 559.1821 560.3670 556.7854 555.5000 555.5000 556.3184 558.7513 557.6113 556.7889 556.4801 556.3322 556.0433 555.8911 555.8798 556.1260 558.8172 561.8242 559.7354 560.7696 561.7817 563.6641 566.3752 570.2413 584.6746 601.5952 605.0787 604.6805 600.4754 593.2531 588.7697 584.6581 588.5555 600.1851 605.8837 607.4101 607.1992 607.6899 609.7863 612.7714 615.3694 614.5100 612.5948 609.3170 607.8528 613.9485 620.3530 622.4565 623.3472 624.0112 624.9261 626.7249 623.1180 611.2747 607.8886 624.2159 635.8456 642.1921 645.3842 633.8537 615.4942 603.6256 588.8712 585.3715 600.6691 621.3707 633.2879 630.2092 617.3981 627.3046 640.1906 645.9015 651.5850 656.5576 662.8734 670.9867 677.4039 676.7900 661.9113 647.3858 630.0704 619.9420 616.3397 616.8239 609.6845 600.7717 596.3414 603.9922 613.7548 619.7247 624.7957 625.5592 621.2889 612.6987 605.3305 603.4105 612.9393 616.4747 613.5056 621.9128 632.8851 638.7102 633.4689 625.7892 629.7259 626.2084 643.5760 650.7682 644.9802 634.1465 635.7117 626.8835
605.7454 609.6033 631.9826 661.6323 658.1165 629.1366 613.8798 621.4155 639.7373 623.0167 592.6806 578.5980 577.5060 577.0148 573.4625 562.4543 557.5071 558.9107 559.4136 555.8504 555.5000 555.5624 556.8175 557.8566 557.1938 556.8328 556.5795 556.4948 556.3279 556.2627 556.1157 556.8206 561.3024 564.7590 562.5770 563.7437 566.6112 567.7926 571.3335 578.3835 593.0232 603.5496 605.2483 603.9622 604.8208 605.5712 601.6527 593.6315 588.6422 598.3558 613.1046 613.7587 609.7032 610.8569 613.7099 615.9451 615.8830 613.7794 612.0866 611.5327 612.8016 617.5071 622.5396 624.3309 624.4221 624.4045 626.2878 629.6571 628.2977 617.4574 607.9630 621.4154 636.2439 644.2629 647.1315 636.5283 617.8835 602.9123 589.1497 583.1170 591.3783 614.8604 631.5259 636.0649 636.3323 627.2095 624.3190 638.0491 658.6224 664.9693 668.8040 673.4094 676.0846 665.4848 644.2430 633.5615 628.3196 623.6494 627.0719 632.5261 621.1953 606.9941 598.4871 611.4111 627.0747 635.8196 643.6834 642.1733 632.0751 624.5761 614.6836 603.1351 604.5547 606.2380 606.8679 608.2507 613.9197 621.0332 621.4904 616.0750 617.9462 623.4288 643.8400 658.0957 654.7908 645.2717 656.2122 644.6815
626.7549 615.0778 619.6906 638.7314 645.6978 624.9683 624.3300 621.4210 618.4537 606.7937 586.4199 575.8309 582.7419 585.2480 569.0884 557.8128 557.5817 557.8287 558.6657 555.7837 555.5576 557.6602 557.6714 557.3528 557.2143 557.1234 556.9183 556.7559 556.6371 556.4319 556.2401 558.2555 563.8181 567.1292 568.4828 567.9164 574.8817 576.3275 582.1321 591.5762 599.8948 604.7181 606.4592 606.8182 607.2440 607.2820 606.4473 603.5074 597.5439 595.9965 611.4094 613.7446 610.3151 611.4702 614.0253 615.6638 613.8668 613.2733 613.8009 614.5308 615.8784 618.5855 623.0013 624.7173 625.9038 627.7927 630.4548 634.0330 632.8697 622.6634 609.6701 621.2553 637.3613 645.0200 646.5707 628.5283 608.1432 607.8912 599.8968 584.7936 583.0394 591.8585 602.4035 614.9839 636.9912 640.5925 630.2027 639.3085 665.9958 673.0636 672.5694 673.5502 669.7809 656.7234 644.6005 642.4209 644.1840 635.4119 637.6392 636.9363 623.0751 605.8419 598.5876 614.5441 635.2730 650.4005 655.9086 648.4532 639.2957 640.6284 627.9510 610.6625 613.6111 615.9453 615.6783 612.2289 608.5905 610.0229 613.4305 619.8799 620.2115 623.1839 642.6918 654.6314 657.5778 656.3325 667.7766 659.5001
645.9819 634.6298 619.7261 634.8315 646.0493 634.6411 622.8152 600.2842 591.2123 592.9601 585.1932 577.6287 568.2905 563.1025 556.0775 554.7940 555.5803 558.1384 559.7650 556.8917 556.6111 558.7233 557.7387 557.3648 557.2793 557.1583 557.1311 557.1687 556.9650 556.5845 556.6586 560.4464 564.8060 569.1580 570.7803 571.8183 579.8497 583.5553 593.2931 598.1246 600.8220 605.0264 607.8325 609.0125 608.5107 607.9655 607.8104 607.7809 606.2828 600.0214 599.1293 604.6281 608.6149 610.8998 614.1149 614.9821 612.8261 614.5506 616.7070 617.9664 618.8558 618.6273 619.6854 622.6702 626.9543 631.6633 635.7260 638.3091 633.1588 620.9969 611.8819 624.3027 638.9965 645.8732 644.1519 627.3298 623.8163 625.4297 608.8464 588.7285 583.1905 583.1854 587.3551 603.4718 622.6553 637.9480 642.9037 655.3872 670.1519 670.8024 672.0206 678.2281 679.6615 669.0671 651.7297 643.6406 649.4732 645.3284 639.3724 628.9754 614.8226 601.5978 600.9086 618.6185 630.7336 639.6854 639.8152 643.9628 642.5836 645.2283 635.2009 617.1108 621.5423 631.3152 633.5666 628.0285 617.7936 612.3077 617.5117 633.9105 635.5579 628.5314 633.5034 641.6364 656.5104 670.6956 676.9722 663.4535
642.6202 646.9673 628.3843 631.0372 641.2006 633.9124 627.2119 602.1831 582.4731 579.8676 571.4393 562.4668 555.8800 554.0067 554.9211 555.4601 555.5244 558.2077 558.0417 558.9595 559.3680 558.2489 557.6147 557.4979 557.3353 557.2551 557.2141 557.3950 557.3378 557.0997 559.4053 564.9125 568.1931 570.5092 571.1241 575.7135 582.9265 587.7892 597.3508 602.1777 605.5209 606.5938 608.1617 609.6583 610.0799 608.1985 608.8376 610.3540 610.3857 605.3684 599.3785 601.9717 608.2939 611.9393 615.9763 614.8833 613.3522 616.1775 618.8153 620.2756 621.1212 620.0764 619.1457 622.6262 629.1551 636.4752 641.2504 638.7825 628.5010 616.7186 619.2388 631.6521 642.2808 647.6493 647.2158 640.7251 632.0673 622.5523 606.8467 595.5803 588.2972 585.5799 584.8701 592.1874 607.7125 625.3583 646.4910 665.1074 669.0752 664.9120 672.1627 680.6221 683.3048 669.7931 645.4457 633.0366 635.8309 632.9769 625.3060 618.7816 606.8526 599.3998 605.3430 618.3670 619.8527 622.3802 634.4762 649.1358 643.1067 634.8370 629.4310 616.5844 619.7443 632.5231 642.8523 641.4642 630.0585 616.1159 614.0280 631.4016 645.8302 645.2446 648.4965 651.2494 666.7010 675.9053 670.0254 655.3842
642.4727 651.6368 641.4789 635.9327 625.6288 613.1481 617.8134 601.6976 583.5275 568.5467 556.5304 554.9313 555.2432 555.7745 558.4274 564.0311 560.3179 559.7992 558.2190 557.8893 558.9285 557.7044 557.5869 557.6281 557.5297 557.4661 557.3321 557.4817 557.7690 559.1329 563.2407 568.7386 573.5748 574.0603 573.2441 575.5383 584.7557 593.9590 602.7009 604.3453 605.3441 605.8328 607.8059 609.6661 611.1782 609.0523 608.5933 611.0956 611.9528 608.5566 604.3060 606.6496 612.4520 615.0240 615.7111 613.4674 611.2675 615.1020 620.2451 621.9113 622.8953 623.9968 624.8494 628.1106 634.4083 641.4361 642.7628 634.4462 620.3358 620.8646 631.2195 639.9120 645.9263 648.2654 648.4445 635.0655 616.4890 611.9891 617.3231 609.2414 597.5723 590.4998 586.2864 587.0995 593.7670 612.0927 633.1011 653.0297 664.9240 666.0981 673.5083 680.3166 679.7921 667.5972 648.7941 630.3008 619.5283 617.6195 612.4775 606.2609 602.5140 603.7362 606.2252 614.9522 622.9941 626.6730 638.7719 657.6754 653.1991 638.9901 629.0715 621.1129 621.4727 636.6776 645.6420 650.1505 638.0246 620.3219 614.7325 626.6127 645.4518 655.8769 660.2859 657.4677 663.4766 665.4104 659.4830 651.0695
653.5198 651.4925 642.3257 643.5737 620.5226 601.8275 595.4124 583.4236 571.0875 557.9677 555.1443 555.5504 556.6630 559.5941 566.6173 570.3231 562.4329 559.6171 557.3890 557.7038 557.8453 557.6807 557.6405 557.6689 557.6120 557.6769 557.8488 557.8248 558.0196 560.1041 563.6631 572.0562 579.1807 580.7023 577.2205 579.3378 591.6501 600.4117 605.0626 603.6099 603.3434 602.7432 597.7708 597.9526 600.9213 606.6475 608.6051 608.8632 611.1696 611.8411 609.9867 607.6385 612.6412 615.2875 615.2853 615.2435 614.3077 617.7703 622.0260 623.9472 625.5841 628.2062 631.1082 634.9360 639.7891 644.4562 641.3806 629.6266 620.2796 632.8165 640.7413 645.4825 648.0654 649.1404 650.4581 641.5120 631.3426 628.7118 627.9499 614.6338 606.9973 594.1074 593.6795 590.8146 589.7762 604.4310 627.1300 639.3360 666.5845 673.2998 673.5977 667.2536 657.3290 648.1772 634.7255 623.0040 622.5782 625.1125 622.4442 606.6118 601.9432 615.0258 614.0630 609.8647 616.4879 625.9675 635.9782 648.8698 656.7362 647.3276 640.2419 630.0637 623.1103 640.0113 649.6403 644.1809 634.6411 623.0707 615.9879 622.7544 636.1198 641.4967 640.2343 637.7948 642.5712 654.3923 664.8309 659.9244
635.2077 620.1952 624.7368 628.1014 608.1475 597.1201 586.4089 572.2139 564.1945 556.5521 554.3779 553.5772 553.5720 554.4255 560.5631 563.8771 558.9442 558.3433 558.0157 558.4525 558.6155 558.2650 557.9228 557.9758 557.5916 557.5684 557.9706 558.5722 558.3896 559.1363 561.0989 567.8248 573.8522 574.4435 574.8566 584.2934 597.7233 599.9033 594.0075 593.5559 593.6745 583.1734 572.2961 571.8168 573.9240 585.0551 600.7277 606.7103 610.8241 614.5904 614.8501 608.5475 608.2518 613.2828 617.1083 618.9943 619.7137 621.8225 624.2451 626.7869 629.4002 633.7354 638.6489 642.3599 645.1240 646.6591 641.9154 627.8985 623.8891 639.0041 646.2031 648.1557 649.4181 651.1981 654.3265 653.9330 652.6700 646.4483 625.2449 615.0908 605.5913 596.6708 605.4393 603.3680 592.9073 599.1604 614.7201 628.1528 656.5770 667.2709 663.1871 651.7772 640.7592 631.8400 627.9526 634.0885 638.8599 632.9435 624.4631 608.6608 605.3474 619.5391 618.0612 621.6235 622.1240 621.1304 628.8436 636.3914 648.2762 651.7042 648.1810 641.0963 636.2079 636.3931 648.6949 645.2489 638.0234 628.9356 618.1090 618.2261 621.4092 625.4067 631.7238 635.2577 636.0197 653.0920 668.2731 659.7286
637.9018 610.4538 616.5106 614.8483 593.9290 585.8726 584.1912 575.8539 566.5109 558.0054 554.1299 553.5000 553.5000 553.5245 557.6060 562.8266 559.2677 559.0911 558.8085 559.4017 560.4366 561.0052 560.5882 560.6408 558.7698 557.6371 558.0848 560.6774 561.3411 562.3134 562.2863 563.6038 567.3174 566.0713 565.0479 569.0536 577.2554 578.8635 573.5096 568.7119 568.8544 567.8443 572.7938 577.1509 574.3625 570.8220 577.0709 586.8466 600.0478 612.2224 615.6600 613.0217 608.4087 612.6964 618.3066 622.0377 624.0446 625.7892 627.7392 630.8660 633.8466 639.0522 644.1200 646.7519 647.5694 647.8423 643.9137 629.2151 624.3513 640.0037 647.8508 649.6580 651.4930 654.4907 657.8836 659.1367 658.9678 651.3754 623.2160 607.3632 598.1426 603.6235 613.5211 620.1052 606.0893 601.8612 604.7643 618.0369 633.0323 637.2599 641.4672 649.9692 640.5375 638.5183 640.5020 642.3563 640.8403 631.1256 620.5748 607.6047 608.9938 623.3615 622.2585 630.8627 639.4696 633.9163 629.3684 630.4050 638.5527 644.0310 651.4253 658.1390 655.1428 642.6263 650.4140 653.7709 651.6483 639.3702 621.4893 620.4139 623.7598 636.4659 647.5416 651.7250 644.7491 655.2167 671.2007 660.8577
620.8464 602.7880 598.1098 590.1677 574.4544 569.2098 578.6115 578.0009 561.6064 556.8345 555.8464 555.2611 555.4186 554.2307 557.4197 564.7990 560.1893 559.3952 559.0523 560.5330 561.7574 562.4780 562.4179 562.1934 561.6445 559.7088 559.8702 561.9929 563.2560 566.5525 569.0318 570.6228 570.2567 567.6813 566.2569 565.9760 565.3124 564.3588 564.1165 565.3530 571.4032 578.3103 586.8293 590.8997 587.1343 577.3405 571.1008 572.5695 579.1644 593.7671 604.3879 609.4581 611.1548 611.8340 615.6649 622.7504 626.6776 629.1904 633.0847 637.9625 638.3516 641.5217 646.2106 648.1489 648.9312 648.8143 645.5240 632.4761 622.0233 635.0359 647.0062 652.2485 655.5359 657.7555 659.9810 659.3944 654.2115 641.2774 619.3222 604.0974 605.5330 612.5929 616.7009 625.7342 618.3033 604.8230 600.0380 611.6727 633.4825 640.8761 645.2388 661.1433 651.2587 650.9479 649.5173 639.2983 628.4012 623.6551 618.1089 606.7549 609.8286 626.3749 630.2101 633.3923 648.3594 651.7766 647.4404 645.9132 646.0336 648.7390 654.0016 661.6844 660.0002 652.5728 659.7999 662.0503 657.7227 637.7540 623.0671 623.0153 626.2196 638.6530 651.0993 661.8232 661.6830 662.6153 680.4778 662.3945
610.3823 585.1862 573.2355 563.4020 558.9199 558.1087 562.4804 567.1069 557.8965 554.6537 556.2303 555.7560 558.1490 559.3822 559.0696 561.9500 560.2988 559.6584 560.0998 561.1146 561.6663 561.9915 562.5020 562.7073 562.6164 562.6121 562.2582 562.2310 564.1278 567.1177 570.4976 573.7930 573.1025 572.4033 571.0165 569.7393 569.5976 568.4528 566.5801 566.7170 575.7125 587.0562 594.5928 600.3939 599.2792 590.6102 580.2723 574.2906 571.5840 573.4838 581.5614 599.4894 612.3645 614.5345 617.3953 625.1188 629.8478 634.7333 639.9667 643.0882 642.5928 643.2529 646.8325 648.9559 650.0420 649.6682 646.5995 637.1855 624.1223 630.0104 645.5974 654.6395 658.3089 659.7360 660.1793 647.0797 628.3442 615.2538 606.2846 607.1331 615.6947 626.5949 629.8850 633.0428 618.8320 609.3273 596.9099 607.0285 626.8463 630.0605 634.3732 646.7693 656.5068 654.7335 645.2110 640.6103 632.8996 627.7719 618.4686 608.3417 607.7030 616.7700 632.4722 636.5642 648.0513 661.1053 664.7895 666.8710 666.1403 665.5909 666.4858 666.2642 663.9686 662.2319 662.8292 652.8322 638.3510 630.9696 631.3171 625.2142 625.6353 637.1850 652.9919 672.3030 676.3695 664.3344 683.7626 679.4885
583.7036 563.7407 560.2070 558.3398 557.6500 557.5651 558.4789 563.3355 558.9329 555.9228 556.2068 556.5134 556.4122 557.1381 560.7673 562.7177 561.4729 560.4944 560.6269 560.8818 561.5122 561.6296 561.9495 562.3312 562.7362 562.5706 562.9047 565.0500 565.3564 566.5545 573.0827 577.2069 577.0954 577.0787 575.2622 573.3848 573.2272 573.3517 572.8216 570.3057 570.2918 577.3390 590.4895 602.3115 606.6881 604.3766 597.3041 588.7577 579.5596 572.8630 574.8188 592.7221 613.6585 621.0278 623.6401 628.9759 633.8174 640.9394 645.8937 646.7961 644.7932 644.6591 647.3340 649.7888 650.9034 649.2556 647.9899 642.4759 628.5644 627.3265 642.1627 654.1342 658.5557 659.4164 650.6501 627.0267 614.1632 607.3668 614.1978 618.6763 624.3727 641.9199 643.9919 633.2427 615.7051 606.6342 595.7344 598.0763 613.3697 626.8660 636.2895 635.6271 645.1214 647.8451 638.3796 630.3637 626.7858 619.8970 617.3369 619.0937 614.8676 609.9359 621.5390 634.3340 644.1624 656.1230 656.0142 669.8960 681.8419 683.1549 678.8076 670.9796 661.3331 651.8027 643.8184 633.4420 633.1525 640.7302 640.3361 627.9970 631.1610 645.3771 663.0433 689.2541 694.0018 676.1499 682.1493 684.3698
565.2514 559.3467 558.0482 557.8189 557.6751 557.7324 558.7031 561.6303 557.4335 556.5132 557.2026 558.0394 557.6913 556.3563 558.0249 553.9620 560.0644 561.5659 560.5917 559.9119 559.9383 561.1064 562.0059 562.2745 563.5002 563.4516 564.5338 565.3015 564.6658 566.6318 575.1240 578.0016 579.3550 583.4825 585.3841 580.7100 578.3715 579.1011 579.2659 580.1480 581.4772 578.7850 576.0321 581.6145 593.8854 609.1080 611.4014 606.6797 598.2101 582.7569 573.6552 580.7956 597.5495 618.4485 629.4606 633.7599 639.4496 645.8160 648.5781 648.1783 646.0001 646.4343 648.7222 649.7197 651.1969 650.7758 649.7057 644.5342 633.9522 629.5605 634.0410 647.2916 656.5043 654.7958 640.1946 635.1434 629.0144 614.3270 624.3450 635.5699 634.9272 635.0306 632.4163 623.8658 612.6374 605.0228 602.1806 598.9372 618.9051 631.5648 628.8416 623.9573 623.2519 632.9730 640.9168 633.6136 627.9722 621.9268 632.3918 637.0398 623.2789 610.6636 611.4227 626.2186 642.1306 642.7930 644.6098 655.1360 666.3318 684.6391 684.6714 674.0092 659.9536 646.3172 637.9822 633.4257 640.8607 647.2141 639.8626 635.3818 635.5590 657.1445 682.8466 702.1194 719.3520 710.5937 691.6128 679.7617
561.6705 558.5418 557.8955 557.7743 557.7588 558.2390 559.4318 560.2580 555.1548 554.7298 556.5818 556.2337 555.3552 558.0729 558.6223 553.9992 557.6103 561.3441 560.0507 559.0798 559.2475 560.5324 562.0339 562.7203 564.4996 564.1781 563.8695 564.5587 564.1808 565.5370 571.6977 576.4734 579.2243 588.2097 595.3831 591.3729 585.6081 584.7058 589.0132 595.4547 598.2350 595.5497 587.5276 577.4183 582.8185 603.5364 614.8737 615.5751 612.8547 600.4340 580.5137 575.0595 582.3490 606.0458 627.2930 634.6511 641.4653 647.7985 648.7648 648.0845 646.9700 648.3334 650.2039 650.3422 651.0599 650.8177 649.2366 647.4324 646.0121 644.5029 637.4885 639.1569 652.3415 658.4211 659.5331 653.0500 628.2405 617.1447 639.7848 648.5801 638.4166 639.2614 646.7135 627.7609 613.1149 619.0371 615.9663 603.5768 604.8101 609.1451 608.6255 609.5945 616.6618 629.9215 637.0540 642.9167 638.0118 630.3250 640.0859 640.2147 630.5930 617.2517 611.3103 618.9694 628.0009 637.7032 651.8856 648.7567 654.3564 666.6232 662.6432 665.8478 660.8119 653.8461 649.1511 643.0679 641.3602 646.0194 647.4444 650.6515 634.6014 648.6141 663.7693 674.2136 707.2300 713.5588 703.2054 693.5465
559.7031 558.0186 557.7909 557.7524 557.8073 558.4572 560.3353 563.7695 560.5662 556.2034 555.3862 555.5668 555.5301 557.8702 559.3389 558.5826 558.1342 561.0248 560.0834 559.3475 559.0328 559.7056 561.1921 562.9627 563.0009 559.6051 562.7689 565.9728 567.4946 567.6427 569.2517 571.3629 576.1361 587.2469 597.8727 597.9225 593.3256 591.4344 597.9346 605.6268 608.4565 606.8524 601.0458 584.6069 582.0151 599.0276 608.4818 613.0306 618.9169 615.2750 592.9924 577.2515 577.0877 589.9189 608.5692 617.2476 636.0035 647.8110 648.5322 648.1803 647.6078 647.7331 649.0192 650.5283 650.8057 650.8636 650.1240 650.0817 652.6429 653.5021 647.7132 638.8447 649.0573 659.9265 665.9284 654.0639 628.8286 617.1104 632.3008 639.6711 635.9586 641.8546 646.3969 626.7729 621.5333 630.4720 622.0751 605.7322 599.4581 601.0170 607.5103 607.2198 611.4347 616.9553 619.7277 633.3996 638.9450 637.0661 646.2590 646.7967 634.6918 626.5581 620.6863 612.1492 615.5641 628.8510 641.8417 637.0065 640.3342 642.3474 639.4905 651.4105 656.2639 657.5027 655.1572 647.6723 647.2842 658.2424 665.3338 659.4058 645.2491 646.6360 651.5674 667.7470 671.0725 672.5165 677.7249 682.1757
558.1823 557.8373 557.7598 557.7539 557.7550 558.3690 560.0149 564.7137 562.4843 555.7513 555.1436 558.0579 558.8765 558.9930 558.5667 561.0989 562.6338 562.0499 560.5904 559.5835 559.3622 560.7734 558.3671 549.8170 551.9166 553.6826 559.2364 565.9613 568.2181 567.8698 568.8621 570.2266 572.1710 583.1326 594.8712 597.6004 600.4393 600.9071 604.9258 609.7691 612.3550 613.0332 607.4221 588.1216 577.7449 583.7204 592.7023 607.4567 618.9448 622.4745 608.0467 587.1758 576.5120 579.6094 591.1049 605.7790 634.1935 648.2307 648.6935 648.7419 647.9363 646.4818 647.2697 650.5356 650.6210 650.9528 651.7571 652.3326 655.4382 657.6474 651.7975 640.4303 647.2863 660.1954 669.1724 662.4743 641.8438 619.4240 626.2559 629.7296 633.6771 636.2263 633.8904 630.9153 628.4574 627.9091 617.8301 604.2300 607.3635 615.3931 617.2256 617.5716 610.1929 606.6766 616.1383 630.3600 643.7395 645.0451 648.3287 646.9241 639.9265 638.8683 629.5151 616.3961 612.6775 617.6951 623.8755 622.2253 627.3521 629.2612 635.9789 644.1100 648.2709 654.2975 653.4575 654.4576 656.5745 668.5365 679.9761 681.0666 668.9988 660.4810 650.5645 658.6384 658.7026 660.9304 666.3925 678.4910
558.0407 557.8983 557.7052 557.7128 557.9318 557.2056 555.4882 556.9288 560.0673 560.7855 560.2902 561.8856 561.6416 559.3033 559.1525 562.1390 564.6360 563.2778 560.7309 560.5961 561.8843 560.9493 546.8933 535.2955 549.6616 557.5446 563.6226 565.7464 565.7944 567.6427 570.5784 571.9749 571.4536 582.1458 595.3791 601.9061 610.9268 612.4807 610.8623 614.4698 615.2077 615.1038 606.5190 585.5419 581.3799 590.8171 590.7816 603.5674 618.0328 626.9392 623.9128 600.9707 579.6307 578.5167 588.8511 600.8931 625.9349 648.0971 648.7032 648.4224 648.5781 648.0682 647.8943 649.7061 650.5413 652.0101 654.2960 655.4396 657.7026 658.3563 651.2615 643.3018 649.8387 661.0985 669.5155 671.3723 647.3057 623.8295 636.2714 634.3760 632.7754 637.8954 629.0857 623.6818 622.7908 617.3244 609.2823 605.0529 618.0085 629.2172 626.4876 627.6350 620.3273 607.2338 612.1917 625.3456 638.6552 645.0054 650.4190 652.2440 651.0939 649.2057 635.3720 620.1398 615.1603 615.7100 615.3312 617.2867 621.1617 623.0719 628.5889 631.3105 632.8932 639.8176 652.3805 669.6674 678.6024 682.7575 676.2205 689.9628 689.1414 663.1201 665.8293 672.5577 673.4702 672.7740 674.2963 686.2589
558.0383 558.0945 557.7496 557.5738 558.4409 556.0046 552.4086 553.2682 557.3608 562.4297 560.6756 562.6871 561.8745 558.8950 560.2482 562.9371 564.1621 566.0718 563.4772 562.4402 560.6833 559.2037 556.4742 555.2416 562.0081 564.4646 566.1569 565.3312 566.9807 570.9511 573.5485 573.9066 572.7697 580.7229 596.5602 607.7341 615.1639 614.6068 614.2008 615.6663 615.4869 614.5595 604.4288 584.5926 590.0482 609.7235 605.8105 598.0099 607.1014 626.7902 630.2682 604.4390 586.1700 579.2714 583.8431 599.5886 624.1632 645.8036 645.3092 637.3782 638.5370 647.8229 649.4577 650.1514 651.9178 654.8527 657.4160 658.4005 658.7468 656.6893 652.3077 652.4742 655.9604 661.9902 665.9149 667.7139 644.0380 629.4559 641.4289 646.5651 642.3547 641.9469 631.9372 619.0012 614.1382 610.9814 607.1118 605.9963 618.5105 635.1086 640.3219 642.4996 630.8523 616.6715 611.7047 615.4514 622.0792 627.6337 642.6810 650.5607 644.2709 636.0110 626.1994 619.1074 624.9365 626.4603 621.6755 620.5632 624.9326 629.3159 629.4697 627.7501 636.2950 649.0335 668.4998 693.1191 705.8893 694.8043 678.3436 668.8975 671.0727 667.8973 691.3515 698.9570 695.5826 696.3385 684.0995 694.5638
558.0891 558.1258 557.9443 557.9613 558.2124 553.1750 555.7528 558.2021 555.3344 558.9443 560.2280 560.5825 559.9340 563.0645 563.6931 564.4839 565.6082 565.4578 560.7961 559.7727 559.6199 559.9536 561.6839 562.3047 563.4214 564.9653 565.8210 566.1492 568.8398 573.4182 575.6310 575.9340 576.6699 584.6830 597.0538 607.7265 612.9687 613.4359 614.8542 615.5627 612.8807 609.0096 602.0181 585.1075 594.6597 618.7558 622.0007 620.1699 612.4253 625.7050 633.5491 613.9832 603.6714 585.5061 580.1906 591.3452 608.9109 625.3403 633.2940 617.3605 619.9446 641.1348 650.4073 651.5257 654.3060 657.8110 659.7351 659.7787 659.7864 658.8359 660.0000 664.4940 665.1306 668.1885 668.3511 664.9893 644.4781 637.3932 649.0824 659.6203 653.9631 637.9708 628.2611 615.5153 611.7418 616.3633 615.0462 607.6328 614.3466 628.3760 635.6995 647.4489 636.1038 630.6520 624.7136 611.8339 614.6757 627.8232 641.8797 652.2344 646.8069 638.1711 626.7274 620.7388 631.2959 630.2403 623.3602 627.7053 635.4164 640.0511 638.4416 632.6479 648.8890 656.0038 668.7891 689.0364 705.3398 694.5336 686.5817 664.2059 670.4454 677.4594 705.8359 722.9977 721.2147 721.2139 699.0011 714.4203
558.1816 558.4000 558.2592 558.1859 558.3242 554.5455 555.7721 556.5458 555.3080 557.8719 563.0668 562.6884 560.5162 561.1835 561.4266 562.4894 562.8999 562.8144 561.2610 560.4410 559.3454 560.5732 562.1942 562.5882 563.0073 563.8409 565.5318 567.1432 569.5693 573.5840 576.9713 577.9036 581.9430 593.3156 600.3688 608.3418 613.6896 614.8099 616.9883 616.7355 613.2375 612.9603 609.9224 591.7443 590.9149 614.4095 637.1931 641.9578 623.2191 623.3990 644.2147 633.1924 615.6000 594.9518 581.1219 580.1747 592.1647 603.5663 614.8649 606.4858 617.0212 642.6602 652.3941 654.3947 656.1366 659.3683 661.8546 662.8294 664.2730 665.1283 668.7664 673.2614 671.0604 670.1592 665.2186 662.9717 650.5905 638.4639 640.5981 646.8253 647.2827 641.0815 627.9832 615.0874 619.9243 627.4852 626.3885 612.0242 611.5140 620.4381 628.5386 641.7397 638.4329 639.6309 634.9653 618.4968 613.3555 625.2526 636.5664 641.9636 641.9539 636.5558 627.4068 626.1002 640.0123 636.3478 625.8584 635.0284 649.7580 657.3597 650.8113 634.9312 640.7693 650.2767 668.8449 688.1280 701.0684 687.9974 678.2122 665.6326 672.6481 691.7679 699.2822 702.7130 714.1216 736.0128 728.5974 736.7469
558.2421 558.5975 558.3480 558.1872 558.8517 560.5704 558.3875 556.5563 558.5445 561.2451 562.6582 562.3578 560.2969 558.5208 560.9376 560.5685 560.6763 562.5095 561.9777 560.9837 559.3749 559.7629 562.0588 562.9363 563.4698 564.0111 564.9717 566.2657 568.5842 573.6205 579.5174 581.1907 586.7134 599.7224 606.2009 610.0685 613.6422 615.5974 617.8311 617.9544 616.4894 619.7471 616.3112 598.7359 588.1860 606.2753 637.6574 647.2315 635.7584 632.0075 648.8586 647.7011 631.8989 606.9131 586.6531 580.3190 583.5461 591.4252 593.7755 597.3849 618.2280 646.7092 655.2235 657.5500 658.6503 660.1718 662.7592 666.2950 669.1974 670.7912 673.9548 677.8386 674.5382 669.8873 665.9916 669.1700 664.7372 653.5712 640.1355 642.5818 636.2713 627.4464 620.7729 615.8642 627.2242 637.3018 634.7720 615.4382 610.6784 620.8659 629.1876 641.1828 643.0685 639.8880 635.3029 619.6666 617.3934 623.4170 631.3090 637.5301 637.7269 633.9684 626.2412 628.1945 647.5962 644.8367 631.0322 635.4676 655.5743 673.8366 662.1993 640.1198 648.1896 664.8683 674.2293 676.7996 700.5781 708.8907 694.8949 675.2340 662.8405 672.6550 677.3480 681.1847 697.7886 727.6335 747.9372 758.0740
558.2374 558.3316 558.3998 558.1917 558.9680 561.1272 561.0667 561.6689 561.1949 561.4542 563.1761 563.1139 561.6261 559.6313 558.9724 558.4323 561.2267 563.0717 562.7095 561.3087 559.5144 560.0792 562.1735 563.5726 564.2162 564.8065 565.4916 565.8975 566.9388 573.0087 582.5265 586.1703 587.0122 591.6903 599.3923 605.0887 609.3464 614.4360 614.7989 616.0680 617.8505 619.3538 620.4235 608.9794 589.6949 597.2541 615.8079 627.8512 645.1461 648.7703 652.3372 651.8223 640.8189 615.2131 592.2347 582.0141 585.8923 604.5945 606.9186 604.3417 616.9330 648.8881 656.9889 657.9151 658.5549 659.3623 663.1406 670.3404 674.1555 673.9686 674.2543 677.4460 674.5944 671.8065 674.8900 677.1097 678.3264 672.7565 649.5246 641.4018 631.2233 625.6078 631.1809 623.1776 634.8400 630.9773 625.0880 613.2080 610.8882 620.3362 625.4952 632.8502 637.4092 635.9344 630.4537 620.2134 629.1047 641.3943 642.6714 642.7257 647.3995 644.7349 630.4128 631.6546 651.2219 654.6770 638.4980 641.1066 656.7411 687.6550 679.3109 648.9327 646.6122 654.0342 663.0157 661.6725 685.2788 701.5056 690.7004 672.3139 675.2912 676.8527 676.3028 681.8282 689.1602 716.9910 735.3782 739.5213
558.1736 558.0986 558.2485 558.3613 558.7079 560.1100 564.1288 564.0941 562.4591 561.7197 562.2838 562.6581 562.1577 562.1213 563.3310 565.2405 561.3928 561.4636 565.1118 562.9781 560.9540 561.4504 562.9009 563.8841 564.7134 565.7145 566.8209 567.2969 567.2648 569.7844 578.9170 592.6808 593.3271 589.0744 590.1831 594.6187 599.4633 603.4901 601.6943 606.7948 617.2291 623.4469 627.6363 621.6200 600.4200 587.1656 598.9278 616.7170 636.1863 650.3168 653.4347 652.5670 642.8260 621.3204 601.1510 584.5424 586.5461 606.7394 621.3364 622.4821 628.4771 653.2603 657.9268 657.1606 657.0387 659.9429 668.0029 675.2930 677.8267 675.8428 676.5010 679.6657 679.4288 679.4213 674.8383 655.1277 654.7582 660.1205 651.5496 640.3210 631.8854 636.1061 634.3138 626.7358 637.4922 633.6027 634.1902 617.5596 618.8909 622.2036 629.2167 632.9857 638.6257 641.5480 634.9479 620.7812 628.8187 650.9758 658.0866 654.6450 659.9748 644.7607 631.2761 637.8599 654.6818 662.2004 642.9819 647.9044 667.0065 692.2662 683.1693 664.4920 664.7361 652.8798 659.9297 675.8415 677.7103 702.6487 699.0225 676.5673 689.0977 696.2980 691.4362 702.7371 688.8786 714.9172 743.8196 723.0623
558.1235 558.2531 558.3455 558.5305 558.6964 559.4937 562.4305 563.6189 564.7440 562.5012 561.5099 561.4208 562.6356 564.4448 564.9977 564.2070 562.8094 560.4957 562.9217 563.0183 562.7544 563.7512 564.9289 565.8006 566.6273 567.8674 568.3284 568.7719 568.4434 569.8889 575.2465 592.2112 601.5802 598.4855 598.8087 597.0417 595.9810 596.8558 601.9449 609.9299 617.6843 627.2840 635.1985 631.1168 608.3795 590.2480 593.5899 609.1951 626.3796 647.7042 651.5469 650.8762 649.5098 639.2600 613.7086 589.0401 584.3596 598.6857 621.0475 637.3027 648.1427 655.9698 655.0521 651.8772 658.9780 664.6472 673.2886 679.1569 679.3196 676.3298 678.7079 683.2676 688.5295 681.7285 657.2473 637.4568 635.9543 648.2138 644.2142 649.8164 643.7272 643.3934 632.1699 636.7394 643.7628 645.5828 642.8246 621.3131 629.4713 628.0081 634.3332 643.3170 645.4922 644.0917 639.4824 624.5803 621.4568 644.0939 663.5631 668.5101 667.3406 644.7661 636.2102 645.0767 659.4446 664.2431 644.6754 647.7462 674.7045 696.5346 692.3232 685.9308 682.1930 666.9390 667.4724 696.6535 696.6609 720.6781 722.7561 690.2357 684.4939 707.9702 704.1402 722.0971 710.0348 717.5112 749.3302 734.3967
557.9956 558.2910 558.3179 558.6508 558.8670 559.4796 561.1360 562.6635 562.3858 561.6738 561.7679 562.3030 563.3285 563.3925 563.9700 563.5005 563.1965 560.1339 561.8240 562.8531 563.6982 565.1692 566.2412 566.8224 568.1286 568.7896 568.9534 568.8398 569.0839 570.2921 571.9285 582.1339 598.8162 603.4564 607.6680 610.0889 602.5864 600.2796 610.9747 620.1907 626.5176 634.9907 642.1205 635.1907 614.9074 598.2399 590.8396 607.7731 626.8246 643.0585 650.2943 649.8447 650.9331 644.0754 615.5380 592.7186 583.9327 592.1143 618.6470 639.5986 641.7792 635.4342 628.8672 627.2036 648.4413 670.6719 678.8259 681.8857 678.9540 675.7811 680.8859 685.5164 688.9656 673.8347 650.1462 637.3536 629.2023 638.7978 635.9636 653.3449 667.4327 658.2051 637.2288 649.7479 654.8214 648.9756 634.4136 620.6114 629.4036 635.6738 641.2922 642.9974 648.0126 657.0224 646.4354 628.4998 623.6154 630.1030 654.1467 672.1783 671.9543 656.8370 647.5867 655.9706 665.9611 662.9018 665.0118 656.8526 660.8991 672.4000 686.2688 704.5321 698.9927 675.0780 669.9034 686.0549 698.6062 728.2891 741.8586 713.0325 705.8193 712.8342 720.0798 735.5006 736.7431 715.1569 739.8675 756.3639
558.3375 558.4849 558.4047 559.2928 559.9541 560.9448 562.2213 563.3607 563.4419 564.4686 564.2736 564.3533 564.0649 564.0007 561.8350 561.0801 559.9749 559.7731 561.7689 562.4406 563.0800 564.2614 565.6447 566.5278 567.1626 567.9574 568.8223 570.0755 571.1241 571.1500 572.5659 581.2824 598.8421 606.1780 608.3116 613.9047 609.5968 603.8030 615.9177 628.2447 637.5986 643.7674 648.1895 647.5930 630.4373 612.2086 596.9349 593.3423 608.3155 634.1875 651.2183 651.5843 651.3215 637.1409 611.2109 596.5535 587.7533 585.5203 603.0099 614.6570 609.7431 605.7884 606.5988 621.8453 645.7826 673.1007 680.2023 678.6396 673.5448 676.3623 682.7242 685.5213 678.8942 660.2782 641.1901 634.5944 626.1083 627.3125 634.3717 654.8100 671.4099 671.5580 646.7935 657.3279 652.5862 637.6237 631.6736 628.3951 630.3261 647.0201 655.4216 655.9366 649.6520 648.9424 637.3841 632.3511 632.5781 625.3272 638.7310 663.9066 669.6619 668.0898 662.5563 670.7095 676.8026 682.0717 690.2368 670.1325 657.4023 673.3112 691.6179 716.9623 715.3174 683.1937 682.4663 703.2380 714.8740 741.6234 762.3642 759.0334 744.0862 726.5332 736.9529 745.0191 756.3621 733.0792 719.7643 754.2872
558.6966 558.7744 558.6529 559.5946 561.3776 562.0277 562.0543 563.1887 564.9919 565.9971 565.9304 565.6208 564.9216 561.8900 562.1650 563.8221 561.8235 560.8480 561.4446 562.2249 562.8211 564.5886 566.6688 567.7751 567.6715 568.4442 570.6365 572.5359 572.6193 573.3660 575.5981 584.6176 602.2882 609.0456 608.4737 614.8099 615.9520 608.5260 613.4154 626.0180 638.4638 647.5405 652.6486 653.9581 646.9178 628.8973 605.2513 592.3551 602.0580 628.3698 641.4074 646.8232 651.7866 635.6828 615.9348 609.7205 594.7342 584.8373 591.6431 597.3444 601.5834 606.1406 607.1193 629.6659 654.1854 664.4857 673.9938 675.0178 674.1666 680.0714 683.4206 676.2317 660.4565 645.8293 631.4089 629.9930 621.7144 620.4310 630.7034 643.8481 657.6332 664.7147 656.0718 655.2714 642.7899 635.9084 635.9764 633.2913 632.1232 641.8556 660.6359 663.8263 647.9360 637.1755 639.7231 647.4969 640.8451 626.8113 632.6416 649.2791 662.9404 674.9786 677.8912 698.0075 707.7301 704.0782 680.6873 670.8396 666.5423 696.9922 714.0029 716.9634 728.3354 720.0013 709.0203 721.7124 737.8210 749.6982 758.2012 780.2581 778.6014 764.8107 765.9415 760.9617 757.2908 749.2878 711.6664 747.0748
559.0382 559.2679 559.7124 560.4274 560.6689 562.3453 562.8839 562.7776 563.4984 565.7448 566.7853 564.8600 563.4206 560.1788 562.4883 564.4391 563.3412 561.3957 561.1646 562.5657 563.6956 566.0967 567.7184 569.3250 570.1263 570.7938 572.3165 573.8579 574.7964 575.9025 577.1447 581.8757 593.8097 606.7977 614.2615 619.9360 621.4644 611.4348 613.5178 627.5508 635.2629 642.3754 649.9800 652.9828 651.7710 640.6310 622.0784 605.4418 595.1592 606.0339 615.8528 631.1704 649.7086 649.1985 637.3657 618.3832 599.4232 587.6357 590.9968 604.1325 615.4312 624.5170 617.0049 616.4149 626.3663 637.4860 663.2151 679.2902 675.5336 677.5570 679.0157 665.7487 654.2253 645.7092 633.0401 621.1461 617.9985 628.1047 632.0311 643.9324 656.5626 657.8319 661.9199 661.8494 645.6251 649.5153 651.0879 646.2472 648.9364 640.9521 660.4561 674.7577 657.8571 645.8116 646.4982 653.4051 639.4437 631.6246 635.6692 651.0511 670.2319 688.6643 696.7202 707.5783 708.3280 707.8495 688.1301 697.3418 685.2712 685.3273 697.3556 699.5739 739.4185 756.6584 728.1710 737.5541 766.3705 786.7338 780.1215 762.4490 770.2399 784.1080 768.5225 749.9301 728.3560 726.8748 709.1807 721.0316
559.5490 560.2927 560.4429 560.2281 561.0167 562.9714 563.6515 563.7798 563.9667 565.3909 566.7836 565.8577 566.9569 564.9720 560.3132 560.0186 561.7236 562.2716 561.3206 561.9821 564.4732 568.5659 569.2202 570.1170 571.6792 572.8489 573.5883 574.6795 577.5703 579.1866 581.5358 584.3000 590.0973 605.5333 619.9323 624.7967 625.8562 618.6917 614.9066 632.9169 645.6693 646.7838 648.4999 650.4866 652.3332 650.9097 641.7549 622.5492 601.4966 600.2700 615.0379 626.2712 644.9029 653.6959 641.5888 620.4630 604.0651 591.2438 585.9253 591.9219 607.4628 618.3033 624.4277 623.1479 623.4349 635.5922 653.8588 661.3975 658.8082 653.2502 653.3677 654.5432 651.7192 641.1401 625.5482 614.3945 619.5507 631.1837 641.9376 665.2332 669.0863 649.8091 651.4449 650.8223 648.7850 676.8864 681.7943 671.9444 660.5236 644.2057 659.3267 676.8224 669.9976 663.8666 655.7036 646.1831 636.5817 644.5043 644.5873 653.7587 664.3867 689.9302 702.0556 693.0878 690.5927 713.8143 729.9971 737.0784 715.3133 678.8602 693.6629 710.0124 739.2628 757.7640 739.2460 733.7045 765.8121 797.5456 804.3834 787.5960 781.1324 785.7569 761.1268 737.0981 716.7433 701.9194 701.9234 693.4952
560.5108 560.1916 560.0441 560.3610 560.6461 561.1798 561.7595 562.2764 563.8605 565.3539 565.7040 565.2094 567.7449 568.6037 564.4367 560.6598 562.1619 562.8719 562.8654 561.9115 563.6313 567.6956 570.0200 570.8286 572.4830 574.3949 575.2740 576.3555 578.7077 580.9191 583.2068 586.6432 593.3597 607.4758 617.0022 623.9885 630.0795 630.9608 619.3420 623.3360 642.3007 651.1921 651.8307 652.2793 654.5155 653.0392 650.7128 636.4130 610.2706 601.1852 616.5667 628.7288 643.9150 654.9894 651.1131 636.1624 615.1879 599.1901 589.5435 588.3453 595.1191 603.9313 606.3607 614.4912 626.1846 632.3445 635.9551 631.6970 638.0533 634.2466 635.4578 644.4596 639.8527 626.6026 612.6761 617.3510 631.1497 640.6137 651.6739 666.3705 665.0306 648.8631 639.3859 639.7220 647.0769 668.2815 672.5488 674.5121 673.2381 656.6574 659.4033 676.3094 682.1585 665.1227 650.6080 645.2554 654.4642 658.7573 660.2993 673.6807 663.3932 667.1469 672.4755 687.2371 703.6005 706.6661 725.7353 765.0858 751.6688 704.9083 701.4479 733.2720 751.7465 740.5180 751.6171 755.5959 749.7443 765.6105 789.3971 772.1345 758.5431 756.0480 781.9344 766.5851 733.0745 721.9709 734.6099 720.5089
560.2250 560.1396 560.2493 560.6146 561.7078 561.9531 562.1707 562.3297 562.6158 562.9550 563.0936 562.3449 563.6866 565.1647 563.1640 561.5727 563.4092 563.7332 566.7300 564.3022 564.4269 568.1653 570.8069 572.1022 573.5388 574.7319 575.3277 575.9676 578.0980 580.7123 581.3285 585.3084 598.4583 613.6810 612.7894 622.8751 634.0546 639.9164 633.8422 622.0450 627.2306 647.8524 654.5026 654.6274 653.8145 652.5826 653.5583 641.2610 613.8036 603.7600 624.5891 642.7580 652.3994 656.5184 656.5071 645.0016 623.5471 606.1012 595.7494 590.9507 588.6135 590.0820 599.3014 609.2651 617.7799 617.4111 621.1600 618.5130 630.1075 628.4359 620.8224 625.3131 616.1887 611.1031 615.6193 629.8901 640.5062 642.6674 641.2156 644.2461 647.8406 641.9182 636.1406 642.7109 643.9450 644.5724 647.5699 655.6401 665.0189 668.8866 668.0317 676.0004 677.1336 663.0470 665.3454 668.0162 672.7614 670.2601 669.6100 696.1711 685.1413 683.0035 687.5549 696.8660 723.1843 736.2845 727.1686 756.3879 770.6130 751.8019 732.0054 724.7959 736.2089 738.5834 763.3432 778.6074 766.2064 767.1281 771.4764 750.9506 728.1688 727.5738 761.1014 777.1296 769.5474 756.6681 745.5423 729.6434
560.2791 560.3057 560.3884 560.5781 562.0293 562.5196 562.8653 562.9717 562.9419 562.7571 562.3202 562.3481 561.6010 561.0764 561.8745 564.0154 565.0485 564.7688 566.9619 564.2415 565.1940 569.2589 571.3157 572.8605 573.3046 572.6934 573.4864 573.9675 575.4237 578.6046 578.9339 585.5180 603.0046 621.6992 623.5906 625.2325 635.9019 644.2339 644.4792 635.6431 623.6605 633.8740 650.7897 653.4708 653.9806 654.2984 654.0308 645.6398 620.8600 602.3419 611.5154 622.4941 638.3716 652.9924 657.3918 650.3262 631.9832 613.2189 603.1099 593.4066 589.2771 588.2020 591.9090 594.9578 598.2938 602.7363 607.2496 611.7281 619.7064 620.6318 608.1107 607.2344 608.3854 612.7184 623.2695 636.6339 646.2653 635.8439 627.4252 630.1846 631.1110 630.5221 634.5051 639.6554 633.5836 636.5284 654.7747 668.2193 664.8777 667.4169 671.4604 666.2546 677.6306 683.8525 688.3340 690.4647 694.8116 680.9928 670.0029 688.6003 707.0925 710.4105 713.4335 711.4963 705.6255 736.7184 745.8280 736.4221 731.1244 750.9728 764.7658 759.4755 736.7560 735.9799 754.9896 758.4224 742.0480 742.1175 743.3647 755.2060 718.6243 708.0455 739.8172 734.5203 754.6100 760.0571 727.0331 697.5018
560.3214 560.3040 560.2369 560.4733 561.3123 562.1406 563.6796 563.3856 562.9504 563.1178 563.2947 562.4899 559.8000 561.9636 563.6814 566.7438 565.3427 565.8850 565.1664 566.8528 569.1508 570.5978 571.6879 570.6760 570.0770 572.6596 575.4418 576.4394 576.0018 577.2975 576.5988 582.3135 602.0958 621.2183 631.5239 636.5852 639.4693 646.7238 649.4805 647.2852 637.4637 626.3680 639.2557 650.4211 653.0651 654.2079 653.6484 644.1385 616.6504 604.9523 622.4277 628.1396 628.3558 642.8700 657.0124 655.8864 640.3513 622.9992 608.3870 597.8895 593.2699 591.0820 592.2653 591.1559 590.1924 591.9352 595.7199 601.4093 601.2421 602.3879 600.6317 607.8400 618.4838 621.6588 628.2033 632.4106 634.8573 621.8456 620.2760 626.7940 631.2087 624.8482 623.1573 631.9576 644.2103 648.4063 658.9863 676.0544 673.6028 667.8656 658.1183 653.5365 670.2067 677.6660 694.3680 702.5371 689.9125 676.4307 689.0217 687.3132 694.5760 714.3115 731.3430 741.9359 725.2169 730.0350 731.9731 715.7460 702.1570 704.2281 734.6469 746.8508 747.1429 728.9179 726.0641 734.8799 713.9590 731.6124 716.9609 724.6483 698.6967 701.0886 725.6547 715.5291 724.4519 717.4072 709.1655 682.8312
560.5676 560.6213 560.6223 560.4766 560.4352 560.5616 564.9856 566.3829 562.8857 563.7349 563.4587 562.1911 560.2772 560.7712 562.7119 563.0408 563.9315 564.5407 565.4374 571.7598 573.4952 571.4929 569.1687 567.7836 572.0222 575.2765 576.7249 578.2958 579.1638 581.4928 583.5930 579.8481 589.0716 605.4360 628.0536 646.3567 647.8406 649.9565 651.3500 652.0475 649.0547 631.2737 628.9933 640.7066 646.8871 652.7558 653.2773 642.6223 615.5337 605.5802 626.3779 644.1490 647.2779 649.5444 657.8324 660.7241 649.5729 626.9789 606.4816 598.5574 595.2691 596.1527 598.1151 597.6876 593.9011 593.1883 595.9828 598.7507 598.8931 600.2991 601.0861 601.9450 607.2540 620.3871 627.8007 621.3907 616.5789 608.3837 618.0415 629.8566 626.7398 614.4323 616.1471 630.8206 647.9338 656.2908 658.2071 667.2305 658.0994 643.0593 650.2667 656.2803 665.9304 680.5043 687.1293 684.0817 673.9777 679.8664 715.2620 716.6599 713.5422 705.9474 722.4036 741.0516 740.8033 746.9000 740.4968 705.1783 687.6174 702.7902 726.0278 720.1280 724.6608 705.3273 714.1714 728.1951 698.3796 716.6852 726.2779 699.1351 683.8337 698.4704 707.2800 726.2242 725.4870 699.1837 684.0877 670.5034
560.9773 560.8506 560.6141 560.2916 560.1848 560.3289 561.9709 563.8091 563.9445 563.8145 563.5029 563.3680 562.4225 560.2206 562.5070 563.3701 563.6116 564.5240 565.2179 567.7398 569.3041 567.8618 566.8035 568.9841 572.3456 573.8022 575.2880 577.9381 580.3654 589.4575 600.9025 588.7690 581.0549 590.0137 615.1111 640.2169 642.2648 645.5383 651.3784 653.7853 652.0762 639.0569 635.0657 644.5494 649.9615 652.4380 645.7673 624.8549 611.3289 609.7320 611.1434 626.1921 636.2712 646.9783 657.3244 657.3420 635.9751 611.8193 609.5226 609.0475 601.1030 605.4730 608.9013 608.1197 607.1680 602.7058 600.3252 611.3820 615.6078 615.6070 610.8132 603.5591 600.9041 605.8781 611.2101 606.3297 606.8040 608.6976 611.1379 615.6363 613.8425 617.1787 621.6301 623.7193 625.9576 631.8172 639.9300 653.6015 648.2838 644.8873 660.5314 676.7155 684.1284 702.6579 693.6566 697.9078 701.1964 690.6733 718.8098 749.8328 731.1653 719.9826 733.2341 734.5657 708.2531 707.0904 731.3233 719.5443 690.5325 726.1780 743.1329 701.7496 692.0591 714.5680 712.1881 704.6760 686.3804 696.7912 721.5443 695.6696 682.6249 703.2556 713.2878 725.7125 720.9013 708.5147 702.1725 676.2406
561.4377 561.1219 560.6880 560.5417 560.6279 560.6285 561.6761 563.0265 562.8569 563.5878 564.1241 564.4537 563.8178 561.1717 562.1459 563.5635 564.3705 565.4429 564.7692 565.3195 566.2715 565.7882 566.6673 568.8392 571.5153 574.0007 576.9844 582.8513 588.2236 591.6761 609.1728 607.2635 592.1325 582.6874 589.4002 606.0844 610.2981 622.5717 643.2130 654.1780 655.3359 652.0311 650.4101 653.4064 654.1687 647.7380 626.7053 611.4892 621.0004 624.5449 611.0032 616.8328 619.5809 629.6747 647.9920 644.4179 623.7496 610.4423 623.9683 618.0033 606.0548 618.4023 624.3307 622.9412 621.3230 612.8374 600.8524 612.4512 626.1861 630.1699 625.8687 619.6620 613.4945 606.3589 606.6885 616.2746 620.6000 619.0527 616.6042 611.4583 618.6868 634.2544 638.5134 638.4373 630.1130 626.0468 630.2339 635.1158 645.3190 660.0967 674.4348 693.3685 692.1724 707.2179 722.7490 726.8677 732.6931 701.9843 703.0811 751.3022 766.3572 739.5207 743.7709 746.2673 713.7269 692.2900 703.6165 704.4011 690.7083 722.9512 723.5910 683.0990 692.4671 728.8164 711.9394 681.0787 676.8156 676.9649 683.6944 681.3689 696.9825 702.9621 686.8541 685.9742 694.4160 694.9175 702.4413 679.0200
561.8544 561.3245 560.5360 560.4128 561.0439 560.8030 562.1394 565.1592 563.7521 564.3690 564.4307 564.9875 564.2679 561.2729 563.0397 565.2364 565.4870 565.3979 565.0350 566.2814 566.6655 566.9315 568.3035 570.9143 573.0838 575.3408 579.5939 592.3174 606.0542 594.4777 604.8905 619.1506 608.3528 590.7590 583.7947 589.0388 601.3755 618.8839 636.3710 652.6766 656.3069 656.0853 655.1426 654.8167 653.6097 641.1059 619.1857 618.1789 626.3641 630.9959 615.3032 626.5244 634.6492 630.9067 644.1863 643.6544 622.8552 613.7215 624.0714 613.5225 611.3820 625.9388 640.4454 643.5936 636.3824 620.5889 603.1072 609.5466 621.2378 634.5296 642.4338 639.2425 630.7535 616.7808 610.7029 630.0251 637.8727 632.6957 635.1711 621.8116 615.8796 626.9604 642.9793 657.9114 661.6731 644.3228 643.6998 643.7819 656.5301 674.2217 685.6178 699.7685 689.2414 711.2730 746.8080 760.7530 761.3213 724.1691 715.7268 734.8655 769.7725 755.0435 722.0115 731.2253 732.3975 714.7398 685.0171 675.0023 689.9455 713.2946 708.0204 679.7663 677.8999 688.4378 674.5740 678.5292 684.0831 673.9001 674.0688 695.3721 708.6556 700.6241 685.9937 669.3178 663.8480 664.5258 668.0778 675.0922
561.7762 561.2181 560.5932 560.4955 560.7192 561.0238 561.8062 562.9481 563.0316 564.3361 564.2786 564.1126 564.4986 561.8451 562.2304 564.7668 566.2836 567.7625 567.3071 568.4350 568.9465 569.2889 570.1261 572.7114 574.6257 577.9032 581.2280 589.9315 608.8707 599.2336 606.5742 623.3368 619.8772 602.1448 587.6100 584.5785 597.2814 613.1495 630.9609 643.5405 652.7970 655.9832 655.8593 655.5331 653.2305 636.4683 624.0181 634.7649 628.9868 632.1114 620.3643 628.0277 645.7437 644.6090 641.4412 634.3650 624.0433 618.7186 623.8889 614.4036 620.7657 635.9904 649.7842 642.7452 624.8548 615.1595 604.6916 611.7300 620.0927 627.7667 642.6119 650.9963 644.5057 626.4517 611.8917 620.2360 638.3786 646.2402 647.6321 626.9008 624.0525 623.9166 633.0418 653.8125 670.7223 655.0603 661.3945 664.2648 647.8484 662.5100 687.0712 692.3768 685.8720 696.8370 721.5692 744.6906 768.4205 750.0148 747.7991 734.4002 723.7748 739.7909 733.3456 719.7516 722.2310 712.4925 681.3294 667.7352 672.3182 703.3781 727.7089 698.9887 667.8480 678.4400 683.8209 685.1033 702.5226 699.2377 687.6579 700.7568 701.9620 681.6675 689.5924 674.6292 659.9238 670.6298 673.4813 696.4285
561.1272 560.8508 560.9463 561.2209 560.8030 561.0056 561.2284 561.4675 562.6879 563.6619 563.6464 564.0907 565.2042 563.5468 561.7427 565.8603 568.2580 571.1908 570.4658 570.1178 569.6185 571.5008 572.7588 573.8376 578.7899 588.5508 595.1934 590.2781 603.6407 603.1339 619.4852 635.0309 634.2178 614.5765 593.2291 584.8991 592.2076 606.9206 613.0256 623.0718 645.7519 656.3817 657.2865 657.7896 652.8669 633.3218 632.1720 646.2285 642.7068 633.0734 628.8397 628.0665 649.2366 655.6010 640.5916 628.1637 636.3059 629.2667 627.7064 620.0137 619.2861 634.9844 648.6273 632.8713 618.6600 613.9423 606.5229 608.6055 617.4592 622.7267 631.7763 644.5927 647.8464 632.8204 617.1061 616.3973 638.4975 655.5941 655.8575 635.1808 641.9700 639.5408 635.2839 653.4779 661.6193 670.2704 674.3315 676.5456 650.3672 654.1710 670.8487 674.1682 684.0071 706.5155 702.1592 705.6596 734.8497 763.9884 760.7559 742.2783 709.4768 709.5416 722.4134 696.8332 673.7291 673.0452 666.1125 653.8585 668.1039 701.8310 710.1721 677.4539 675.3762 708.7008 722.5746 704.2241 697.9208 716.0287 709.9304 717.3471 717.8564 681.6435 669.6060 658.6841 664.3636 688.4546 691.3600 700.4887
561.6879 561.6245 561.9550 562.0002 561.5667 561.6208 561.8708 562.0935 563.3088 564.2341 564.6652 563.8595 563.8310 564.4925 562.1846 563.3725 567.0091 568.4695 571.2175 570.0251 569.9054 573.8115 576.7787 580.4328 595.0132 613.8362 614.4006 598.5917 608.9308 609.2166 624.2391 644.4600 646.4678 625.2474 597.6918 594.2238 592.2983 599.8990 609.4668 624.5349 640.3719 648.7108 652.2015 654.0914 653.1614 646.2665 645.7867 654.0728 655.0730 650.4855 649.3104 634.0934 637.4434 651.7446 648.1316 633.6285 634.7033 633.1435 635.5514 628.7808 621.0634 634.7139 651.3794 638.8337 624.0430 626.5370 613.8262 611.0461 629.3002 634.0444 637.4971 643.1635 645.8539 633.6539 619.1936 612.3655 623.0722 646.7334 666.2065 658.4718 664.5107 655.7288 636.4510 653.8120 673.3826 688.2543 700.3857 691.4290 673.2241 672.5019 692.8145 705.8306 695.4020 723.1685 745.5435 726.5349 731.7581 759.7908 738.4081 738.7429 742.1078 709.8565 695.4725 688.8795 689.1537 693.0894 687.9536 675.6539 664.6965 668.6544 684.6060 664.6011 686.4951 709.7578 731.6291 725.7040 708.7025 715.9294 702.3488 710.1447 708.3256 685.2928 677.5995 659.0073 662.1909 674.1342 675.4940 691.5300
565.6343 563.2335 563.5081 563.2647 562.7281 564.1810 564.3615 565.2195 565.6762 566.1156 567.8238 568.2508 565.8840 566.0693 567.4888 565.3301 563.1942 564.4955 566.9689 569.2621 581.6061 587.4909 589.2883 586.3631 602.2903 628.2820 618.9913 608.2269 624.7916 623.5874 627.7449 646.0479 640.8967 617.7479 600.0128 608.2808 597.7446 591.5216 595.3043 612.1503 620.8293 616.8615 620.5287 624.1481 628.7507 638.0731 630.8880 636.0823 652.1586 666.2419 666.1097 650.2969 641.5112 649.7015 655.7652 646.5089 647.9146 645.6734 645.1510 636.9876 627.5624 642.0291 664.2748 643.4774 631.9851 631.3281 612.8766 608.6328 625.1580 636.8867 647.0833 646.5754 642.1970 641.4108 629.8229 618.8472 620.5241 638.7487 664.1666 677.5984 683.3955 666.3609 647.7103 641.1759 672.9901 698.8438 725.3532 716.1273 678.5731 676.5115 717.9674 736.9761 712.2145 708.9075 765.4595 765.9138 728.4944 736.0840 730.2368 728.6823 753.1746 726.6497 729.6163 728.2691 712.9930 684.6378 680.8594 693.5817 687.9597 656.0670 655.2298 664.1181 672.7079 677.3900 702.9656 713.1659 722.7523 731.6790 705.5185 675.0991 672.4196 667.7275 665.6896 655.7366 666.8260 672.3417 670.7971 689.4968
574.6136 570.1748 567.2229 566.1663 566.7994 569.6485 569.1558 570.2027 571.4622 571.7130 572.2680 571.7357 568.5858 567.0599 568.3801 569.8062 565.6450 561.9225 564.1655 574.1342 600.7056 606.7138 608.8386 603.1136 600.5546 620.9277 618.4103 618.5824 643.6625 644.7543 644.3425 652.0216 636.9470 612.0997 606.2526 617.2881 607.3876 598.9451 593.6552 600.7380 604.4599 601.7078 598.9603 600.7256 605.5562 613.1693 610.7106 625.0579 643.7764 653.3746 664.8765 663.0435 655.0505 659.9559 670.3208 661.7385 650.6543 649.4959 647.8818 640.7237 632.8881 641.9741 653.9351 636.8016 623.9691 618.0718 609.3448 607.3283 617.8271 633.1224 636.3015 637.3643 647.6303 657.0903 638.2564 633.8153 633.7099 632.1309 645.9521 671.5384 693.3434 676.3537 650.3373 652.6202 657.0619 675.9618 721.1850 738.2379 706.0225 674.9609 707.1713 751.2838 741.9092 716.2004 745.4828 761.5366 745.8663 743.1863 725.3026 727.4346 767.9943 762.0131 751.4678 729.9902 706.0914 692.3297 668.8727 658.7819 664.6303 654.6216 667.0807 685.7765 688.2869 679.9606 675.5510 698.8191 724.0171 709.4736 687.7683 668.9901 675.3324 692.4408 676.1138 655.7307 657.4349 682.5260 683.4155 676.5190
585.6476 575.2805 572.1436 572.8909 573.1572 575.4002 573.9859 573.5945 574.1137 573.9796 572.3989 571.7646 570.0744 567.8951 567.6868 568.4090 566.1741 563.2374 562.3936 572.7882 607.3437 620.0272 624.7916 629.8895 620.9224 620.6017 621.4628 625.0949 652.6653 660.5031 660.5299 659.4470 640.1937 613.4853 616.0891 628.8882 625.9453 615.3094 598.1085 601.4728 614.3678 620.3294 611.1040 613.0504 608.6503 602.9297 603.4615 612.6768 625.6227 631.1560 639.3464 647.4505 648.4425 648.6783 653.7234 643.7549 637.0125 643.2581 645.2181 646.8018 643.5059 642.4733 643.1373 626.7077 618.8737 623.9374 619.6650 611.2899 614.2185 621.8683 624.3159 635.7277 642.1802 652.8159 650.2882 650.6173 644.1946 630.2605 646.6971 676.5900 697.4922 690.0534 664.9664 686.4860 684.4814 670.2394 694.7745 714.6674 717.2296 697.3960 703.6673 743.4243 766.2445 739.8560 725.6135 716.6802 732.7996 741.6436 711.6266 723.1401 747.7131 747.5541 719.0502 702.5031 676.7145 684.7548 676.0527 652.9114 646.3503 659.6932 678.8958 698.0866 702.4365 702.5103 687.6597 688.5129 710.6230 703.0286 687.6796 683.7726 690.4459 699.7868 684.0865 673.5794 655.7292 666.6192 686.6516 698.7208
591.3911 575.5184 576.0871 577.5511 574.6309 574.0492 573.5089 573.4370 573.4502 574.4729 574.1452 573.8940 572.3158 570.3990 569.1077 568.1565 566.7847 565.4506 561.9597 566.2802 588.5859 600.7917 599.6675 622.4985 641.4573 638.0025 629.9503 632.8360 649.4425 655.2367 662.4045 660.1390 636.8921 615.0549 627.2380 640.2851 636.4091 621.5019 600.5735 599.7410 608.9493 624.4594 629.1945 633.7945 631.9978 615.8635 605.8134 604.1105 609.6387 618.7430 625.9260 633.8546 629.5043 628.1090 628.4794 623.0159 626.1052 634.9043 639.2415 645.4858 653.7141 651.6236 642.7687 625.9545 632.1064 642.4012 626.4429 616.9429 627.7635 623.7331 619.9290 627.0892 636.9519 646.7635 662.1188 658.8750 645.2061 645.8311 644.2953 666.7101 694.9329 717.0991 691.7519 708.6432 724.9543 691.5710 666.8672 692.4318 731.4323 733.1608 719.6058 736.3994 749.1163 762.0512 741.4529 706.6064 718.9738 728.3525 707.5806 699.9189 699.7542 695.5748 688.7809 687.2786 678.3611 658.1731 661.8617 644.4069 663.2952 680.4991 672.2155 672.3181 684.5020 711.4923 703.2432 689.5604 701.2589 715.0524 716.3794 702.8027 691.1722 689.1940 678.5578 677.3340 658.9906 651.0854 676.7618 703.1887
577.6062 577.8328 583.3016 585.3901 582.2113 578.9945 579.1595 580.2673 579.0359 581.9711 582.4183 582.0815 579.4809 577.0876 574.8964 571.4504 567.8105 565.7261 564.7289 562.8122 573.3851 582.2501 588.4324 608.3361 639.4097 656.0806 641.4686 642.8223 649.0609 635.6676 636.6760 643.2122 642.9736 629.0128 637.9415 636.2675 621.2418 608.2051 601.6668 610.3993 612.1985 611.0063 624.7593 641.9109 641.7455 620.1896 617.3740 612.6315 606.6866 608.6225 610.5380 613.6533 616.6864 618.1386 618.7099 620.5437 619.0648 625.5461 639.8185 651.8799 662.1183 660.2448 640.8380 629.4098 638.0950 648.3510 628.1406 626.2790 644.2535 649.0229 641.1875 637.5198 652.6340 661.1913 664.9319 671.9473 664.7689 671.0906 662.0529 661.4914 691.9144 725.8918 706.4092 718.2272 743.4392 718.6819 697.9578 699.4227 710.5324 702.5109 701.2004 729.3361 723.9124 741.6425 732.1851 700.0877 718.2235 734.0192 706.2404 674.6705 675.5839 671.6519 684.9374 666.3228 664.8192 646.7653 642.3174 649.8642 677.0137 690.0745 659.7490 652.2834 667.7703 680.3963 679.6849 695.9055 709.9485 724.7780 729.1967 710.5027 688.6956 667.3005 659.6555 651.4152 657.1818 656.9805 664.7228 676.5897
582.8281 595.0451 601.3447 605.2732 603.6844 598.1323 594.7645 593.9263 592.5555 595.9412 597.3311 594.4569 593.2174 594.6337 591.4461 579.9194 570.2025 565.2971 565.9614 563.6343 568.4059 577.1400 589.6697 608.9282 627.8307 647.9276 626.8807 622.5557 631.4455 631.5159 609.6420 621.1703 644.3530 649.0047 648.6083 632.2853 613.5163 606.9178 608.2382 623.0931 632.4652 626.9677 616.0968 627.9279 637.0462 625.8745 632.5919 622.5351 617.6423 622.0245 613.4169 613.1133 628.7180 633.1446 638.4935 639.9406 628.2827 626.0758 631.0758 640.5396 650.2520 651.3779 644.2975 638.0870 642.6299 651.4260 630.1194 626.8025 655.9566 673.3539 672.1375 654.5362 649.3891 680.6793 697.4595 689.8851 682.6683 699.4393 693.5598 690.1066 676.6279 698.7322 694.3801 686.7512 707.8932 695.7007 684.0450 674.1931 664.2393 667.8039 688.7747 716.3794 716.9490 703.9583 704.2369 705.6147 722.4261 723.2817 690.7645 672.7825 661.5186 655.0081 658.6650 648.3447 648.0546 657.1235 641.3124 642.1091 678.9903 685.5616 657.3798 652.0466 651.6723 656.3939 669.4338 683.9317 700.0794 712.0098 712.8835 700.6391 707.7427 685.7038 653.9849 650.1750 680.5164 684.7905 671.0500 674.4008
587.6384 603.2974 610.8574 623.1677 626.0034 618.1751 610.9884 610.6404 613.6099 614.2284 613.9816 609.8665 609.5541 606.8765 610.8171 604.4089 582.5016 566.9992 566.2460 564.4884 566.9548 577.3211 587.6740 594.6517 619.8681 644.5195 627.1636 604.1638 605.2827 605.9301 597.3440 609.0554 632.8735 652.9238 649.9456 627.1354 619.3987 619.3849 617.9501 618.9174 636.9132 646.5386 634.3625 633.6324 643.2653 633.1818 635.1815 623.6931 631.0242 640.5440 629.2441 617.3944 631.0585 648.2496 662.4833 654.3962 637.6569 636.0881 631.0825 641.5446 661.8083 670.7585 663.1051 659.9409 653.6357 645.8843 626.7797 620.6653 641.8586 672.2927 686.8734 684.7178 681.3006 685.3867 707.5009 702.4707 685.7216 698.2905 718.8257 723.1569 707.6210 697.8297 701.0992 667.8217 660.7031 664.4744 666.7897 656.8135 658.1243 661.2982 671.0975 685.5569 696.7921 693.1034 710.2282 719.0090 706.3268 711.4579 697.7764 680.1638 672.0338 675.9938 667.1743 665.7638 674.9076 686.6598 656.5410 636.1550 652.0740 651.6532 644.5342 664.5282 676.5750 672.8743 673.6047 690.1776 701.7888 686.8182 682.7385 681.2348 685.5799 688.0521 656.7393 648.5441 679.9567 699.7943 694.8187 679.2997
585.8809 594.6804 601.0178 617.1588 639.3109 633.1384 625.8869 628.4421 634.3297 635.7622 632.1118 626.9973 624.1686 608.9069 598.6381 615.7408 605.7093 577.6155 566.6810 565.8674 566.4395 574.5211 591.2333 612.2205 623.9103 631.5426 620.2830 601.4691 595.4819 605.9988 602.5138 604.9910 621.4230 642.7375 650.5884 641.6508 635.1585 636.0234 636.4486 626.6848 632.9240 650.0984 653.9138 652.2503 656.9737 647.9554 634.8064 627.0464 639.0158 652.5441 638.5492 621.6433 622.1435 640.0317 651.9056 657.1574 648.2859 653.2513 640.5987 640.2565 664.3176 688.7536 693.7102 668.2987 641.4844 630.9601 624.3679 635.6357 642.8693 642.9606 658.7089 689.3942 711.2872 705.5864 713.4045 725.6401 699.5766 678.1331 682.1306 706.5316 721.7629 709.8674 687.9722 659.1719 663.6755 676.5650 686.8748 669.7474 683.9431 672.9594 674.9336 693.7147 718.7610 712.7991 680.7608 677.3085 685.4496 721.8544 726.1150 696.5255 686.7340 672.5604 668.7054 685.2465 713.2833 697.3696 661.1182 635.6553 635.9766 650.2419 651.5688 655.0865 677.1559 691.7391 693.0336 704.6781 717.9194 692.4412 664.0788 657.1193 654.3799 652.8080 644.8016 649.8802 663.8846 669.0870 677.2850 695.9097
588.4744 598.1430 607.9154 618.3994 640.6078 633.0538 620.4401 617.7072 633.2149 638.6250 633.1078 625.4655 619.0239 601.1904 588.4888 582.5989 583.9277 573.4637 565.9514 564.3356 565.6417 576.1523 587.6263 603.6281 618.5878 618.8859 598.9944 591.5181 607.1370 611.0008 605.6023 600.8196 610.7236 620.7035 634.1660 649.9137 652.9387 656.7923 656.5750 650.1486 649.0925 649.6064 653.5140 659.9357 670.1568 663.9260 644.4314 634.5105 641.2802 657.2485 645.7726 629.5768 616.3172 626.4103 633.9246 643.5090 644.5377 657.0674 643.6828 634.3898 653.0220 674.3708 686.0162 664.1536 644.0532 641.4700 633.8451 658.7403 669.9195 659.7132 652.7715 656.7491 690.2141 703.6608 721.3519 742.3544 727.2254 694.4390 660.0670 681.5908 697.9915 678.2916 651.3867 675.8498 695.6769 683.3512 695.4055 685.9745 702.7458 691.9581 692.0298 686.0801 717.3141 708.8226 660.9973 658.5164 697.9612 730.8309 710.3883 681.9688 676.0206 653.4238 645.8081 683.9239 708.6809 697.1559 668.7562 636.8643 638.5137 648.3452 663.7207 668.1332 673.8305 699.0228 722.9147 734.7337 726.7352 692.6120 669.7397 657.9292 668.5767 660.2214 644.1158 655.4037 682.7255 689.2546 685.8745 698.3825
591.4535 595.3193 611.1694 628.2532 624.4918 611.6490 595.1154 596.3186 603.7592 609.7892 604.0504 597.7241 605.7134 598.8867 575.6557 563.5340 566.1208 565.7832 564.4731 565.1464 570.1152 592.6211 613.3146 609.7875 614.7505 594.4274 585.2784 595.2977 595.5340 589.6167 592.1741 592.7933 594.7146 603.2631 627.4444 645.3511 646.6063 646.9236 653.4795 656.7668 646.0967 627.0130 622.3108 637.6898 659.0573 653.3289 650.0632 643.1318 649.8500 659.2018 646.0558 628.6128 619.8527 629.8713 641.0519 644.7032 649.1015 661.3660 647.6687 632.3113 638.0358 654.8465 676.7499 680.3404 666.3093 647.8853 635.8242 668.6693 696.5181 697.9797 687.1884 656.1084 654.3572 676.0734 708.9943 719.5030 705.2874 706.1826 671.9081 652.9749 653.0215 649.3791 649.6458 662.9484 678.6473 682.5271 711.8501 730.4233 721.1023 703.8795 711.6787 691.1143 693.0248 687.8010 666.9843 651.6850 674.5357 693.5301 681.8321 666.3467 658.6379 648.0587 632.6406 651.0895 666.4397 662.3674 650.3304 632.4169 645.4310 656.8480 662.1104 679.5421 679.3666 691.2504 708.2741 714.3904 722.2397 712.5059 678.9465 673.4884 683.4394 677.6288 648.0727 654.5609 689.6518 710.0748 692.1312 700.4996
605.3813 599.0399 608.9141 620.6592 611.3118 601.9456 586.1061 582.6801 581.9749 583.6884 584.5450 583.4430 583.0317 581.6619 569.7105 563.2855 567.3658 568.8484 568.1573 570.1722 581.2929 599.1947 620.2051 612.2089 604.6418 583.3540 583.1972 585.6600 589.6412 601.5539 602.3981 603.1765 595.0724 592.1228 599.1298 603.3818 607.0154 605.9432 610.1138 622.3604 613.3079 608.2214 613.1525 618.1622 623.6926 630.2396 643.8007 654.7269 655.4151 666.4078 653.4719 638.4146 633.1261 625.6846 631.8966 644.6729 660.6301 673.8491 652.3839 641.6498 644.3834 671.2787 690.6147 705.3206 687.7766 664.9560 643.1179 666.6751 696.7518 720.7897 711.1080 680.8237 661.0458 682.1497 719.0616 717.1880 690.7158 672.0465 649.8961 645.6429 670.7471 670.5408 678.3982 668.6662 663.7678 684.4981 708.0649 728.4505 745.3126 730.4016 716.0582 696.9141 702.0136 717.9176 697.0764 657.8124 644.9793 646.4724 645.6996 666.0765 683.6063 656.4423 634.2520 632.9015 633.2989 629.9449 637.2950 637.5189 657.1901 658.5786 679.3755 702.8306 701.3026 669.9260 661.4053 682.7955 714.4203 708.4335 691.1628 701.1163 687.6672 659.2490 649.9180 650.6509 669.6719 674.4149 701.1625 747.6387
618.9594 609.6915 617.0895 614.3832 601.2573 592.4197 589.8892 594.0098 595.0907 604.6282 609.3724 609.3720 602.9939 589.6019 571.9285 563.1328 566.7938 569.5361 568.7476 575.0809 602.9054 616.5276 617.0618 599.7494 587.6927 599.5947 600.3448 594.2452 601.9948 616.6108 620.1904 622.9852 615.8796 602.0284 610.7472 605.8659 613.7618 620.1368 614.6057 608.9876 610.7842 622.2408 627.8318 636.8151 635.2359 633.7209 646.4515 653.2242 647.7094 655.7363 666.0854 656.4559 639.2704 635.8181 636.9792 636.8619 647.0862 667.4039 663.0085 666.0534 653.5189 674.9944 707.7285 720.9698 699.5577 674.7743 649.3358 654.3829 676.6931 717.4145 737.7175 723.5338 694.9052 690.4723 718.9495 685.8585 666.0774 650.9293 639.4922 659.7590 679.3018 689.3132 683.9341 692.4925 698.8334 697.7806 676.9990 679.7414 704.4529 726.2105 725.7770 717.0369 726.5429 738.9289 703.7606 667.2642 646.2464 638.0035 633.4324 641.6235 664.4880 668.4514 647.6300 625.8447 635.6357 640.5549 639.4722 650.3299 664.4999 678.4749 693.5706 703.0421 686.3565 645.1201 637.9506 658.5848 694.6966 722.6290 730.9291 729.8216 691.9906 670.7028 679.1288 652.4894 654.5883 676.3826 732.3657 735.4332
627.9847 623.2827 626.6620 616.1418 601.3649 592.9684 596.5103 611.3041 614.6981 620.6542 619.7253 605.7313 596.7971 590.0462 586.9326 569.8116 564.4414 567.7617 567.8438 576.8155 607.4852 622.8563 610.8442 595.6683 596.5947 625.8241 622.6657 612.9525 611.4192 621.5563 642.7927 648.9341 630.0837 606.7225 621.1356 628.4466 630.2540 641.5553 634.9456 637.3951 615.4958 614.1250 632.7557 649.5859 657.3972 648.1166 649.1292 639.7006 634.9030 645.5115 661.7896 663.5644 651.0925 646.4417 651.9025 654.7040 654.8344 678.9567 687.3452 685.6689 664.6838 666.1880 686.6331 713.7717 721.3345 696.6359 664.7799 674.7209 684.4204 700.5590 729.4548 723.7575 710.6663 706.5477 701.1492 664.8501 644.6260 632.3898 638.2584 657.0388 684.2502 691.9925 669.9052 668.8793 695.6742 702.5728 663.6464 656.7825 678.7769 719.8826 752.6367 751.5629 732.6929 730.7744 700.9684 670.7206 667.0069 658.3473 648.7387 647.5178 632.8580 643.3264 637.4191 631.1599 641.4794 648.0231 632.9112 648.6429 655.5876 676.3420 679.6658 665.3480 644.0628 628.7720 629.7511 657.1322 697.3129 728.4088 728.0970 721.1632 708.3412 705.4940 691.4185 646.4543 642.9576 668.5175 681.6938 666.2792
615.8975 623.6257 630.9576 613.5076 603.8449 598.4146 598.7144 617.6125 628.6430 611.9464 601.2220 588.8766 600.7095 613.6976 616.3561 592.2565 566.8388 563.7267 567.3532 574.5652 590.7084 600.5934 587.5576 580.7814 591.4399 615.6829 608.1026 611.5630 627.2490 638.3910 658.5154 668.9011 648.6739 622.2192 618.6296 625.4406 633.4617 646.9712 636.9373 650.6473 638.4702 620.5099 642.7079 642.0574 646.1971 638.2625 630.9098 625.9134 626.6340 635.2764 644.6401 650.4509 663.1653 663.6046 674.9934 678.8177 675.9208 691.9323 703.8463 692.3182 682.2440 686.4983 705.9695 710.7065 731.7585 711.8608 673.4252 679.4130 701.3779 707.9469 728.9459 694.8991 659.7798 675.7614 678.6283 652.4499 635.9858 639.8879 642.0997 656.9127 688.3795 705.9016 692.9536 667.9887 663.7843 666.6857 657.8756 661.9031 675.8178 711.4898 736.7886 743.4836 727.8373 701.8854 699.7581 697.6232 697.2676 683.0980 670.5055 660.2599 632.3965 625.2028 627.5623 641.2758 629.6684 628.4288 635.7314 648.0192 633.6685 635.6226 634.4476 628.4342 628.0673 649.9880 660.6644 658.3514 682.7278 716.5827 702.0095 690.3831 706.9384 699.0880 661.9289 633.6448 623.7438 628.1443 629.9329 626.0228
609.8383 621.0737 628.4777 611.6446 605.0890 606.0009 612.6965 635.2389 634.2762 609.9214 615.3741 610.4470 610.7062 607.3685 601.2460 596.8796 569.0717 564.2642 564.6729 568.0553 572.3503 575.9575 582.1577 586.9083 579.0310 588.4812 589.2452 588.4766 600.4271 620.9930 653.7358 664.3538 663.0120 645.4316 633.5524 626.1635 640.8171 661.7635 657.1499 660.9035 662.0002 644.2066 624.7831 622.8413 618.8535 617.2790 619.8700 625.4468 627.3101 636.1380 652.3907 661.7922 665.4195 683.3901 692.7590 704.6581 711.2875 718.5584 714.3579 712.1160 711.1431 702.9752 728.6401 713.0131 724.3018 722.3967 689.3842 686.2812 703.0758 699.9056 712.1564 686.0296 646.2012 653.5547 652.7252 633.9936 638.3413 663.1191 658.9953 656.1554 686.0638 704.3599 711.6818 685.8922 653.0463 651.8417 688.8041 693.8378 675.4437 677.7520 693.3285 712.6597 709.0428 684.0682 669.0306 672.3957 689.6172 677.4884 678.0101 664.8349 640.8806 638.3784 626.5314 626.2379 622.8378 623.6943 628.9335 628.9114 632.3719 631.8412 645.1164 636.7858 632.7105 669.1803 699.9797 687.2404 674.7181 697.0921 711.3417 682.3967 665.2178 668.5204 648.3632 638.3951 627.9146 622.1439 622.0000 622.2382
614.9407 623.4543 634.1945 621.9622 612.5660 624.2910 628.2631 638.5560 627.3136 632.5264 650.5649 650.2817 618.5146 591.3823 581.4728 588.2183 579.6196 573.0290 567.2234 564.2750 564.2040 569.9975 586.3042 604.2032 592.1353 603.1828 609.9679 603.7910 591.0881 600.2426 612.5044 612.9423 628.5709 631.1808 636.3801 644.5542 656.6409 652.3783 646.5447 659.1270 657.1240 636.2661 620.0112 619.4045 618.1129 630.3027 634.5225 627.9078 628.8297 642.0859 663.9942 679.8218 690.6808 702.4866 685.7014 697.0883 713.8365 719.8362 731.7228 735.7292 716.9133 713.1150 739.6271 711.1583 690.4127 714.6665 724.3455 719.0248 701.2032 657.6085 652.5532 662.0772 654.6335 636.3469 639.8897 642.9318 643.2647 666.1072 687.1390 682.7963 690.8577 672.6414 671.8883 689.2343 684.7958 657.2477 684.4857 709.5229 714.7006 699.0587 684.7267 695.3003 718.2449 715.0203 681.3420 654.1281 652.5029 646.4278 659.7370 687.8507 663.9813 651.4258 636.0449 634.7578 627.5923 622.6295 625.0202 640.0572 646.7387 648.3257 657.6915 671.9116 659.2172 644.6637 662.7173 672.9867 675.4043 686.0880 689.6539 668.1337 652.2779 639.4296 660.0718 674.0257 647.0485 623.6763 622.0000 624.6076
616.4116 618.7155 632.5225 635.7548 626.4105 644.5593 645.0677 633.2486 608.6465 624.2947 650.4018 660.3553 648.8130 621.1027 611.2439 619.2958 615.9656 603.9763 576.4609 569.7889 563.6840 564.8472 579.6793 607.1202 602.9058 610.9570 632.5302 635.8733 618.9343 601.4758 595.5388 600.9254 604.2556 611.3765 611.1790 630.3610 639.1136 627.0578 625.3982 639.2915 641.9460 628.9323 626.1006 629.8594 622.8312 640.8696 650.5801 641.8708 644.1255 639.2674 662.3438 695.2033 718.7584 722.0673 684.7930 679.5195 703.0720 688.4347 713.6123 729.1765 689.1338 681.1532 717.3113 721.8546 692.8950 699.3558 724.3369 718.0670 690.7989 667.2986 650.6526 637.9720 637.1412 629.0505 636.3712 656.9992 668.0978 683.2772 706.8448 713.2360 693.3394 664.5675 650.6790 669.9099 682.9619 658.5370 646.9310 667.4909 694.7983 686.5778 659.9196 688.3213 715.9551 716.5118 694.1782 669.2728 643.9620 638.2012 646.4796 675.9782 665.6265 652.1619 650.3024 642.6851 628.6199 622.8109 623.7592 642.4619 668.9901 684.4402 685.3420 699.0959 676.9937 663.9911 668.5810 674.0876 666.8156 651.8830 668.4833 649.5830 642.7443 643.9756 637.8240 643.5984 645.3607 628.6485 622.0000 623.8361
607.4484 616.5495 630.1968 643.1774 639.5352 648.0643 627.4040 626.3440 625.9807 609.0911 614.4189 620.4431 627.4099 609.1999 612.7285 622.5437 629.6106 617.0800 596.4709 582.1072 564.8599 565.1229 571.4127 593.7968 610.6454 607.3365 636.6555 656.3599 635.1520 621.6345 613.3033 617.1937 611.6502 627.0446 619.0698 618.4908 612.8645 608.2698 614.4919 629.6069 642.9191 636.4435 630.7339 641.7213 626.5908 635.3572 659.0684 663.7740 671.6284 655.4067 653.0956 673.5532 705.4028 710.7627 686.3632 664.5775 675.2025 671.8315 703.9128 720.0278 687.2805 660.0280 688.0441 710.5189 701.4091 668.5000 664.8550 672.0480 673.4340 655.8660 666.3196 647.6473 623.0540 632.3499 637.5734 642.2346 658.7691 666.8041 675.6910 699.6677 704.9283 680.9141 667.2032 650.4123 648.5768 647.2035 633.8273 650.5462 669.1089 663.6244 651.9505 675.7316 667.0889 676.4572 693.0712 678.1450 644.1824 628.3955 628.5626 635.1024 645.1551 635.0993 630.7288 623.9060 622.4197 622.2020 629.1905 640.0361 673.8844 697.4128 685.6473 692.9105 658.1940 666.8915 682.3261 661.9501 663.6266 642.7369 648.2078 643.6095 631.0349 648.1637 648.1413 633.1801 628.0135 625.4644 622.0000 623.2426
615.9048 627.1158 644.2841 657.7134 655.7335 651.1001 619.9817 612.1904 626.1785 610.0297 588.0806 582.0631 580.6611 577.4054 575.5973 584.1547 591.9475 591.3456 593.8370 585.5977 565.9964 568.2454 570.4258 581.0453 613.9040 620.9171 626.5000 643.8615 654.9299 644.8679 624.8323 616.1378 614.4629 627.1033 629.0968 629.4788 618.9182 610.6846 619.8912 633.8820 648.9557 650.7129 639.4012 651.3937 638.2828 634.2346 669.5176 697.1483 709.6507 686.1500 656.0470 656.8578 690.5057 715.7301 697.9233 672.6710 668.0629 654.7418 684.9092 712.3617 692.2498 652.8586 662.6630 692.9879 682.4521 645.1453 656.7153 679.9125 678.7774 646.5456 639.5518 630.7294 626.3495 651.1788 669.8074 654.8015 638.9620 647.2451 677.8334 707.3589 732.0021 713.8097 686.0915 665.1737 669.9026 667.6011 637.3989 632.8107 644.5551 642.8998 638.9746 662.8020 648.0166 660.1089 672.8487 662.5930 639.8823 624.2611 628.1442 624.7634 626.3033 623.1820 622.1225 622.7098 622.0333 622.4360 637.2928 667.9016 690.8685 697.5833 658.2632 651.0509 649.0172 668.2459 665.9008 649.2468 639.7496 637.9060 625.3040 623.1060 623.0401 629.9089 645.8362 652.5434 634.0620 622.8698 622.0000 623.0151
624.9047 637.0984 653.0741 667.5869 655.9159 634.5929 634.4019 609.9896 580.4786 571.3071 568.7209 565.9462 564.2537 563.9411 565.2604 566.8439 569.0411 570.1635 573.2626 571.0585 565.0402 570.1473 576.0145 575.5571 590.7477 613.3686 616.9218 631.7000 659.3287 658.6042 634.0442 623.1498 622.2704 635.3578 642.1205 641.4923 627.2366 617.6967 622.5181 638.7954 651.5361 665.9748 655.2035 668.5440 652.3673 636.1932 665.4739 678.7328 698.5817 699.5598 688.9814 681.0962 687.8366 722.1268 713.6459 711.6380 689.1078 646.9594 666.8697 702.5866 700.6262 655.7323 640.2748 655.5909 646.6041 640.5063 666.1329 683.0419 667.5842 644.1420 619.0093 626.5911 648.0798 676.9689 698.0411 684.7748 666.7405 660.4636 670.8318 717.8987 748.1747 744.2034 714.2813 697.6214 696.3000 677.8132 662.3483 644.0457 627.9116 628.3087 632.7449 646.9101 650.1964 637.4717 641.4047 642.1010 629.3975 624.2599 635.3055 625.0668 624.1149 622.1711 622.6934 628.0548 623.9849 622.0727 627.1506 641.4813 653.2464 663.3014 639.0655 630.1880 656.7843 669.9603 643.2700 637.3273 625.3139 623.7504 623.5401 624.0926 622.1293 622.0000 638.8540 661.0835 643.8948 624.0309 622.2072 630.2463
638.0240 655.1653 656.1787 648.1989 652.2205 614.0798 604.2764 595.8431 569.2932 565.4091 567.3855 565.4239 565.1045 566.2626 566.1902 565.4660 564.9130 566.9777 569.9359 567.4710 564.9164 570.1632 578.5819 579.3963 579.5134 592.5087 611.9736 624.1869 643.2728 662.3586 661.5240 641.1100 628.8229 640.6003 657.1439 656.4943 632.1246 625.1201 615.9637 630.1326 641.8476 673.9077 683.0881 692.0959 674.8298 651.7488 640.9276 652.0215 668.9995 694.4296 713.8082 721.0469 695.5701 709.6691 738.8189 746.0054 709.6058 673.3887 653.8745 675.1657 693.8569 664.2450 637.9531 631.3859 642.6003 659.9234 665.9321 663.6553 631.0508 618.9914 620.6666 648.7861 681.0280 683.9452 692.6979 702.1957 701.3193 692.6585 662.2212 674.5908 716.5571 732.3375 695.6346 669.4894 674.3263 695.4962 692.5280 659.2787 630.1721 622.8497 639.4080 640.1362 654.9703 640.7892 627.6066 628.6786 629.0407 623.8738 630.5953 626.9255 622.0000 622.0000 624.1478 644.4489 638.2783 622.8455 622.3105 625.5106 627.3333 630.3920 632.8656 657.4143 658.3151 649.7681 630.0898 622.1327 623.3818 622.9190 629.7085 639.7239 625.3868 622.0000 630.7894 633.7331 633.2040 624.0818 623.0591 650.7290
645.4357 645.4301 636.4645 646.8514 666.3866 639.0236 597.8005 577.3198 568.4154 564.6763 566.5778 568.8718 573.1494 573.3483 570.2975 571.1418 568.3647 565.9269 566.3002 572.6076 577.6797 576.5880 577.6322 583.0814 580.7678 588.1028 614.0723 622.8901 624.9028 653.0767 676.2480 658.3521 651.6714 647.3107 649.0252 659.1049 643.4626 637.0485 622.6630 639.7970 660.0927 657.3370 692.1182 715.0254 694.0903 666.7806 653.5654 673.0553 665.8507 675.0599 711.9042 725.9517 690.6909 680.2559 707.8022 722.6960 717.2529 691.6412 666.7422 646.9954 653.5116 638.6978 629.3134 627.9180 633.9797 633.0989 634.1519 653.0787 640.3035 621.8213 636.0940 641.7950 671.3229 680.0180 677.0109 723.7423 738.7939 719.4385 692.4825 676.3362 686.8629 695.5021 677.6232 667.0425 648.6679 655.4498 662.3029 664.0823 643.6105 625.3931 626.3315 628.8460 652.9754 659.3236 645.4389 627.6089 624.4050 622.6660 623.0676 623.5682 622.6799 628.3467 637.4376 638.6992 645.8657 627.2426 622.1093 624.4227 633.7762 645.4203 653.2291 675.8474 643.6918 624.0739 622.3736 630.3667 648.6597 635.3250 630.4825 652.6469 639.0950 622.5280 622.9848 623.0024 622.4991 622.2941 626.7957 653.0093
637.1017 615.0941 629.3586 647.7065 659.5735 657.7513 625.1042 593.8647 575.8400 568.3855 565.4998 568.7131 578.3672 585.7161 580.7279 576.2253 576.3057 582.3756 584.3832 604.2317 600.7863 589.9047 588.4647 589.1674 597.0225 588.6432 592.2111 608.2532 631.5928 662.0858 672.4540 658.7169 645.9974 653.2133 658.3588 666.6801 663.5046 656.5773 637.4850 630.9601 653.3963 638.5201 657.3269 688.5786 705.0541 696.8104 682.7434 697.9487 691.2531 669.6194 701.0534 720.9976 703.8843 676.8693 667.5104 677.9776 690.0190 675.4902 655.0209 652.2114 655.7129 643.2767 654.0162 640.2851 629.2845 619.7142 619.9756 645.4436 644.4625 624.4097 650.4787 649.9030 664.9973 692.6320 664.2094 708.0840 746.3085 741.3141 724.6740 716.1678 712.9468 707.8124 705.6729 690.9340 657.5313 635.2248 631.0529 650.4134 639.6298 622.6772 622.4413 623.0715 635.5695 655.7625 665.3294 649.7067 642.9366 628.6476 622.1361 622.0029 628.3370 662.5175 679.8675 645.9437 632.6340 635.6698 626.8112 622.3609 623.8461 634.0262 652.2476 665.9818 634.0002 622.3748 622.3684 640.0447 667.4970 652.1555 633.2644 639.4239 645.1226 622.5269 625.2138 627.1349 626.5236 622.8113 631.3447 654.0525
611.6693 600.9067 613.7209 629.9702 629.4962 632.5052 630.4165 618.5204 594.0023 576.3744 568.9069 566.3066 572.9012 587.8914 605.5847 610.3047 595.5113 607.6097 600.4041 618.2947 619.4342 610.1013 612.8732 596.5696 619.0563 603.0658 586.0624 602.4972 628.3952 642.4275 634.2481 624.4001 623.1022 636.9988 661.1911 680.0398 666.0853 651.1092 637.6040 622.9200 634.3704 634.9479 649.9746 681.0380 697.6749 718.8094 715.3801 716.8286 711.4329 679.8416 683.0737 716.8041 700.8145 683.2037 679.4643 669.8953 656.7946 643.1600 661.7374 673.1494 667.8793 659.3671 664.4853 660.8721 652.8475 638.8458 639.7826 633.3108 621.4722 621.3151 647.9026 687.9336 692.3726 705.1172 664.6562 664.4564 696.4444 708.2056 697.0959 711.2795 739.0583 730.1365 687.3083 679.6702 672.8455 657.6909 634.0653 629.1553 624.9358 625.9453 635.1911 628.7478 624.1085 628.2045 645.4642 670.9490 674.9501 642.5084 623.6564 622.0000 627.2289 665.2446 689.6324 667.4164 648.6052 661.5694 652.8447 628.3062 622.3059 622.1053 636.0339 653.4479 634.5869 622.5901 622.0844 625.9889 635.6413 644.9665 655.3774 647.8092 644.0558 628.2065 632.3832 647.3737 639.2197 623.9382 622.1653 639.0953
599.0892 607.2896 628.6299 630.7358 610.1981 592.9531 597.7682 603.4724 601.7098 594.1733 574.4755 567.3320 568.6359 576.2732 604.0581 639.9170 615.1385 608.4631 618.3370 615.7950 636.5253 619.5501 617.9946 598.7104 628.8309 631.5770 596.0204 598.6754 608.1489 619.2313 628.6138 636.8625 642.6710 653.9505 660.5151 689.5696 681.2592 663.5867 646.7109 631.7776 659.3446 672.1806 662.0885 674.7919 677.1125 688.0151 689.7308 677.3256 705.1572 710.1077 703.6324 715.0076 705.6299 707.1691 701.1036 668.1835 658.2606 644.2372 655.8224 673.2566 649.2462 637.2279 635.8534 643.4594 659.6209 658.0733 669.0183 661.1304 626.4500 641.0320 663.5493 691.9547 711.7104 710.9481 654.5658 642.4109 655.9000 656.9243 663.6803 711.0689 751.2585 724.8065 669.6971 652.2599 668.3267 666.0601 650.9735 629.7452 622.0982 629.2672 654.1544 650.9265 635.4553 624.3004 623.9433 642.0391 671.6271 665.5280 631.6981 622.0000 623.3647 646.0269 694.9206 701.9376 673.1180 658.7785 646.4648 633.9139 624.0154 622.0286 623.5530 632.3523 630.3875 622.4898 622.1238 625.2072 623.9237 634.5957 660.7428 673.8486 647.4170 630.1099 625.1476 636.1346 645.0556 638.0986 625.8030 634.7372
598.8149 613.8525 639.4405 623.0599 593.8356 579.7971 583.4517 578.6450 581.4332 592.2801 583.2513 571.8319 571.4489 586.1465 595.5956 639.8156 642.4016 622.5816 634.5092 625.9448 641.3054 646.3096 623.0900 616.8197 647.9136 650.3105 616.7444 618.9277 599.9873 616.3242 650.6364 664.6643 672.9066 668.4398 650.7473 679.8216 702.3734 688.9617 663.1367 640.2880 671.3751 706.4749 704.4003 692.5655 675.6988 658.1782 672.5915 653.0468 672.9566 707.2905 721.9855 722.4808 696.6775 705.1716 695.3110 684.5289 679.6481 660.8004 657.1302 673.1539 655.0146 632.8174 621.7536 627.5680 633.0793 631.2521 650.0839 666.1623 636.3533 645.1821 694.6910 683.3105 666.1239 671.9388 642.7607 663.7867 677.1815 681.9556 674.0388 676.8545 709.5853 700.9177 673.6896 651.6373 642.9557 632.2294 630.9786 627.2742 622.5068 625.2697 655.1974 676.0103 660.1751 634.6461 622.5579 623.3522 639.1400 658.5708 635.8853 622.5992 622.8823 642.0522 695.0818 714.3581 667.4470 632.6457 628.6819 624.7073 624.5300 622.1185 622.0000 622.0538 622.0887 622.3389 622.2583 627.1972 631.7374 642.4290 657.6376 674.0835 643.9437 622.2895 622.7783 634.4991 653.8676 668.5575 652.8232 640.5455
607.4792 613.1727 632.8875 614.4688 593.9152 574.7495 574.2433 569.5094 567.9573 569.2772 569.3464 567.4161 575.5403 608.8606 593.2253 607.1516 645.5161 652.3378 650.8240 649.8291 636.9804 653.6306 655.2888 649.0596 660.2048 647.3456 624.3066 633.9938 614.5889 602.8284 636.9996 661.9653 659.2539 649.2899 633.3003 654.1265 692.6068 704.7465 672.2656 642.5728 667.0610 699.0201 713.7645 681.9103 671.8417 642.5817 643.0337 657.9352 683.9502 698.9963 685.6689 675.7212 664.5531 669.7152 648.4199 654.9213 656.7965 659.5142 678.7871 695.5792 676.9282 648.0764 637.1099 656.8248 647.4820 636.7090 640.0927 639.3004 627.8270 630.9120 682.5050 687.9857 646.9159 634.7191 659.6415 693.8918 717.7050 728.6063 709.3361 682.5458 682.5912 704.8327 690.9597 669.6241 655.0023 635.2179 627.5867 624.0610 622.6799 622.4072 642.1658 685.2098 687.0121 657.5681 628.1983 622.5421 624.4537 639.1565 645.4193 627.1127 622.1691 631.3459 676.6641 702.5493 676.0477 651.1366 645.5955 638.4193 632.4506 623.1086 625.6635 627.4111 625.1995 629.0775 636.6802 627.8497 629.1542 644.9767 662.5743 650.0631 638.3293 624.3201 624.8828 626.0579 630.8525 654.2516 678.6104 669.0461
632.8276 605.3519 612.0502 620.7219 597.8082 574.2128 565.6571 568.0925 573.9562 571.4257 567.0133 566.7256 577.5284 623.1578 621.2040 594.6659 612.8965 643.3218 665.0565 667.3771 650.9401 649.6243 637.7940 637.7885 657.0583 651.8242 635.4217 641.9004 622.8096 606.0536 626.6223 637.6277 627.3999 623.4992 643.1939 657.3740 690.2540 702.0834 670.2796 650.9711 654.4392 678.6771 696.4492 664.1243 643.4583 633.5816 640.7565 670.9412 696.3419 687.4254 679.5314 651.6417 637.3913 643.3071 623.9059 626.7463 635.8806 655.6985 680.9598 698.1801 684.4329 655.7679 645.0884 675.5204 678.3658 673.9054 666.9821 670.1001 639.4514 616.3131 635.1387 644.0352 628.7120 640.6204 668.5952 709.5831 736.1406 721.3965 696.6037 703.9362 694.4031 693.4313 697.2713 677.4311 645.1760 628.2571 624.9056 635.5392 632.5254 622.4335 627.0934 662.4996 689.5853 663.2666 644.0668 630.9283 623.3967 627.9103 637.7368 625.8532 622.0000 632.0076 679.5312 686.2725 692.1254 675.9932 639.1359 624.5767 623.2312 625.5876 631.1201 636.6064 637.6648 640.6209 648.1057 634.3570 639.5660 639.3565 666.6461 657.2949 629.2234 622.6738 634.2208 638.3380 628.2975 637.7869 662.2036 672.6689
633.2925 609.2974 595.8149 620.2906 606.6286 578.2824 567.6311 566.8158 579.2672 581.2708 583.9810 588.2981 596.1649 622.6257 642.5615 608.2602 591.0640 609.7170 637.0297 651.1832 625.5340 643.7431 629.5180 629.7550 649.5601 666.3745 658.3740 641.4570 630.9832 627.3354 635.6385 660.0172 660.8675 645.6862 645.3500 670.1089 701.4532 715.0817 697.2984 673.5247 676.4196 678.7930 687.3716 667.2884 653.2899 649.5244 635.9763 647.0073 655.2816 652.0975 661.1531 638.7548 623.3098 626.4806 618.8511 638.7027 644.1457 651.0296 653.4026 658.8572 673.7379 673.7249 653.9365 684.1926 692.7260 680.2312 687.9619 689.7561 665.0968 622.2709 609.9271 626.0613 645.1125 658.4191 647.2512 666.1340 687.7114 687.3856 682.6935 698.6221 703.9608 672.3988 659.1071 659.0137 649.8171 646.2097 647.4269 669.5462 659.3926 626.9255 622.4540 632.2275 651.7551 636.8237 645.4161 654.7136 635.9954 623.7772 623.5469 622.4215 627.2289 653.2697 692.6316 675.7979 679.1552 659.0297 629.6430 633.2003 625.3125 633.7776 651.3117 655.7455 656.5445 659.5459 644.5731 635.0519 648.7752 639.6438 662.0170 661.1563 632.1028 625.4965 633.3172 650.2012 651.5133 636.3787 643.6520 678.6137
618.7262 611.9924 589.0284 618.0168 619.9399 594.0338 575.3401 568.2169 567.9630 576.5529 598.8569 621.4619 628.2655 608.7317 631.7892 632.1102 606.7784 601.1100 609.7969 621.6875 606.1462 626.6186 623.6459 618.2790 636.0394 639.1465 638.3431 647.9727 654.3882 646.3066 630.1381 666.2866 690.2812 687.5690 665.8562 655.1369 684.4839 706.5757 703.7197 658.0015 650.2684 656.0371 678.1150 673.8144 645.2158 636.3512 622.2970 638.9705 648.5583 649.1202 667.9467 651.8944 628.5850 619.9957 616.9062 644.8395 641.7935 631.1520 630.6839 639.8101 681.2336 701.2467 681.0045 691.8528 711.9171 679.3523 655.0504 650.7905 640.3197 630.6686 616.2362 627.3618 673.9789 664.2173 635.1419 655.1382 667.7123 660.4288 672.0953 700.3234 712.0463 680.2615 647.6107 639.3290 666.0725 681.9675 685.5870 679.4849 666.3184 637.7698 623.4968 622.6095 624.6810 623.3094 627.7977 642.7933 643.5500 628.7774 622.2778 622.6096 644.6376 684.1531 709.9722 672.8842 640.1649 630.6255 637.0524 643.3959 628.1174 625.9559 647.4266 651.8030 657.1350 669.7426 646.2165 638.2291 656.8792 645.7347 663.4856 661.5471 634.7224 627.9080 639.3181 660.2929 671.1554 649.5513 642.9349 670.1855
595.0663 605.7599 586.0565 605.3555 613.9207 613.2816 592.8354 575.3027 568.7236 569.6246 596.9382 621.5884 630.4097 627.3087 624.7175 646.6351 634.9368 629.1277 617.9924 610.5858 597.0823 600.6840 608.3063 613.7339 639.4432 625.9564 623.2654 651.1668 646.7641 636.7319 627.7599 635.8392 669.1339 697.1334 695.3794 669.7440 668.4421 708.5877 690.6498 646.2325 623.0980 643.8311 655.6595 670.6260 665.8301 636.8745 614.4857 637.4793 667.5845 676.3644 688.2465 679.2923 658.4445 618.0411 607.5222 617.4191 613.6932 620.3047 630.5433 650.1852 689.8290 724.1714 711.5842 698.6105 723.3311 690.1263 653.4404 649.9886 658.8179 665.5283 640.5619 616.5186 650.7451 647.1310 631.3351 665.7830 656.6304 660.1638 683.9127 692.7587 707.4537 677.9753 666.3277 654.9103 646.0628 670.9852 685.6230 655.8951 636.7350 637.2953 625.6173 622.0616 624.9984 624.2933 622.7947 622.6195 624.6287 626.0068 622.4150 622.0000 626.7848 654.2662 683.2447 675.4041 656.5527 635.9356 651.4023 650.4048 633.1557 624.1931 625.9443 642.5017 665.0848 678.2490 653.3625 646.9045 670.2939 657.5049 670.6770 663.1492 644.5892 635.1882 632.5451 666.2413 683.2189 673.2901 652.0191 648.6484
574.9969 583.3101 576.2570 579.1143 596.4153 604.8261 588.5846 574.8276 569.8599 567.9001 574.9481 596.7119 592.9376 603.2672 605.9169 608.9383 611.5643 613.7175 629.1145 633.6357 620.8959 614.9789 603.7209 600.6732 610.1432 614.9026 636.6254 668.5906 672.0354 657.2825 643.8555 642.5104 647.7078 685.8746 704.8452 686.6882 679.5635 693.4977 686.0170 651.8071 620.6063 654.6259 645.0939 636.8273 664.7678 660.1124 618.7932 614.2719 627.9609 644.8147 672.0454 684.8172 660.6339 620.5959 600.3997 611.8183 620.7249 643.0476 672.7052 679.9999 676.1112 707.0094 728.3894 716.1597 700.7834 684.4771 670.2579 654.4384 670.7709 686.1968 651.1365 613.4556 621.4847 625.4998 620.0214 637.6691 640.5820 667.0331 666.1946 670.4621 701.4333 710.1538 707.5549 674.2596 637.8679 632.7534 652.2194 649.9005 633.1764 627.9865 622.8800 622.0036 637.2034 637.3578 627.3354 627.8428 623.2984 624.0289 627.5438 626.7930 622.8669 624.2589 634.4918 655.8495 680.3467 654.9210 649.2737 666.3456 655.9371 650.4594 644.2467 639.0175 665.4107 683.0102 660.5375 656.1368 682.2662 675.4930 673.3281 684.0409 663.5801 651.2476 651.9523 660.5264 695.6380 698.8867 677.2527 655.3340
566.9340 568.1625 572.7791 577.6952 583.5913 580.1084 573.0825 571.5076 572.5509 569.2846 569.4548 596.4326 597.2626 605.8588 621.6023 611.3855 594.9487 596.0040 614.1410 632.3317 641.9972 638.1240 622.3406 609.1609 615.2798 618.4545 644.5027 679.6921 699.8743 684.3432 661.3742 650.8760 637.3420 669.4479 700.4383 666.8834 643.8330 658.3416 657.1577 644.5561 615.9964 629.1060 633.1694 608.6293 637.6440 648.9617 612.0984 618.7328 636.9771 657.5959 684.1155 662.9948 632.1381 609.6157 602.6520 617.8063 641.1223 654.1375 691.1002 711.1124 669.4510 665.2187 704.0492 711.0521 678.7806 667.4885 684.9530 673.0358 640.8652 655.5087 650.9957 618.4146 607.6281 625.8720 644.8437 638.9622 637.1390 663.5637 655.0026 672.5012 724.5104 747.9197 711.0734 665.2383 645.7083 629.4395 633.5506 663.2178 667.5170 645.6627 623.6924 622.0000 636.4032 657.3334 659.0325 647.1169 626.7737 632.8394 655.4487 650.2758 629.5296 623.0407 624.0007 640.1332 648.5229 637.7136 634.0536 655.7382 671.8261 675.2103 666.2756 655.0331 675.1534 699.4070 671.1951 656.8922 692.0004 696.4553 677.8663 687.6188 684.2977 672.2375 660.4672 654.3699 685.3598 713.7717 704.4613 681.9957
579.0884 571.1429 571.3130 572.1935 572.2748 573.6319 571.2386 570.8824 570.9479 569.4246 579.0909 616.6870 623.5916 606.1416 626.1660 630.8232 605.6617 601.1158 611.0078 621.6202 628.3644 639.3052 647.7510 629.3344 639.0196 628.1746 636.8121 669.7726 702.9011 706.0675 694.7459 670.6710 660.8932 672.8045 696.8908 687.1609 643.6546 622.5505 618.0185 619.7245 608.2462 613.6263 606.7438 596.6442 617.4204 642.4799 617.8287 633.7603 671.3483 688.8281 685.6033 649.8383 611.4241 604.3965 623.0851 630.9447 631.3680 661.3735 697.7538 729.1327 684.8288 646.9048 657.4750 682.9141 684.1665 649.7437 662.5185 672.9495 635.7606 623.3922 641.8008 620.6106 612.1028 645.4503 666.8707 666.6026 659.6871 675.5074 667.2186 655.7410 696.7490 725.3428 703.9787 668.0311 644.4124 637.8124 630.8284 653.9678 648.2323 631.3911 622.7654 622.0033 628.3195 670.8248 691.5750 655.7318 635.1688 629.1788 647.8273 671.2340 663.4967 647.1918 629.9471 622.7339 625.0341 636.2200 639.5607 640.7312 666.2217 695.5120 700.4550 677.9561 665.6240 694.8903 686.7415 660.4969 684.2436 703.9963 696.8470 699.6130 686.9255 676.5117 659.3113 655.6556 680.3341 722.7821 740.9847 714.6984
621.0982 602.3787 602.9489 597.2950 574.0458 569.1428 568.1593 569.1655 568.4248 573.7433 604.4969 610.5174 613.6545 613.5490 624.2529 638.5179 615.8639 621.1147 609.5882 611.2821 622.3906 646.4091 671.1849 648.6055 646.8730 651.2927 640.0876 671.4711 682.7354 682.5853 702.0465 683.7047 671.3538 699.6049 699.9329 697.1750 667.6791 629.1854 614.2590 625.7354 618.9930 633.1710 615.8652 616.3489 617.5656 621.6441 614.5089 634.0913 652.0869 675.3459 651.7201 624.3967 606.4474 622.1918 653.5870 666.7402 644.3223 646.3946 688.2459 728.1451 693.8951 648.5997 628.4979 669.9744 693.4678 649.0421 627.2724 649.3158 640.6469 613.2703 616.7899 614.6312 611.2051 647.9240 662.7100 665.8874 691.6125 704.1818 678.3438 633.6263 656.0836 685.2303 700.7582 682.6965 670.6400 654.8417 625.1170 625.9566 628.9146 630.0541 624.6433 622.0275 623.6854 654.2056 696.4593 677.1364 649.2878 636.9587 643.3240 675.8429 677.6547 646.0657 635.4111 623.4529 625.7456 646.8474 665.9452 649.9059 655.3947 683.5186 703.0621 698.0908 678.1445 701.8558 694.5656 670.9279 687.7784 702.9188 702.2187 703.0198 678.1089 662.4070 661.4039 678.9547 678.3470 695.4109 730.9185 726.1071
631.6044 612.2698 624.6371 631.2252 588.8281 580.8838 571.8781 570.6622 573.0941 581.5360 602.7358 609.6671 608.5153 616.4617 639.1989 645.3279 632.2728 628.6848 617.0961 627.5003 635.6093 667.3017 692.6027 673.5681 653.9529 667.0000 652.5924 657.2521 658.6676 651.7746 691.7673 691.5952 660.7403 681.2260 664.4663 662.6635 661.0460 630.2306 624.4495 639.4915 636.9800 646.3149 640.4010 637.1209 641.6436 615.7861 602.7146 622.1181 636.0838 658.9918 634.0862 603.8333 607.3761 631.5063 651.2710 667.4600 678.7286 674.9350 691.2365 713.6508 680.0327 654.1523 620.5045 648.4088 686.1988 662.2509 629.7425 623.9114 629.0164 600.7078 616.7927 636.3307 628.4001 640.5653 640.4288 633.1103 659.1752 687.5557 667.2596 622.8940 640.7647 677.5506 707.2822 696.6051 653.0376 632.8611 626.4880 633.0502 657.8015 647.2196 626.2709 622.0645 622.2616 631.4998 669.6589 694.4789 682.7673 659.2608 653.1633 679.8768 669.2601 633.6356 623.0102 622.4801 633.3826 662.7026 687.1954 675.3320 648.8105 649.0804 687.2760 715.9543 705.5873 711.9924 714.0089 697.1074 709.5036 714.4989 686.0650 674.6245 667.4894 667.5295 667.4327 684.8885 699.2751 685.7021 703.3688 724.4961
652.8826 624.7195 626.7854 645.0831 601.6814 603.7011 625.3951 601.5212 594.6991 603.6282 585.3743 580.9169 597.8828 606.6987 625.9368 632.5340 640.0742 637.3049 646.5399 662.3864 669.7040 655.1522 680.6562 701.4240 684.4111 684.3523 691.0320 682.9664 671.8408 644.7703 655.5863 671.9504 642.8466 645.1990 640.0803 660.4030 680.0721 657.3169 655.4020 669.2012 663.9123 644.5674 637.2259 632.5042 614.8517 597.6926 588.9434 600.2593 620.2698 644.9749 646.5571 606.9127 610.8424 623.5884 655.9040 650.8120 648.4063 663.9594 670.9404 699.7565 700.2930 658.7859 618.9913 618.0792 660.8104 669.0654 637.4825 607.3177 603.4072 596.0389 622.2476 663.9376 672.8094 643.9879 608.6703 601.2385 612.8110 638.3890 645.1935 618.6465 640.6627 664.9796 663.4058 672.5050 655.7319 649.7323 652.3774 639.1112 667.4109 654.3725 628.1121 622.1362 622.1298 624.0055 645.2391 679.3227 693.3053 683.9020 676.9966 688.3961 658.2370 630.5355 623.1342 622.3014 626.5511 646.7522 673.6870 683.4054 666.9875 659.0149 696.4143 735.2111 748.0994 740.9431 734.2240 726.6220 717.1945 698.3491 679.0225 666.3336 683.4952 694.9747 695.0341 691.9253 715.2174 715.6874 719.1624 743.2393
666.3826 636.8615 632.0952 649.4277 610.8561 597.4953 643.5712 631.2619 600.8083 625.4879 609.2999 580.0874 582.9366 593.9243 599.1133 614.3380 629.7699 632.2546 647.3892 663.9247 682.5455 674.1942 683.5933 700.9971 682.3148 676.6354 712.9451 719.1342 685.6180 674.8784 651.5337 633.7156 621.0311 622.9737 643.0967 681.1059 707.9786 688.1605 678.6910 674.4622 675.4561 655.3730 627.6721 610.0959 584.5850 580.0148 580.1846 583.6667 605.4482 641.6426 634.0159 600.4235 619.6885 609.0438 621.9424 620.8683 621.5137 638.1697 676.8981 712.8534 693.8945 642.0467 625.6477 612.8587 619.8057 623.3695 610.5466 595.9689 612.8004 614.0382 644.9379 689.8681 672.8347 622.5811 593.8162 592.9897 591.3077 603.8095 639.7711 619.8008 606.8949 624.0664 651.4960 679.7006 680.7288 682.8766 655.6716 640.6851 644.5013 627.5151 622.3401 624.0616 630.0422 625.4057 622.8713 633.8929 667.7125 697.3509 707.4159 683.9294 654.9298 636.3047 627.8472 626.0380 626.9294 654.9886 655.9781 656.8532 687.3561 710.6129 708.9136 734.2495 754.1693 752.1418 717.7126 688.9598 697.4106 702.8914 699.0192 680.8810 701.5849 715.0767 716.7052 709.8223 727.5695 744.5149 726.0170 720.9996
677.5934 649.6529 632.1679 655.7896 626.0489 591.6915 622.5851 636.9065 615.7012 621.7250 611.5647 586.3062 581.8278 589.0323 599.4225 611.8968 628.9025 642.0048 650.9774 638.4518 652.5514 684.2000 705.2557 707.3926 684.1861 658.7301 684.7058 704.0483 675.2807 689.9709 677.3768 656.3067 627.6831 629.2435 664.7172 684.3602 696.5223 688.7966 691.2697 673.5807 663.4627 643.7045 616.2010 594.3624 581.8362 581.4103 579.3522 579.9829 590.7347 612.6064 604.1076 594.7834 604.5665 614.8768 615.8914 614.2581 616.9873 643.6174 691.3359 714.9371 686.5573 659.0638 631.0581 604.1568 588.8928 585.9700 584.5328 600.6143 649.5199 645.2353 648.3053 684.0358 668.9594 626.7010 594.6316 593.5900 587.0471 586.1215 607.2759 617.3028 625.9480 636.0454 673.0862 685.5256 658.4821 666.3087 640.5307 627.8857 633.1995 622.3145 622.0000 624.4293 640.9880 643.5961 630.4346 625.9921 641.8480 683.7144 716.1051 698.5952 664.5266 635.0424 630.9902 633.2031 625.6152 638.5006 644.6893 661.1142 701.3559 722.4057 718.8344 713.9545 708.3688 705.4984 685.4603 676.2584 696.3053 717.3124 716.1984 698.9260 722.9600 740.8784 737.9231 737.2927 728.0823 725.2695 715.5817 707.7629
672.6610 635.1306 633.1682 656.9218 613.3527 584.1575 587.3568 595.9648 606.8026 619.5872 603.6111 592.8698 589.8488 599.2563 632.4577 645.6838 645.6031 670.0377 682.2888 665.1993 648.4211 658.5452 693.5870 716.3004 705.1670 678.8527 667.0698 689.5029 652.9975 644.0317 648.6987 670.0815 653.4282 627.7324 663.5927 674.2946 664.8958 662.9899 678.7759 679.9261 660.0340 639.5934 618.0370 594.5626 580.5611 581.5201 580.4610 579.7690 581.2538 585.9314 600.9367 612.5351 623.4854 650.4298 657.5427 657.1942 639.9763 639.7128 667.6473 694.1353 709.1861 674.3693 614.1320 589.1124 594.4015 592.2318 583.1188 587.8002 618.6854 618.8973 625.9935 663.5914 675.5818 639.5228 596.7750 586.3537 589.0000 592.2585 585.8328 607.3906 648.9166 663.7742 675.6283 673.8237 649.2062 644.1415 646.8888 628.6129 624.3842 622.0531 622.0284 622.5443 632.5134 644.0323 652.1072 642.0796 633.1805 672.6907 717.1211 704.5162 660.4568 640.0272 644.9575 647.3949 626.4172 633.9506 666.8702 666.9194 686.7568 687.8619 672.7615 668.3184 674.3618 670.2180 667.7941 690.5711 712.8750 730.0118 741.3534 726.7827 738.2313 741.9541 715.0448 718.0561 705.0089 705.9730 699.4314 681.8931
661.0496 634.4967 656.4692 670.6654 622.7043 590.3091 600.1129 587.2087 583.3399 598.9020 610.2864 611.9053 598.0068 602.9279 644.4085 679.6219 654.1219 657.2554 695.2347 698.5441 683.5255 664.5301 675.0688 670.6699 684.9563 695.8825 652.4344 654.0421 640.2367 616.7740 643.1940 659.2873 654.3937 621.0062 635.9879 657.4621 653.6851 656.2444 679.6253 678.7073 657.9276 666.6806 635.7750 588.8069 580.3881 583.5952 591.1939 591.1489 581.2377 582.2814 587.2598 597.9250 636.1813 674.5529 676.5608 665.1070 671.3680 672.5674 658.3490 648.9417 683.2172 675.0479 613.3176 587.5958 600.0068 619.3477 600.1427 587.3856 589.2847 584.9210 590.0999 625.1363 660.0439 639.9124 597.8105 585.3903 606.5411 611.1184 586.2462 597.7440 632.3292 667.2710 680.7894 652.4083 635.1033 629.1736 646.4317 645.3328 624.9956 622.0000 622.1876 622.7693 623.9094 641.1664 677.2556 668.9409 633.0815 648.8300 693.7323 693.6938 657.4724 654.4423 667.2500 653.4278 638.0248 635.6357 658.1313 660.9769 670.6970 677.8678 667.8420 685.5699 688.4472 696.8647 698.4868 714.2137 711.6677 719.1111 744.2746 727.2584 711.0659 701.1196 685.5739 689.7757 691.1972 698.7849 697.4838 669.3178
660.3214 635.3790 656.9540 637.7316 609.5865 589.7938 608.0898 599.6480 592.9979 607.7173 634.1361 626.8782 614.0090 619.9257 634.9321 674.3802 681.4988 674.8028 689.1762 684.2436 699.6151 683.6257 658.5116 641.7944 648.9429 667.0120 641.5071 620.4250 625.1231 613.4239 620.4572 620.4352 628.7876 607.0854 611.0209 643.7172 667.7484 658.8867 668.8709 656.1613 649.1824 675.4304 627.4500 585.7855 580.4026 583.2007 597.7891 626.5609 606.7661 585.4669 580.8380 581.6870 598.1414 629.4713 629.4048 625.3381 642.4976 652.3416 649.7901 624.6734 663.8399 687.2790 641.2109 589.4960 591.5220 622.6861 636.8906 620.8219 619.6006 601.3115 584.5927 593.3107 620.7368 643.7564 611.2767 585.8082 609.9417 622.8187 592.8527 587.1080 604.9316 633.3327 647.5025 630.5430 623.0433 623.3409 639.1801 657.5439 628.9178 622.0000 624.1314 630.0069 622.8195 633.7049 663.4920 679.0363 657.7797 655.1472 693.8617 708.7562 684.9785 679.4483 686.1581 672.4720 653.5845 631.2436 630.1024 643.9491 670.8161 691.2441 677.6071 697.0558 704.4916 715.2368 721.6704 723.5182 695.3807 699.0881 721.0244 707.6664 684.7205 670.0055 668.1830 673.2809 673.5543 683.3942 677.8089 659.7213
672.4895 639.0896 635.4919 603.3950 589.7360 589.5547 611.5750 619.1815 620.5229 614.9776 635.9510 645.3864 656.2517 647.3895 624.4722 637.9517 673.3359 697.0560 681.0230 647.8815 668.7343 701.8122 675.6010 634.0818 626.0842 626.6808 624.0773 628.1036 618.8911 615.1228 607.8544 603.1125 611.2789 604.8710 606.8234 644.2673 664.5289 637.6727 622.6336 625.8085 655.6943 682.6206 627.2069 589.9714 580.0156 581.6002 586.7281 604.9552 619.1400 616.4952 595.8698 582.4404 580.6989 593.5668 592.0938 584.8411 592.2759 610.7335 632.2006 633.9772 691.1315 710.5613 660.3105 602.6882 585.1834 598.1024 629.9017 656.2321 659.8032 623.8635 589.8276 583.7477 593.4696 612.3912 602.7180 584.6644 600.2700 629.7362 613.6251 592.5817 587.8293 602.8736 621.9213 622.1015 622.0000 622.0551 626.5999 638.1873 625.9489 622.0000 628.5997 634.7537 622.4700 627.4086 644.7266 671.3694 684.9098 670.7833 700.4956 731.1738 703.8608 678.4680 667.3713 653.4757 649.3538 646.4511 644.4200 642.1649 677.2995 701.5371 690.0464 692.3967 693.8686 691.0970 674.2116 686.9187 680.7432 698.7624 705.1545 676.8657 664.3279 658.8873 677.4453 667.2372 657.3568 661.0021 669.4715 661.7654
664.3761 652.3708 635.3990 613.3945 594.9811 601.5527 630.7277 641.4329 638.6305 623.9246 644.8473 660.8002 677.1066 667.6957 645.2155 623.8079 629.7413 648.7336 643.4127 638.8741 655.2706 689.9706 695.0753 664.9120 649.8622 639.4091 638.2121 661.9921 652.0607 645.2917 625.5078 614.6416 628.4182 611.9496 601.4666 636.6743 658.5748 628.7491 611.2307 627.3945 662.1984 687.6543 669.8469 632.4207 599.9133 589.5225 581.5751 581.2671 589.8359 627.7861 637.5669 613.6113 602.5785 600.3680 600.4426 589.0696 585.9873 592.2756 606.7701 635.2851 691.0508 711.0294 681.3499 628.7974 591.3501 584.7123 595.5379 631.6660 665.7355 645.1124 613.2888 591.2626 592.4297 590.2672 588.9780 592.7057 614.0842 640.3837 641.3849 611.0749 591.6088 598.6389 608.7440 619.6978 627.0127 622.6315 622.2589 623.6927 622.4028 622.1439 639.2138 641.9722 626.5000 626.9594 650.4420 668.4281 687.2488 687.8693 690.1102 710.1968 685.4055 653.6061 654.8319 663.3455 669.4465 664.9404 654.0243 637.0720 664.9365 688.1930 669.1887 652.3400 648.7982 651.9949 652.5443 658.2479 669.1550 692.6032 687.0513 657.5875 666.4555 667.1616 659.8535 655.9827 665.3383 675.3000 684.5687 669.3834
643.9868 668.2428 653.0908 617.5955 598.4612 614.3559 634.3177 654.0117 652.6379 629.4503 630.9457 667.2564 686.3284 685.6700 671.6901 652.0858 637.8331 630.6359 641.3157 655.0491 653.4628 655.3405 684.3868 683.0385 661.1096 666.1836 661.3565 659.4659 663.1393 660.7067 639.2331 637.5659 650.8311 639.3405 607.9407 640.3271 660.7465 631.5266 612.3224 632.3337 650.4520 690.9446 699.7311 668.5437 664.7200 647.0950 602.0039 582.8018 581.7064 606.4901 640.8269 652.0335 642.8612 632.4791 637.6818 624.6138 591.8828 586.0024 589.4160 618.0320 649.6199 679.7428 687.9973 640.1846 603.9680 589.8663 586.2914 611.2382 658.9866 675.4660 640.8786 604.3987 608.7910 620.0333 611.9128 608.3072 618.7343 631.9106 647.0229 623.6492 603.0046 595.4537 602.9938 620.1581 634.5156 623.1038 622.2382 622.1303 623.1096 629.5592 646.9658 667.8867 648.7695 633.9773 634.2770 639.2600 657.7399 674.1878 677.8920 699.2573 679.9564 667.1002 678.9528 701.9270 698.0718 685.1845 658.9291 639.6208 640.3356 645.8508 644.1487 660.5078 659.8805 659.3703 676.3594 659.4575 656.9066 662.1823 656.3667 653.4258 675.3309 683.2129 667.7374 665.9030 681.9858 696.0341 703.4526 691.5911
633.6098 663.5984 648.9998 618.8526 601.6785 603.6855 619.8329 649.1379 664.1111 659.8976 638.5154 642.6555 652.2677 662.0594 680.2616 684.4651 670.3686 663.2726 665.8973 655.1180 647.6128 641.1185 647.0604 668.9036 663.8030 656.6365 680.0398 666.3302 659.6596 674.2327 652.8771 645.1538 667.0063 634.3892 605.3339 635.3873 661.0906 634.6680 614.5634 631.3368 647.0677 686.9868 683.5166 645.3690 674.1190 683.9811 652.3033 605.7917 581.6740 583.6481 603.6478 639.9799 674.0448 682.8339 684.8832 652.0095 601.4404 584.7820 583.4772 591.7334 613.9307 651.6801 681.7179 655.0366 632.3532 602.6534 584.9585 594.8876 619.3401 657.7309 655.0565 612.2272 602.4672 643.7371 659.5646 650.5173 648.0618 637.2130 641.1072 626.3215 621.2989 610.7728 633.1016 637.8674 631.9501 622.8182 629.9498 637.4332 629.4181 643.3179 659.3283 679.2767 661.1447 647.1534 644.3798 633.5784 639.0757 656.8925 672.1987 696.8085 709.9294 704.2574 705.9502 725.3317 707.0823 679.3972 656.1203 639.9587 647.4593 654.9133 647.5945 667.8809 674.3052 657.6843 679.7926 671.6634 657.9177 656.9413 665.4546 663.1608 671.2508 690.5234 686.7321 674.6865 683.8160 691.8292 698.3042 687.6252
635.3428 652.1634 649.2196 622.1589 618.4583 605.9993 615.3182 635.4238 662.8250 680.2300 658.2559 631.6124 646.9052 658.8997 685.8197 691.5862 673.2734 687.7677 689.1460 660.8818 636.2490 646.3329 632.0507 649.1549 671.0796 650.7723 657.7894 661.9854 649.6901 665.1693 641.9506 617.4963 633.3648 616.7900 603.0544 634.6358 658.0255 641.2274 617.8755 622.0464 642.0817 679.3430 676.0941 645.1068 636.4164 641.6653 654.5178 643.5046 598.1062 580.4222 584.8159 613.1698 660.1876 682.0765 692.2148 644.3460 620.7416 604.3682 583.4833 582.8615 596.6749 631.3475 681.8508 688.7629 658.6748 624.6271 591.3232 587.3529 600.9800 630.5038 653.2790 619.6336 599.8201 623.8226 663.2289 674.2054 677.5299 665.7347 645.6578 633.6669 643.6877 619.8477 637.2426 654.3560 637.7736 634.6036 645.4038 662.0513 641.9883 629.3839 641.9633 667.3665 663.7389 658.9790 658.5066 663.5758 664.2132 682.7864 696.2394 706.2626 743.4111 727.6826 705.3359 695.5277 668.1317 657.8166 659.1116 646.9996 645.5182 664.3819 660.9189 663.6978 673.7409 659.9028 660.3281 677.9097 697.0792 691.6655 677.9409 666.3585 663.7863 662.1675 672.4782 683.1438 682.0372 681.7856 698.6285 690.2458
634.0963 647.9443 656.2242 645.6587 642.6849 627.3529 645.7297 627.4397 629.2568 658.2693 665.2856 641.2062 658.4774 679.9099 670.4381 688.5797 669.6551 656.4387 682.3278 681.2267 643.2394 633.9842 627.2139 647.5182 657.3277 671.0438 641.5833 634.2585 648.5383 647.1057 622.4193 606.4322 603.4424 596.0206 591.9486 614.9648 646.6000 645.9337 610.1279 622.8151 656.9982 670.5780 641.8059 613.8165 592.2015 585.8243 600.1552 625.7286 627.3328 588.6779 580.3550 587.9974 608.1405 641.6684 681.9118 662.6727 644.1462 618.2862 601.0743 586.3229 580.8860 595.2816 644.7767 671.7904 644.9855 621.6210 595.4245 585.8023 589.7913 624.7885 658.1417 649.1104 613.1294 605.8070 629.3571 651.0386 677.4789 680.5858 648.0417 635.2323 648.5563 632.2921 641.9697 672.6783 673.0334 660.3367 662.8480 677.3998 661.1053 635.1975 640.9854 667.0614 673.0742 669.1148 679.5104 696.4062 721.8223 737.2872 736.1823 719.3337 727.7252 697.6671 674.9867 658.3090 661.3858 684.2090 676.4897 649.3810 638.6552 648.8871 669.1445 681.2756 695.9014 678.5386 664.9174 669.5455 686.8303 700.1270 682.8593 666.4152 675.8849 661.9967 660.4537 675.5328 686.6209 690.7237 706.2924 699.3371
643.4730 647.2964 663.0709 679.5801 657.3370 638.7825 659.1349 648.1172 644.1893 657.2943 669.3370 664.4034 671.5153 680.2092 665.1889 671.6160 680.9541 656.8264 666.7500 687.3354 664.1946 620.5873 625.1760 627.6163 652.8549 675.8574 645.9435 629.7869 656.4836 644.4308 619.1993 618.5248 619.5661 608.0028 591.3188 608.8644 631.8257 641.0989 612.2571 621.0714 658.4677 643.9089 599.0446 584.7222 588.1256 578.1046 581.1402 598.4189 636.5721 621.1584 586.9713 580.4271 585.3665 613.4529 644.7422 678.2608 670.8754 645.8911 637.5445 606.5920 587.8452 586.8074 592.0560 609.0942 611.9029 604.7562 594.3796 587.4204 586.8312 616.3288 646.4885 650.3812 617.5137 602.5972 622.0474 645.7275 685.3503 682.0485 661.5274 648.8168 660.1365 657.8212 640.8497 663.4327 687.3345 669.2424 670.0315 689.2326 660.1425 638.2838 644.5701 652.4217 675.6956 702.4575 724.4426 730.2758 745.0170 759.9672 758.4703 737.3229 728.2048 702.5467 683.7206 670.5016 676.3557 676.2139 653.4696 642.7394 645.9079 645.4781 667.2092 691.6914 699.7639 682.8992 681.8839 677.4248 675.4154 698.2916 689.0208 677.3150 683.9023 675.5311 666.3805 686.0992 699.8604 711.0202 722.3986 708.8862
657.3049 661.9905 676.3253 692.3184 668.1354 655.5771 662.5790 676.6058 674.0577 674.3214 677.4559 666.1369 694.4633 712.6408 688.1981 653.0512 673.5002 673.3506 649.5059 674.5433 672.9214 626.4090 624.1692 623.6818 650.8042 666.0880 645.8688 626.9301 635.0783 633.8248 614.2814 603.7361 606.3578 608.1276 594.8898 603.6492 618.0579 632.8470 626.8408 603.6942 631.3651 623.0889 581.6745 586.2568 611.7781 586.2650 578.4261 586.3063 612.9094 641.5430 624.4828 589.5623 580.6002 591.4127 621.6948 673.7928 686.9044 675.1409 651.2682 610.3967 595.0328 600.5179 584.5139 585.3669 606.8195 633.0698 613.2993 587.2518 584.0126 600.3065 625.1815 646.3124 632.7610 611.1714 614.3938 643.1668 672.9995 695.5047 689.4913 664.1927 655.4650 666.3933 652.7939 654.4500 684.1106 677.9517 667.7794 681.6186 662.8568 657.6417 659.9019 668.6800 689.4756 712.0456 717.8255 701.5281 704.2896 731.2053 765.2575 751.9957 733.0653 692.2209 666.1125 659.4352 658.1005 649.9127 647.2120 657.6186 671.0774 649.4767 651.7035 662.5222 676.6243 680.5876 690.5176 686.7014 677.0031 693.7045 701.3038 690.1550 686.4093 678.9612 670.0474 677.4158 689.6440 699.6353 714.2224 706.4922
657.6559 655.9254 682.7015 690.9930 649.2792 642.7449 668.5241 687.8013 682.4130 706.6515 713.4313 673.6739 675.2596 702.4216 690.8449 658.8239 640.4909 661.1922 652.3922 644.4561 645.4069 617.4402 607.0433 621.4339 651.9307 662.8702 659.7077 632.9445 610.1721 604.8521 599.1846 592.9437 596.6191 596.8773 596.1271 611.0767 614.0752 614.1409 625.6276 598.7674 613.1448 600.7002 577.4312 584.8793 622.8586 607.5212 580.7325 579.6774 590.1145 620.2932 638.1584 609.5923 579.8816 584.9561 612.1398 660.2097 666.9000 646.7617 634.9158 613.8076 597.8849 609.5594 594.6260 583.6295 607.9278 642.4490 623.5104 588.8496 590.8605 616.5280 617.3700 635.4196 656.9643 648.1901 627.7468 635.9410 647.6154 664.1008 675.8640 675.5269 671.2435 671.2352 676.1082 658.7441 681.8401 686.5888 673.9638 690.2391 696.3190 686.2321 668.3919 665.6984 676.1130 680.6050 680.5982 695.5476 719.1158 738.1793 749.2321 712.7582 686.8669 662.6014 655.3831 664.3425 657.3939 656.9075 666.3641 664.6474 673.9839 656.7793 642.4876 642.3445 649.6816 663.0047 679.4796 696.7556 698.2635 703.1758 708.1808 698.8840 697.9322 683.1045 689.6534 678.3138 677.2008 698.5554 728.3397 720.8353
679.0612 647.5775 648.6538 657.7995 639.8347 660.2679 693.7849 696.3391 683.0368 701.5732 715.3936 678.5920 637.8092 650.2950 680.1633 687.7531 654.0497 627.6680 634.7932 622.3207 620.6830 602.2758 594.0088 606.6409 626.3922 649.5449 659.4697 646.0222 631.5327 625.8291 619.5202 605.1611 594.5094 586.2285 586.1804 600.9725 599.9613 592.4326 613.6456 602.9280 619.6569 596.1032 578.0845 582.4106 614.9733 627.6697 589.9005 579.6301 581.6672 607.6808 650.8032 640.7615 589.8449 581.0892 590.3754 617.2231 644.0460 635.2191 625.9950 608.5495 604.7557 627.1316 608.6063 584.5594 598.1541 639.2511 630.7417 589.9432 591.1235 629.9393 645.9888 636.4578 657.2912 659.3049 636.2642 641.9715 646.5540 642.8328 653.6833 672.7037 688.8511 683.3873 687.2372 676.7576 692.3742 702.6631 679.6277 691.0940 711.5871 695.4338 676.9546 668.3546 688.7321 700.8699 686.9746 697.7547 731.4822 737.5426 708.9518 676.4750 659.7305 658.8237 679.7106 691.1171 668.1701 659.1484 670.6311 668.8465 674.7476 669.0446 649.9296 643.6633 660.7847 679.4224 689.9949 694.6819 692.9667 704.3675 716.8440 716.3068 697.8583 691.3793 709.6716 687.6694 673.6384 687.8730 708.1912 720.8503
678.8336 658.4968 626.8629 630.4326 655.8634 687.1239 703.8193 681.9271 687.6085 665.4734 683.9386 681.1305 635.8445 616.6917 640.6461 671.5905 649.2876 612.9770 603.9844 605.2051 617.8125 619.3620 598.4827 591.1929 602.5133 625.9981 649.5870 660.1419 653.5089 652.6292 642.1273 627.6601 614.4423 592.1498 579.3315 579.6202 577.2870 580.0420 591.4150 605.4288 637.4998 614.5099 579.2666 582.6151 600.2106 626.1346 607.3292 583.0352 579.3441 590.8063 617.9703 635.5535 597.9068 580.8645 590.1439 603.2519 620.3144 645.2327 646.5042 618.9443 622.6397 639.4690 607.9487 587.0508 586.4680 613.5366 621.5607 587.9380 587.9387 606.0996 636.6429 644.5980 658.1221 671.1987 647.2498 656.5723 662.0649 648.0409 646.7632 675.7291 695.9268 691.8202 688.3526 689.1234 701.3917 706.6423 689.4449 688.2415 713.4345 711.3797 684.1263 678.1069 692.3814 723.1423 718.4180 708.1988 718.4478 707.1414 675.8352 662.6421 668.0259 669.5864 689.0206 676.9327 657.4454 671.4984 682.8978 672.2814 683.3788 663.6818 647.0872 655.6185 679.5978 694.8396 678.9282 675.1295 695.6641 703.9770 723.0455 723.3760 702.7046 705.8069 708.5757 689.4257 691.3630 682.5462 684.6456 710.8315
669.1262 668.8516 641.4889 634.0375 677.7759 700.7983 700.6426 666.7750 664.5883 646.0465 656.5218 675.9135 643.0031 609.4264 613.6967 644.1072 646.0793 629.8463 608.7096 595.3834 619.8033 636.6310 604.2919 584.9562 593.3470 613.3494 644.6563 653.9622 627.9062 633.1102 630.7085 606.3480 590.6312 580.3121 581.2185 587.8875 583.2448 578.8482 582.8771 594.5759 620.5739 627.7645 588.0544 581.2626 587.7827 612.2523 622.2926 594.3381 582.3954 580.7750 587.0791 595.6083 584.3446 582.2225 602.6717 625.3499 644.6566 676.9382 653.2687 622.8852 624.7356 636.3687 616.4569 604.3154 593.3706 591.9367 605.0017 584.5504 591.4415 594.6712 614.9586 651.0596 662.9205 676.1207 662.2106 667.2769 681.6960 663.2241 651.5685 654.9584 662.2170 665.7158 667.9094 668.1865 677.7017 694.6862 707.3882 703.6976 719.8765 712.5980 696.7697 702.7885 690.2417 708.2870 722.7375 728.5779 728.1794 706.9567 672.5563 676.7437 684.7512 678.5639 685.7751 668.9618 662.3536 680.1916 699.9689 697.9467 680.7883 664.8035 660.4734 648.6617 656.9143 660.2351 650.1072 661.6800 678.6910 688.5166 705.8134 732.1589 744.1398 735.1537 711.0229 704.9904 713.7010 693.2441 682.7687 693.6022
680.9258 664.5065 648.5125 628.9646 663.4169 672.6385 675.2671 669.2546 651.3972 630.7925 638.2321 667.3547 650.2673 618.0713 599.4171 617.1753 647.6130 657.0648 626.3174 594.2186 609.5461 634.8871 616.2832 588.2300 589.3884 612.1588 646.7454 643.9556 603.4296 594.1320 592.5206 580.4908 577.7721 578.1396 584.2224 600.2893 608.8932 589.2610 581.4989 583.9786 595.6455 624.5543 606.0454 579.3977 581.2327 590.2139 607.7964 606.6705 597.4161 581.0563 584.1063 590.5203 584.5661 583.0511 600.5185 617.0448 643.7309 672.3575 662.7683 638.1627 636.7481 661.6226 644.1584 619.7869 605.7809 584.3086 586.0258 585.5699 610.8240 610.4969 611.5081 636.5516 648.3322 679.7793 687.2457 682.7499 693.5524 674.8347 663.5719 655.9056 665.4763 676.7177 683.9108 681.3634 678.3239 685.7369 714.2759 742.9634 749.6992 725.2328 712.6612 722.1588 702.7991 692.3470 712.7839 729.1288 716.2181 693.2131 681.8911 699.6723 705.7720 699.3133 689.6013 669.9256 666.6376 688.8341 718.8965 718.8195 677.6017 681.5762 686.6088 661.6685 656.4244 661.5171 657.3939 653.5325 657.1152 664.2722 690.0657 717.4235 746.1122 757.6650 741.5316 727.2030 715.3137 705.9223 707.4926 691.3688
665.8351 664.7447 626.7272 620.1506 661.1881 662.7083 637.7641 651.7009 669.2477 640.1290 624.0975 652.8703 662.0361 634.3078 609.0573 610.6967 656.3232 654.2723 633.4139 598.5235 597.1486 624.2828 630.4782 605.4368 586.7860 612.1903 627.1235 604.2772 584.2882 578.6840 577.9081 577.2213 577.4806 581.0030 580.8177 591.2733 617.1229 623.8112 600.6607 581.0120 578.8102 595.3858 601.2857 580.8923 580.3258 592.7252 608.6606 612.0670 609.6430 593.6418 593.1389 597.1698 588.8004 596.8570 599.7154 604.1063 632.9484 665.5587 686.3383 661.8994 640.6754 663.9202 652.3622 643.4311 632.1826 598.3079 596.8152 608.7214 637.2941 636.3386 626.2550 627.7021 630.3840 654.5568 681.8128 679.5709 679.5461 687.2232 677.2547 671.9946 670.1046 687.1730 706.6256 712.3847 710.6639 707.5836 717.4410 755.2716 743.0645 705.8675 701.8490 712.4160 715.2853 703.5905 717.7160 728.8987 709.4908 699.0093 680.1843 691.4405 707.5953 723.1267 713.2759 684.2751 666.5610 686.7405 724.3419 730.5324 697.7708 696.4742 692.7482 660.0749 662.9008 681.6302 685.8314 681.0323 672.9220 667.8751 689.2171 712.9895 740.2864 772.3822 770.0804 738.2388 716.0922 729.1764 730.1378 708.9279
631.0972 654.0303 628.3574 605.4383 635.5551 655.4539 627.6024 633.7076 664.5380 646.2932 619.2451 632.9023 666.3245 665.7486 633.4133 608.4356 624.2274 632.4227 637.5718 609.2161 585.5259 598.1537 612.0429 605.9533 581.8652 582.3810 582.6805 578.0519 576.7079 577.3524 576.8633 579.2739 588.6785 603.8506 593.5142 589.2218 612.4642 622.7866 604.0324 589.2486 588.1737 582.7116 581.2052 580.2133 593.2950 612.3834 632.1953 643.7667 627.2668 606.5539 608.4564 601.5266 594.5245 624.2227 638.4066 623.7195 625.6733 654.1183 683.4098 681.2238 672.4927 688.0450 675.8496 660.0043 645.8297 625.7506 607.5731 614.3517 629.5697 648.2487 642.0794 629.7794 629.6076 641.4507 656.0602 657.7386 666.2692 682.7554 693.7833 697.3298 686.3041 687.0028 713.9313 705.8545 711.2542 727.2695 714.6948 711.0195 697.2056 680.4777 697.4026 715.7328 729.5833 723.1783 729.9413 735.1639 717.8013 706.4833 682.5927 688.5247 704.9376 733.5247 715.6562 682.3148 679.5894 699.7950 724.4918 728.4125 695.1663 674.5729 673.4070 666.1909 674.6888 692.9443 685.7652 671.7760 664.5101 659.9203 681.3795 720.1738 764.9604 805.2314 803.9391 767.3762 749.6121 748.7202 724.9186 714.5916
618.1661 648.5037 636.5795 606.3114 619.2441 654.4023 638.2231 624.5466 655.4285 666.8627 633.9960 620.3412 655.3432 675.1122 667.2376 636.9608 596.8747 607.3063 644.9700 621.2950 584.1066 579.4969 579.6426 581.6496 578.0641 576.0720 575.9230 575.7623 575.6998 576.7036 582.8036 607.7814 614.6214 631.2722 614.3936 592.5613 601.6993 606.6081 612.0045 619.9577 615.0687 597.9486 592.5102 582.2838 595.7913 614.9268 642.0873 666.0825 655.7961 644.8835 632.5798 600.8281 589.5013 605.7802 621.0768 635.9330 642.0627 642.6500 660.5973 681.1301 696.1743 704.6141 677.5818 643.9184 621.7200 613.7004 615.0911 636.9207 631.1529 652.9470 652.8136 634.0722 631.0822 645.6367 659.7703 662.3727 669.0518 690.7646 723.0223 738.5048 716.5372 687.4294 682.4264 668.6713 669.9850 682.5343 676.7001 667.3210 667.7437 679.7161 686.3168 695.2687 705.7649 703.5709 726.6778 728.3530 700.9165 691.1224 686.4573 712.4540 726.5804 735.3541 719.1198 694.3419 681.8052 705.1055 731.2393 728.1630 704.4159 697.0707 701.2743 698.1415 713.5235 713.0639 677.7262 664.5023 661.9510 658.5698 665.0408 694.1278 731.2549 786.5933 817.7061 795.4547 780.0373 758.6121 728.9352 723.0302
611.8571 644.7821 642.6659 608.0016 608.9010 643.3372 654.7188 634.9070 639.2283 667.1445 634.9228 603.6545 620.5312 652.9128 675.8677 646.4969 609.2232 593.8649 612.1562 596.4211 578.2974 575.3821 577.8339 582.8207 583.7131 581.5275 581.5403 580.2667 580.3010 584.3209 587.5245 605.8934 621.3124 625.0013 621.9813 608.9830 621.0364 619.1185 617.7927 642.6522 651.0082 630.2628 608.2271 598.0913 596.7672 605.1063 632.1136 673.7461 683.1580 655.9675 621.9146 600.2255 602.2972 599.9675 605.0726 609.1093 648.1218 656.5988 650.6586 655.5281 675.9662 692.2647 674.7331 644.0778 629.2354 633.9026 628.8547 649.8225 639.6281 659.1161 658.8138 644.4050 631.4831 643.3635 667.9248 682.2341 675.2459 689.7252 729.0806 733.7964 693.8006 660.6733 651.7996 657.1572 671.6992 665.1229 662.4584 668.9959 677.3702 675.7921 675.5757 689.4762 692.5382 690.8886 710.1514 729.7162 720.4496 710.8343 698.7635 710.0900 734.2050 745.8919 721.5278 691.1644 679.6985 699.7028 741.9913 748.5524 750.0688 749.5177 749.9829 746.0495 744.1553 714.9738 675.3547 678.9489 688.0369 675.9133 673.0067 673.4464 682.5851 718.2088 759.0069 786.8929 785.8912 758.5477 743.2977 747.1590
